1951,"Tue, Oct 31, 1950",/boxscores/index.cgi?month=10&day=31&year=1950,Box Score,/boxscores/195010310ROC.html,Washington Capitols,/teams/WSC/1951.html,70,Rochester Royals,/teams/ROC/1951.html,78,,
1951,"Wed, Nov 1, 1950",/boxscores/index.cgi?month=11&day=1&year=1950,Box Score,/boxscores/195011010BLB.html,Minneapolis Lakers,/teams/MNL/1951.html,71,Baltimore Bullets,/teams/BLB/1951.html,81,,
1951,"Wed, Nov 1, 1950",/boxscores/index.cgi?month=11&day=1&year=1950,Box Score,/boxscores/195011010FTW.html,Boston Celtics,/teams/BOS/1951.html,84,Fort Wayne Pistons,/teams/FTW/1951.html,107,,
1951,"Wed, Nov 1, 1950",/boxscores/index.cgi?month=11&day=1&year=1950,Box Score,/boxscores/195011010WSC.html,Indianapolis Olympians,/teams/INO/1951.html,84,Washington Capitols,/teams/WSC/1951.html,100,,
1951,"Thu, Nov 2, 1950",/boxscores/index.cgi?month=11&day=2&year=1950,Box Score,/boxscores/195011020SYR.html,Fort Wayne Pistons,/teams/FTW/1951.html,77,Syracuse Nationals,/teams/SYR/1951.html,92,,
1951,"Thu, Nov 2, 1950",/boxscores/index.cgi?month=11&day=2&year=1950,Box Score,/boxscores/195011020TRI.html,Boston Celtics,/teams/BOS/1951.html,65,Tri-Cities Blackhawks,/teams/TRI/1951.html,79,,
1951,"Sat, Nov 4, 1950",/boxscores/index.cgi?month=11&day=4&year=1950,Box Score,/boxscores/195011040BLB.html,Indianapolis Olympians,/teams/INO/1951.html,86,Baltimore Bullets,/teams/BLB/1951.html,102,,
1951,"Sat, Nov 4, 1950",/boxscores/index.cgi?month=11&day=4&year=1950,Box Score,/boxscores/195011040PHW.html,Boston Celtics,/teams/BOS/1951.html,68,Philadelphia Warriors,/teams/PHW/1951.html,77,,
1951,"Sat, Nov 4, 1950",/boxscores/index.cgi?month=11&day=4&year=1950,Box Score,/boxscores/195011040ROC.html,Fort Wayne Pistons,/teams/FTW/1951.html,71,Rochester Royals,/teams/ROC/1951.html,95,,
1951,"Sat, Nov 4, 1950",/boxscores/index.cgi?month=11&day=4&year=1950,Box Score,/boxscores/195011040TRI.html,New York Knicks,/teams/NYK/1951.html,76,Tri-Cities Blackhawks,/teams/TRI/1951.html,87,,
1951,"Sat, Nov 4, 1950",/boxscores/index.cgi?month=11&day=4&year=1950,Box Score,/boxscores/195011040WSC.html,Minneapolis Lakers,/teams/MNL/1951.html,91,Washington Capitols,/teams/WSC/1951.html,85,,
1951,"Sun, Nov 5, 1950",/boxscores/index.cgi?month=11&day=5&year=1950,Box Score,/boxscores/195011050FTW.html,Indianapolis Olympians,/teams/INO/1951.html,63,Fort Wayne Pistons,/teams/FTW/1951.html,68,,
1951,"Sun, Nov 5, 1950",/boxscores/index.cgi?month=11&day=5&year=1950,Box Score,/boxscores/195011050SYR.html,Minneapolis Lakers,/teams/MNL/1951.html,87,Syracuse Nationals,/teams/SYR/1951.html,90,,
1951,"Sun, Nov 5, 1950",/boxscores/index.cgi?month=11&day=5&year=1950,Box Score,/boxscores/195011050TRI.html,New York Knicks,/teams/NYK/1951.html,95,Tri-Cities Blackhawks,/teams/TRI/1951.html,98,OT,
1951,"Tue, Nov 7, 1950",/boxscores/index.cgi?month=11&day=7&year=1950,Box Score,/boxscores/195011070BLB.html,Boston Celtics,/teams/BOS/1951.html,83,Baltimore Bullets,/teams/BLB/1951.html,64,,"at Providence, RI"
1951,"Tue, Nov 7, 1950",/boxscores/index.cgi?month=11&day=7&year=1950,Box Score,/boxscores/195011070INO.html,New York Knicks,/teams/NYK/1951.html,73,Indianapolis Olympians,/teams/INO/1951.html,86,,
1951,"Wed, Nov 8, 1950",/boxscores/index.cgi?month=11&day=8&year=1950,Box Score,/boxscores/195011080FTW.html,Tri-Cities Blackhawks,/teams/TRI/1951.html,79,Fort Wayne Pistons,/teams/FTW/1951.html,87,,
1951,"Wed, Nov 8, 1950",/boxscores/index.cgi?month=11&day=8&year=1950,Box Score,/boxscores/195011080WSC.html,Baltimore Bullets,/teams/BLB/1951.html,81,Washington Capitols,/teams/WSC/1951.html,86,,
1951,"Thu, Nov 9, 1950",/boxscores/index.cgi?month=11&day=9&year=1950,Box Score,/boxscores/195011090BOS.html,Minneapolis Lakers,/teams/MNL/1951.html,71,Boston Celtics,/teams/BOS/1951.html,76,,
1951,"Thu, Nov 9, 1950",/boxscores/index.cgi?month=11&day=9&year=1950,Box Score,/boxscores/195011090NYK.html,Indianapolis Olympians,/teams/INO/1951.html,85,New York Knicks,/teams/NYK/1951.html,73,,
1951,"Thu, Nov 9, 1950",/boxscores/index.cgi?month=11&day=9&year=1950,Box Score,/boxscores/195011090PHW.html,Fort Wayne Pistons,/teams/FTW/1951.html,72,Philadelphia Warriors,/teams/PHW/1951.html,87,,
1951,"Thu, Nov 9, 1950",/boxscores/index.cgi?month=11&day=9&year=1950,Box Score,/boxscores/195011090SYR.html,Tri-Cities Blackhawks,/teams/TRI/1951.html,70,Syracuse Nationals,/teams/SYR/1951.html,89,,
1951,"Sat, Nov 11, 1950",/boxscores/index.cgi?month=11&day=11&year=1950,Box Score,/boxscores/195011110BLB.html,Fort Wayne Pistons,/teams/FTW/1951.html,77,Baltimore Bullets,/teams/BLB/1951.html,85,,
1951,"Sat, Nov 11, 1950",/boxscores/index.cgi?month=11&day=11&year=1950,Box Score,/boxscores/195011110NYK.html,Syracuse Nationals,/teams/SYR/1951.html,72,New York Knicks,/teams/NYK/1951.html,74,OT,
1951,"Sat, Nov 11, 1950",/boxscores/index.cgi?month=11&day=11&year=1950,Box Score,/boxscores/195011110ROC.html,Tri-Cities Blackhawks,/teams/TRI/1951.html,77,Rochester Royals,/teams/ROC/1951.html,86,,
1951,"Sat, Nov 11, 1950",/boxscores/index.cgi?month=11&day=11&year=1950,Box Score,/boxscores/195011110WSC.html,Boston Celtics,/teams/BOS/1951.html,78,Washington Capitols,/teams/WSC/1951.html,77,,
1951,"Sun, Nov 12, 1950",/boxscores/index.cgi?month=11&day=12&year=1950,Box Score,/boxscores/195011120BOS.html,Indianapolis Olympians,/teams/INO/1951.html,75,Boston Celtics,/teams/BOS/1951.html,78,,
1951,"Sun, Nov 12, 1950",/boxscores/index.cgi?month=11&day=12&year=1950,Box Score,/boxscores/195011120FTW.html,Washington Capitols,/teams/WSC/1951.html,73,Fort Wayne Pistons,/teams/FTW/1951.html,87,,
1951,"Sun, Nov 12, 1950",/boxscores/index.cgi?month=11&day=12&year=1950,Box Score,/boxscores/195011120MNL.html,Philadelphia Warriors,/teams/PHW/1951.html,70,Minneapolis Lakers,/teams/MNL/1951.html,83,,
1951,"Sun, Nov 12, 1950",/boxscores/index.cgi?month=11&day=12&year=1950,Box Score,/boxscores/195011120SYR.html,Baltimore Bullets,/teams/BLB/1951.html,57,Syracuse Nationals,/teams/SYR/1951.html,83,,
1951,"Sun, Nov 12, 1950",/boxscores/index.cgi?month=11&day=12&year=1950,Box Score,/boxscores/195011120TRI.html,Rochester Royals,/teams/ROC/1951.html,79,Tri-Cities Blackhawks,/teams/TRI/1951.html,82,OT,
1951,"Tue, Nov 14, 1950",/boxscores/index.cgi?month=11&day=14&year=1950,Box Score,/boxscores/195011140INO.html,Syracuse Nationals,/teams/SYR/1951.html,78,Indianapolis Olympians,/teams/INO/1951.html,108,,
1951,"Tue, Nov 14, 1950",/boxscores/index.cgi?month=11&day=14&year=1950,Box Score,/boxscores/195011140PHW.html,Baltimore Bullets,/teams/BLB/1951.html,72,Philadelphia Warriors,/teams/PHW/1951.html,84,,
1951,"Tue, Nov 14, 1950",/boxscores/index.cgi?month=11&day=14&year=1950,Box Score,/boxscores/195011140WSC.html,New York Knicks,/teams/NYK/1951.html,92,Washington Capitols,/teams/WSC/1951.html,87,,
1951,"Wed, Nov 15, 1950",/boxscores/index.cgi?month=11&day=15&year=1950,Box Score,/boxscores/195011150BLB.html,Philadelphia Warriors,/teams/PHW/1951.html,72,Baltimore Bullets,/teams/BLB/1951.html,80,,
1951,"Wed, Nov 15, 1950",/boxscores/index.cgi?month=11&day=15&year=1950,Box Score,/boxscores/195011150BOS.html,Washington Capitols,/teams/WSC/1951.html,74,Boston Celtics,/teams/BOS/1951.html,79,,"at Providence, RI"
1951,"Wed, Nov 15, 1950",/boxscores/index.cgi?month=11&day=15&year=1950,Box Score,/boxscores/195011150FTW.html,Rochester Royals,/teams/ROC/1951.html,85,Fort Wayne Pistons,/teams/FTW/1951.html,89,,
1951,"Wed, Nov 15, 1950",/boxscores/index.cgi?month=11&day=15&year=1950,Box Score,/boxscores/195011150MNL.html,Syracuse Nationals,/teams/SYR/1951.html,71,Minneapolis Lakers,/teams/MNL/1951.html,72,OT,
1951,"Thu, Nov 16, 1950",/boxscores/index.cgi?month=11&day=16&year=1950,Box Score,/boxscores/195011160BOS.html,Baltimore Bullets,/teams/BLB/1951.html,73,Boston Celtics,/teams/BOS/1951.html,82,,
1951,"Thu, Nov 16, 1950",/boxscores/index.cgi?month=11&day=16&year=1950,Box Score,/boxscores/195011160NYK.html,Minneapolis Lakers,/teams/MNL/1951.html,69,New York Knicks,/teams/NYK/1951.html,71,,
1951,"Thu, Nov 16, 1950",/boxscores/index.cgi?month=11&day=16&year=1950,Box Score,/boxscores/195011160PHW.html,Indianapolis Olympians,/teams/INO/1951.html,67,Philadelphia Warriors,/teams/PHW/1951.html,84,,
1951,"Thu, Nov 16, 1950",/boxscores/index.cgi?month=11&day=16&year=1950,Box Score,/boxscores/195011160TRI.html,Syracuse Nationals,/teams/SYR/1951.html,75,Tri-Cities Blackhawks,/teams/TRI/1951.html,79,,
1951,"Sat, Nov 18, 1950",/boxscores/index.cgi?month=11&day=18&year=1950,Box Score,/boxscores/195011180BLB.html,Boston Celtics,/teams/BOS/1951.html,80,Baltimore Bullets,/teams/BLB/1951.html,76,,
1951,"Sat, Nov 18, 1950",/boxscores/index.cgi?month=11&day=18&year=1950,Box Score,/boxscores/195011180INO.html,Tri-Cities Blackhawks,/teams/TRI/1951.html,67,Indianapolis Olympians,/teams/INO/1951.html,74,,
1951,"Sat, Nov 18, 1950",/boxscores/index.cgi?month=11&day=18&year=1950,Box Score,/boxscores/195011180NYK.html,Philadelphia Warriors,/teams/PHW/1951.html,87,New York Knicks,/teams/NYK/1951.html,93,,
1951,"Sat, Nov 18, 1950",/boxscores/index.cgi?month=11&day=18&year=1950,Box Score,/boxscores/195011180ROC.html,Minneapolis Lakers,/teams/MNL/1951.html,86,Rochester Royals,/teams/ROC/1951.html,77,2OT,
1951,"Sat, Nov 18, 1950",/boxscores/index.cgi?month=11&day=18&year=1950,Box Score,/boxscores/195011180WSC.html,Fort Wayne Pistons,/teams/FTW/1951.html,75,Washington Capitols,/teams/WSC/1951.html,118,,
1951,"Sun, Nov 19, 1950",/boxscores/index.cgi?month=11&day=19&year=1950,Box Score,/boxscores/195011190BOS.html,Washington Capitols,/teams/WSC/1951.html,81,Boston Celtics,/teams/BOS/1951.html,75,,
1951,"Sun, Nov 19, 1950",/boxscores/index.cgi?month=11&day=19&year=1950,Box Score,/boxscores/195011190FTW.html,Baltimore Bullets,/teams/BLB/1951.html,80,Fort Wayne Pistons,/teams/FTW/1951.html,84,,
1951,"Sun, Nov 19, 1950",/boxscores/index.cgi?month=11&day=19&year=1950,Box Score,/boxscores/195011190MNL.html,Rochester Royals,/teams/ROC/1951.html,77,Minneapolis Lakers,/teams/MNL/1951.html,90,,
1951,"Sun, Nov 19, 1950",/boxscores/index.cgi?month=11&day=19&year=1950,Box Score,/boxscores/195011190SYR.html,New York Knicks,/teams/NYK/1951.html,83,Syracuse Nationals,/teams/SYR/1951.html,96,,
1951,"Sun, Nov 19, 1950",/boxscores/index.cgi?month=11&day=19&year=1950,Box Score,/boxscores/195011190TRI.html,Indianapolis Olympians,/teams/INO/1951.html,81,Tri-Cities Blackhawks,/teams/TRI/1951.html,104,,
1951,"Tue, Nov 21, 1950",/boxscores/index.cgi?month=11&day=21&year=1950,Box Score,/boxscores/195011210BLB.html,Tri-Cities Blackhawks,/teams/TRI/1951.html,76,Baltimore Bullets,/teams/BLB/1951.html,65,,"at New York, NY"
1951,"Tue, Nov 21, 1950",/boxscores/index.cgi?month=11&day=21&year=1950,Box Score,/boxscores/195011210INO.html,Rochester Royals,/teams/ROC/1951.html,79,Indianapolis Olympians,/teams/INO/1951.html,91,,
1951,"Tue, Nov 21, 1950",/boxscores/index.cgi?month=11&day=21&year=1950,Box Score,/boxscores/195011210NYK.html,Boston Celtics,/teams/BOS/1951.html,89,New York Knicks,/teams/NYK/1951.html,83,,
1951,"Tue, Nov 21, 1950",/boxscores/index.cgi?month=11&day=21&year=1950,Box Score,/boxscores/195011210PHW.html,Washington Capitols,/teams/WSC/1951.html,78,Philadelphia Warriors,/teams/PHW/1951.html,83,,
1951,"Wed, Nov 22, 1950",/boxscores/index.cgi?month=11&day=22&year=1950,Box Score,/boxscores/195011220BLB.html,New York Knicks,/teams/NYK/1951.html,87,Baltimore Bullets,/teams/BLB/1951.html,73,,
1951,"Wed, Nov 22, 1950",/boxscores/index.cgi?month=11&day=22&year=1950,Box Score,/boxscores/195011220MNL.html,Fort Wayne Pistons,/teams/FTW/1951.html,19,Minneapolis Lakers,/teams/MNL/1951.html,18,,
1951,"Wed, Nov 22, 1950",/boxscores/index.cgi?month=11&day=22&year=1950,Box Score,/boxscores/195011220WSC.html,Tri-Cities Blackhawks,/teams/TRI/1951.html,60,Washington Capitols,/teams/WSC/1951.html,65,,
1951,"Thu, Nov 23, 1950",/boxscores/index.cgi?month=11&day=23&year=1950,Box Score,/boxscores/195011230BOS.html,Tri-Cities Blackhawks,/teams/TRI/1951.html,78,Boston Celtics,/teams/BOS/1951.html,94,,
1951,"Thu, Nov 23, 1950",/boxscores/index.cgi?month=11&day=23&year=1950,Box Score,/boxscores/195011230FTW.html,Minneapolis Lakers,/teams/MNL/1951.html,63,Fort Wayne Pistons,/teams/FTW/1951.html,73,,
1951,"Thu, Nov 23, 1950",/boxscores/index.cgi?month=11&day=23&year=1950,Box Score,/boxscores/195011230NYK.html,Washington Capitols,/teams/WSC/1951.html,78,New York Knicks,/teams/NYK/1951.html,109,,
1951,"Thu, Nov 23, 1950",/boxscores/index.cgi?month=11&day=23&year=1950,Box Score,/boxscores/195011230PHW.html,Rochester Royals,/teams/ROC/1951.html,71,Philadelphia Warriors,/teams/PHW/1951.html,89,,
1951,"Thu, Nov 23, 1950",/boxscores/index.cgi?month=11&day=23&year=1950,Box Score,/boxscores/195011230SYR.html,Indianapolis Olympians,/teams/INO/1951.html,92,Syracuse Nationals,/teams/SYR/1951.html,85,,
1951,"Sat, Nov 25, 1950",/boxscores/index.cgi?month=11&day=25&year=1950,Box Score,/boxscores/195011250INO.html,Baltimore Bullets,/teams/BLB/1951.html,81,Indianapolis Olympians,/teams/INO/1951.html,92,,
1951,"Sat, Nov 25, 1950",/boxscores/index.cgi?month=11&day=25&year=1950,Box Score,/boxscores/195011250ROC.html,Boston Celtics,/teams/BOS/1951.html,82,Rochester Royals,/teams/ROC/1951.html,90,,
1951,"Sat, Nov 25, 1950",/boxscores/index.cgi?month=11&day=25&year=1950,Box Score,/boxscores/195011250TRI.html,Fort Wayne Pistons,/teams/FTW/1951.html,71,Tri-Cities Blackhawks,/teams/TRI/1951.html,85,,
1951,"Sat, Nov 25, 1950",/boxscores/index.cgi?month=11&day=25&year=1950,Box Score,/boxscores/195011250WSC.html,Syracuse Nationals,/teams/SYR/1951.html,77,Washington Capitols,/teams/WSC/1951.html,67,,
1951,"Sun, Nov 26, 1950",/boxscores/index.cgi?month=11&day=26&year=1950,Box Score,/boxscores/195011260BOS.html,New York Knicks,/teams/NYK/1951.html,90,Boston Celtics,/teams/BOS/1951.html,93,2OT,
1951,"Sun, Nov 26, 1950",/boxscores/index.cgi?month=11&day=26&year=1950,Box Score,/boxscores/195011260FTW.html,Indianapolis Olympians,/teams/INO/1951.html,70,Fort Wayne Pistons,/teams/FTW/1951.html,79,,
1951,"Sun, Nov 26, 1950",/boxscores/index.cgi?month=11&day=26&year=1950,Box Score,/boxscores/195011260MNL.html,Baltimore Bullets,/teams/BLB/1951.html,71,Minneapolis Lakers,/teams/MNL/1951.html,85,,
1951,"Sun, Nov 26, 1950",/boxscores/index.cgi?month=11&day=26&year=1950,Box Score,/boxscores/195011260SYR.html,Washington Capitols,/teams/WSC/1951.html,76,Syracuse Nationals,/teams/SYR/1951.html,90,,
1951,"Tue, Nov 28, 1950",/boxscores/index.cgi?month=11&day=28&year=1950,Box Score,/boxscores/195011280BOS.html,Philadelphia Warriors,/teams/PHW/1951.html,76,Boston Celtics,/teams/BOS/1951.html,74,,"at New York, NY"
1951,"Tue, Nov 28, 1950",/boxscores/index.cgi?month=11&day=28&year=1950,Box Score,/boxscores/195011280INO.html,Fort Wayne Pistons,/teams/FTW/1951.html,66,Indianapolis Olympians,/teams/INO/1951.html,90,,
1951,"Tue, Nov 28, 1950",/boxscores/index.cgi?month=11&day=28&year=1950,Box Score,/boxscores/195011280NYK.html,Syracuse Nationals,/teams/SYR/1951.html,84,New York Knicks,/teams/NYK/1951.html,108,,
1951,"Tue, Nov 28, 1950",/boxscores/index.cgi?month=11&day=28&year=1950,Box Score,/boxscores/195011280ROC.html,Washington Capitols,/teams/WSC/1951.html,71,Rochester Royals,/teams/ROC/1951.html,87,,
1951,"Tue, Nov 28, 1950",/boxscores/index.cgi?month=11&day=28&year=1950,Box Score,/boxscores/195011280TRI.html,Baltimore Bullets,/teams/BLB/1951.html,73,Tri-Cities Blackhawks,/teams/TRI/1951.html,65,,
1951,"Wed, Nov 29, 1950",/boxscores/index.cgi?month=11&day=29&year=1950,Box Score,/boxscores/195011290MNL.html,Tri-Cities Blackhawks,/teams/TRI/1951.html,66,Minneapolis Lakers,/teams/MNL/1951.html,85,,
1951,"Wed, Nov 29, 1950",/boxscores/index.cgi?month=11&day=29&year=1950,Box Score,/boxscores/195011290WSC.html,Rochester Royals,/teams/ROC/1951.html,72,Washington Capitols,/teams/WSC/1951.html,71,,
1951,"Thu, Nov 30, 1950",/boxscores/index.cgi?month=11&day=30&year=1950,Box Score,/boxscores/195011300BOS.html,Washington Capitols,/teams/WSC/1951.html,85,Boston Celtics,/teams/BOS/1951.html,81,,
1951,"Thu, Nov 30, 1950",/boxscores/index.cgi?month=11&day=30&year=1950,Box Score,/boxscores/195011300NYK.html,Rochester Royals,/teams/ROC/1951.html,74,New York Knicks,/teams/NYK/1951.html,79,,
1951,"Thu, Nov 30, 1950",/boxscores/index.cgi?month=11&day=30&year=1950,Box Score,/boxscores/195011300PHW.html,Syracuse Nationals,/teams/SYR/1951.html,78,Philadelphia Warriors,/teams/PHW/1951.html,81,,
1951,"Fri, Dec 1, 1950",/boxscores/index.cgi?month=12&day=1&year=1950,Box Score,/boxscores/195012010INO.html,Minneapolis Lakers,/teams/MNL/1951.html,65,Indianapolis Olympians,/teams/INO/1951.html,66,,
1951,"Sat, Dec 2, 1950",/boxscores/index.cgi?month=12&day=2&year=1950,Box Score,/boxscores/195012020BLB.html,Syracuse Nationals,/teams/SYR/1951.html,99,Baltimore Bullets,/teams/BLB/1951.html,96,OT,
1951,"Sat, Dec 2, 1950",/boxscores/index.cgi?month=12&day=2&year=1950,Box Score,/boxscores/195012020ROC.html,Indianapolis Olympians,/teams/INO/1951.html,72,Rochester Royals,/teams/ROC/1951.html,94,,
1951,"Sat, Dec 2, 1950",/boxscores/index.cgi?month=12&day=2&year=1950,Box Score,/boxscores/195012020WSC.html,Boston Celtics,/teams/BOS/1951.html,83,Washington Capitols,/teams/WSC/1951.html,75,,
1951,"Sun, Dec 3, 1950",/boxscores/index.cgi?month=12&day=3&year=1950,Box Score,/boxscores/195012030BOS.html,Baltimore Bullets,/teams/BLB/1951.html,85,Boston Celtics,/teams/BOS/1951.html,97,,
1951,"Sun, Dec 3, 1950",/boxscores/index.cgi?month=12&day=3&year=1950,Box Score,/boxscores/195012030FTW.html,Rochester Royals,/teams/ROC/1951.html,79,Fort Wayne Pistons,/teams/FTW/1951.html,80,,
1951,"Sun, Dec 3, 1950",/boxscores/index.cgi?month=12&day=3&year=1950,Box Score,/boxscores/195012030MNL.html,Philadelphia Warriors,/teams/PHW/1951.html,83,Minneapolis Lakers,/teams/MNL/1951.html,95,,
1951,"Sun, Dec 3, 1950",/boxscores/index.cgi?month=12&day=3&year=1950,Box Score,/boxscores/195012030SYR.html,Indianapolis Olympians,/teams/INO/1951.html,81,Syracuse Nationals,/teams/SYR/1951.html,84,,
1951,"Sun, Dec 3, 1950",/boxscores/index.cgi?month=12&day=3&year=1950,Box Score,/boxscores/195012030TRI.html,New York Knicks,/teams/NYK/1951.html,100,Tri-Cities Blackhawks,/teams/TRI/1951.html,92,,
1951,"Tue, Dec 5, 1950",/boxscores/index.cgi?month=12&day=5&year=1950,Box Score,/boxscores/195012050INO.html,New York Knicks,/teams/NYK/1951.html,89,Indianapolis Olympians,/teams/INO/1951.html,95,,
1951,"Wed, Dec 6, 1950",/boxscores/index.cgi?month=12&day=6&year=1950,Box Score,/boxscores/195012060BLB.html,Rochester Royals,/teams/ROC/1951.html,74,Baltimore Bullets,/teams/BLB/1951.html,70,,
1951,"Wed, Dec 6, 1950",/boxscores/index.cgi?month=12&day=6&year=1950,Box Score,/boxscores/195012060FTW.html,Philadelphia Warriors,/teams/PHW/1951.html,73,Fort Wayne Pistons,/teams/FTW/1951.html,92,,
1951,"Wed, Dec 6, 1950",/boxscores/index.cgi?month=12&day=6&year=1950,Box Score,/boxscores/195012060MNL.html,New York Knicks,/teams/NYK/1951.html,62,Minneapolis Lakers,/teams/MNL/1951.html,84,,
1951,"Wed, Dec 6, 1950",/boxscores/index.cgi?month=12&day=6&year=1950,Box Score,/boxscores/195012060WSC.html,Indianapolis Olympians,/teams/INO/1951.html,101,Washington Capitols,/teams/WSC/1951.html,79,,
1951,"Thu, Dec 7, 1950",/boxscores/index.cgi?month=12&day=7&year=1950,Box Score,/boxscores/195012070PHW.html,Indianapolis Olympians,/teams/INO/1951.html,73,Philadelphia Warriors,/teams/PHW/1951.html,102,,
1951,"Thu, Dec 7, 1950",/boxscores/index.cgi?month=12&day=7&year=1950,Box Score,/boxscores/195012070SYR.html,Rochester Royals,/teams/ROC/1951.html,76,Syracuse Nationals,/teams/SYR/1951.html,69,,
1951,"Thu, Dec 7, 1950",/boxscores/index.cgi?month=12&day=7&year=1950,Box Score,/boxscores/195012070TRI.html,Fort Wayne Pistons,/teams/FTW/1951.html,77,Tri-Cities Blackhawks,/teams/TRI/1951.html,76,,
1951,"Sat, Dec 9, 1950",/boxscores/index.cgi?month=12&day=9&year=1950,Box Score,/boxscores/195012090BLB.html,Philadelphia Warriors,/teams/PHW/1951.html,75,Baltimore Bullets,/teams/BLB/1951.html,76,,
1951,"Sat, Dec 9, 1950",/boxscores/index.cgi?month=12&day=9&year=1950,Box Score,/boxscores/195012090BOS.html,Syracuse Nationals,/teams/SYR/1951.html,86,Boston Celtics,/teams/BOS/1951.html,85,,
1951,"Sat, Dec 9, 1950",/boxscores/index.cgi?month=12&day=9&year=1950,Box Score,/boxscores/195012090TRI.html,Minneapolis Lakers,/teams/MNL/1951.html,88,Tri-Cities Blackhawks,/teams/TRI/1951.html,79,,
1951,"Sat, Dec 9, 1950",/boxscores/index.cgi?month=12&day=9&year=1950,Box Score,/boxscores/195012090WSC.html,New York Knicks,/teams/NYK/1951.html,84,Washington Capitols,/teams/WSC/1951.html,91,,
1951,"Sun, Dec 10, 1950",/boxscores/index.cgi?month=12&day=10&year=1950,Box Score,/boxscores/195012100FTW.html,Washington Capitols,/teams/WSC/1951.html,81,Fort Wayne Pistons,/teams/FTW/1951.html,97,,
1951,"Sun, Dec 10, 1950",/boxscores/index.cgi?month=12&day=10&year=1950,Box Score,/boxscores/195012100MNL.html,Tri-Cities Blackhawks,/teams/TRI/1951.html,101,Minneapolis Lakers,/teams/MNL/1951.html,114,,
1951,"Sun, Dec 10, 1950",/boxscores/index.cgi?month=12&day=10&year=1950,Box Score,/boxscores/195012100NYK.html,Indianapolis Olympians,/teams/INO/1951.html,84,New York Knicks,/teams/NYK/1951.html,106,,
1951,"Sun, Dec 10, 1950",/boxscores/index.cgi?month=12&day=10&year=1950,Box Score,/boxscores/195012100ROC.html,Philadelphia Warriors,/teams/PHW/1951.html,84,Rochester Royals,/teams/ROC/1951.html,99,,
1951,"Sun, Dec 10, 1950",/boxscores/index.cgi?month=12&day=10&year=1950,Box Score,/boxscores/195012100SYR.html,Baltimore Bullets,/teams/BLB/1951.html,86,Syracuse Nationals,/teams/SYR/1951.html,76,,
1951,"Tue, Dec 12, 1950",/boxscores/index.cgi?month=12&day=12&year=1950,Box Score,/boxscores/195012120BOS.html,Fort Wayne Pistons,/teams/FTW/1951.html,81,Boston Celtics,/teams/BOS/1951.html,87,,
1951,"Tue, Dec 12, 1950",/boxscores/index.cgi?month=12&day=12&year=1950,Box Score,/boxscores/195012120INO.html,Tri-Cities Blackhawks,/teams/TRI/1951.html,74,Indianapolis Olympians,/teams/INO/1951.html,75,,
1951,"Tue, Dec 12, 1950",/boxscores/index.cgi?month=12&day=12&year=1950,Box Score,/boxscores/195012120PHW.html,New York Knicks,/teams/NYK/1951.html,91,Philadelphia Warriors,/teams/PHW/1951.html,101,,
1951,"Tue, Dec 12, 1950",/boxscores/index.cgi?month=12&day=12&year=1950,Box Score,/boxscores/195012120ROC.html,Baltimore Bullets,/teams/BLB/1951.html,87,Rochester Royals,/teams/ROC/1951.html,102,,
1951,"Wed, Dec 13, 1950",/boxscores/index.cgi?month=12&day=13&year=1950,Box Score,/boxscores/195012130BLB.html,Tri-Cities Blackhawks,/teams/TRI/1951.html,55,Baltimore Bullets,/teams/BLB/1951.html,83,,
1951,"Wed, Dec 13, 1950",/boxscores/index.cgi?month=12&day=13&year=1950,Box Score,/boxscores/195012130MNL.html,Rochester Royals,/teams/ROC/1951.html,82,Minneapolis Lakers,/teams/MNL/1951.html,72,,
1951,"Wed, Dec 13, 1950",/boxscores/index.cgi?month=12&day=13&year=1950,Box Score,/boxscores/195012130WSC.html,Boston Celtics,/teams/BOS/1951.html,79,Washington Capitols,/teams/WSC/1951.html,110,,
1951,"Thu, Dec 14, 1950",/boxscores/index.cgi?month=12&day=14&year=1950,Box Score,/boxscores/195012140PHW.html,Fort Wayne Pistons,/teams/FTW/1951.html,82,Philadelphia Warriors,/teams/PHW/1951.html,94,,
1951,"Thu, Dec 14, 1950",/boxscores/index.cgi?month=12&day=14&year=1950,Box Score,/boxscores/195012140SYR.html,Tri-Cities Blackhawks,/teams/TRI/1951.html,78,Syracuse Nationals,/teams/SYR/1951.html,69,,
1951,"Fri, Dec 15, 1950",/boxscores/index.cgi?month=12&day=15&year=1950,Box Score,/boxscores/195012150INO.html,Minneapolis Lakers,/teams/MNL/1951.html,82,Indianapolis Olympians,/teams/INO/1951.html,71,,
1951,"Sat, Dec 16, 1950",/boxscores/index.cgi?month=12&day=16&year=1950,Box Score,/boxscores/195012160BLB.html,Boston Celtics,/teams/BOS/1951.html,88,Baltimore Bullets,/teams/BLB/1951.html,119,,
1951,"Sat, Dec 16, 1950",/boxscores/index.cgi?month=12&day=16&year=1950,Box Score,/boxscores/195012160NYK.html,Fort Wayne Pistons,/teams/FTW/1951.html,77,New York Knicks,/teams/NYK/1951.html,86,,
1951,"Sat, Dec 16, 1950",/boxscores/index.cgi?month=12&day=16&year=1950,Box Score,/boxscores/195012160ROC.html,Syracuse Nationals,/teams/SYR/1951.html,79,Rochester Royals,/teams/ROC/1951.html,75,OT,
1951,"Sat, Dec 16, 1950",/boxscores/index.cgi?month=12&day=16&year=1950,Box Score,/boxscores/195012160TRI.html,Minneapolis Lakers,/teams/MNL/1951.html,86,Tri-Cities Blackhawks,/teams/TRI/1951.html,71,,
1951,"Sat, Dec 16, 1950",/boxscores/index.cgi?month=12&day=16&year=1950,Box Score,/boxscores/195012160WSC.html,Philadelphia Warriors,/teams/PHW/1951.html,96,Washington Capitols,/teams/WSC/1951.html,88,,
1951,"Sun, Dec 17, 1950",/boxscores/index.cgi?month=12&day=17&year=1950,Box Score,/boxscores/195012170BOS.html,Rochester Royals,/teams/ROC/1951.html,75,Boston Celtics,/teams/BOS/1951.html,88,,
1951,"Sun, Dec 17, 1950",/boxscores/index.cgi?month=12&day=17&year=1950,Box Score,/boxscores/195012170FTW.html,Tri-Cities Blackhawks,/teams/TRI/1951.html,103,Fort Wayne Pistons,/teams/FTW/1951.html,99,,
1951,"Sun, Dec 17, 1950",/boxscores/index.cgi?month=12&day=17&year=1950,Box Score,/boxscores/195012170MNL.html,Indianapolis Olympians,/teams/INO/1951.html,60,Minneapolis Lakers,/teams/MNL/1951.html,79,,
1951,"Sun, Dec 17, 1950",/boxscores/index.cgi?month=12&day=17&year=1950,Box Score,/boxscores/195012170SYR.html,New York Knicks,/teams/NYK/1951.html,86,Syracuse Nationals,/teams/SYR/1951.html,95,,
1951,"Tue, Dec 19, 1950",/boxscores/index.cgi?month=12&day=19&year=1950,Box Score,/boxscores/195012190BOS.html,New York Knicks,/teams/NYK/1951.html,86,Boston Celtics,/teams/BOS/1951.html,80,,"at Providence, RI"
1951,"Tue, Dec 19, 1950",/boxscores/index.cgi?month=12&day=19&year=1950,Box Score,/boxscores/195012190INO.html,Fort Wayne Pistons,/teams/FTW/1951.html,93,Indianapolis Olympians,/teams/INO/1951.html,92,,
1951,"Tue, Dec 19, 1950",/boxscores/index.cgi?month=12&day=19&year=1950,Box Score,/boxscores/195012190PHW.html,Minneapolis Lakers,/teams/MNL/1951.html,67,Philadelphia Warriors,/teams/PHW/1951.html,71,,
1951,"Wed, Dec 20, 1950",/boxscores/index.cgi?month=12&day=20&year=1950,Box Score,/boxscores/195012200BLB.html,Minneapolis Lakers,/teams/MNL/1951.html,84,Baltimore Bullets,/teams/BLB/1951.html,91,,
1951,"Wed, Dec 20, 1950",/boxscores/index.cgi?month=12&day=20&year=1950,Box Score,/boxscores/195012200TRI.html,Syracuse Nationals,/teams/SYR/1951.html,83,Tri-Cities Blackhawks,/teams/TRI/1951.html,86,,
1951,"Wed, Dec 20, 1950",/boxscores/index.cgi?month=12&day=20&year=1950,Box Score,/boxscores/195012200WSC.html,Rochester Royals,/teams/ROC/1951.html,94,Washington Capitols,/teams/WSC/1951.html,76,,
1951,"Thu, Dec 21, 1950",/boxscores/index.cgi?month=12&day=21&year=1950,Box Score,/boxscores/195012210FTW.html,Syracuse Nationals,/teams/SYR/1951.html,72,Fort Wayne Pistons,/teams/FTW/1951.html,97,,
1951,"Sat, Dec 23, 1950",/boxscores/index.cgi?month=12&day=23&year=1950,Box Score,/boxscores/195012230BOS.html,Minneapolis Lakers,/teams/MNL/1951.html,81,Boston Celtics,/teams/BOS/1951.html,87,,
1951,"Sat, Dec 23, 1950",/boxscores/index.cgi?month=12&day=23&year=1950,Box Score,/boxscores/195012230NYK.html,Philadelphia Warriors,/teams/PHW/1951.html,79,New York Knicks,/teams/NYK/1951.html,83,2OT,
1951,"Sat, Dec 23, 1950",/boxscores/index.cgi?month=12&day=23&year=1950,Box Score,/boxscores/195012230ROC.html,Fort Wayne Pistons,/teams/FTW/1951.html,65,Rochester Royals,/teams/ROC/1951.html,77,,
1951,"Sat, Dec 23, 1950",/boxscores/index.cgi?month=12&day=23&year=1950,Box Score,/boxscores/195012230WSC.html,Indianapolis Olympians,/teams/INO/1951.html,87,Washington Capitols,/teams/WSC/1951.html,79,OT,
1951,"Mon, Dec 25, 1950",/boxscores/index.cgi?month=12&day=25&year=1950,Box Score,/boxscores/195012250MNL.html,Washington Capitols,/teams/WSC/1951.html,79,Minneapolis Lakers,/teams/MNL/1951.html,93,,
1951,"Mon, Dec 25, 1950",/boxscores/index.cgi?month=12&day=25&year=1950,Box Score,/boxscores/195012250PHW.html,New York Knicks,/teams/NYK/1951.html,86,Philadelphia Warriors,/teams/PHW/1951.html,84,OT,
1951,"Mon, Dec 25, 1950",/boxscores/index.cgi?month=12&day=25&year=1950,Box Score,/boxscores/195012250ROC.html,Boston Celtics,/teams/BOS/1951.html,77,Rochester Royals,/teams/ROC/1951.html,90,,
1951,"Mon, Dec 25, 1950",/boxscores/index.cgi?month=12&day=25&year=1950,Box Score,/boxscores/195012250SYR.html,Fort Wayne Pistons,/teams/FTW/1951.html,69,Syracuse Nationals,/teams/SYR/1951.html,81,,
1951,"Mon, Dec 25, 1950",/boxscores/index.cgi?month=12&day=25&year=1950,Box Score,/boxscores/195012250TRI.html,Baltimore Bullets,/teams/BLB/1951.html,72,Tri-Cities Blackhawks,/teams/TRI/1951.html,87,,
1951,"Tue, Dec 26, 1950",/boxscores/index.cgi?month=12&day=26&year=1950,Box Score,/boxscores/195012260BOS.html,Syracuse Nationals,/teams/SYR/1951.html,100,Boston Celtics,/teams/BOS/1951.html,102,,
1951,"Tue, Dec 26, 1950",/boxscores/index.cgi?month=12&day=26&year=1950,Box Score,/boxscores/195012260INO.html,Washington Capitols,/teams/WSC/1951.html,88,Indianapolis Olympians,/teams/INO/1951.html,81,,
1951,"Wed, Dec 27, 1950",/boxscores/index.cgi?month=12&day=27&year=1950,Box Score,/boxscores/195012270FTW.html,Rochester Royals,/teams/ROC/1951.html,74,Fort Wayne Pistons,/teams/FTW/1951.html,68,,
1951,"Wed, Dec 27, 1950",/boxscores/index.cgi?month=12&day=27&year=1950,Box Score,/boxscores/195012270MNL.html,Baltimore Bullets,/teams/BLB/1951.html,63,Minneapolis Lakers,/teams/MNL/1951.html,81,,
1951,"Wed, Dec 27, 1950",/boxscores/index.cgi?month=12&day=27&year=1950,Box Score,/boxscores/195012270NYK.html,Philadelphia Warriors,/teams/PHW/1951.html,74,New York Knicks,/teams/NYK/1951.html,79,,"at Hershey, PA"
1951,"Thu, Dec 28, 1950",/boxscores/index.cgi?month=12&day=28&year=1950,Box Score,/boxscores/195012280PHW.html,Syracuse Nationals,/teams/SYR/1951.html,88,Philadelphia Warriors,/teams/PHW/1951.html,91,OT,
1951,"Thu, Dec 28, 1950",/boxscores/index.cgi?month=12&day=28&year=1950,Box Score,/boxscores/195012280ROC.html,Minneapolis Lakers,/teams/MNL/1951.html,67,Rochester Royals,/teams/ROC/1951.html,75,,
1951,"Thu, Dec 28, 1950",/boxscores/index.cgi?month=12&day=28&year=1950,Box Score,/boxscores/195012280TRI.html,Washington Capitols,/teams/WSC/1951.html,80,Tri-Cities Blackhawks,/teams/TRI/1951.html,97,,
1951,"Fri, Dec 29, 1950",/boxscores/index.cgi?month=12&day=29&year=1950,Box Score,/boxscores/195012290INO.html,Tri-Cities Blackhawks,/teams/TRI/1951.html,81,Indianapolis Olympians,/teams/INO/1951.html,112,,
1951,"Sat, Dec 30, 1950",/boxscores/index.cgi?month=12&day=30&year=1950,Box Score,/boxscores/195012300BLB.html,Syracuse Nationals,/teams/SYR/1951.html,90,Baltimore Bullets,/teams/BLB/1951.html,80,OT,
1951,"Sat, Dec 30, 1950",/boxscores/index.cgi?month=12&day=30&year=1950,Box Score,/boxscores/195012300NYK.html,Boston Celtics,/teams/BOS/1951.html,60,New York Knicks,/teams/NYK/1951.html,77,,
1951,"Sat, Dec 30, 1950",/boxscores/index.cgi?month=12&day=30&year=1950,Box Score,/boxscores/195012300ROC.html,Washington Capitols,/teams/WSC/1951.html,77,Rochester Royals,/teams/ROC/1951.html,91,,
1951,"Sun, Dec 31, 1950",/boxscores/index.cgi?month=12&day=31&year=1950,Box Score,/boxscores/195012310BOS.html,New York Knicks,/teams/NYK/1951.html,90,Boston Celtics,/teams/BOS/1951.html,100,,
1951,"Sun, Dec 31, 1950",/boxscores/index.cgi?month=12&day=31&year=1950,Box Score,/boxscores/195012310MNL.html,Philadelphia Warriors,/teams/PHW/1951.html,73,Minneapolis Lakers,/teams/MNL/1951.html,83,,
1951,"Sun, Dec 31, 1950",/boxscores/index.cgi?month=12&day=31&year=1950,Box Score,/boxscores/195012310TRI.html,Fort Wayne Pistons,/teams/FTW/1951.html,100,Tri-Cities Blackhawks,/teams/TRI/1951.html,110,,
1951,"Mon, Jan 1, 1951",/boxscores/index.cgi?month=1&day=1&year=1951,Box Score,/boxscores/195101010BLB.html,Washington Capitols,/teams/WSC/1951.html,71,Baltimore Bullets,/teams/BLB/1951.html,83,,
1951,"Mon, Jan 1, 1951",/boxscores/index.cgi?month=1&day=1&year=1951,Box Score,/boxscores/195101010FTW.html,Minneapolis Lakers,/teams/MNL/1951.html,70,Fort Wayne Pistons,/teams/FTW/1951.html,83,,
1951,"Mon, Jan 1, 1951",/boxscores/index.cgi?month=1&day=1&year=1951,Box Score,/boxscores/195101010ROC.html,New York Knicks,/teams/NYK/1951.html,88,Rochester Royals,/teams/ROC/1951.html,91,OT,
1951,"Mon, Jan 1, 1951",/boxscores/index.cgi?month=1&day=1&year=1951,Box Score,/boxscores/195101010SYR.html,Boston Celtics,/teams/BOS/1951.html,89,Syracuse Nationals,/teams/SYR/1951.html,106,,
1951,"Mon, Jan 1, 1951",/boxscores/index.cgi?month=1&day=1&year=1951,Box Score,/boxscores/195101010TRI.html,Philadelphia Warriors,/teams/PHW/1951.html,92,Tri-Cities Blackhawks,/teams/TRI/1951.html,109,,
1951,"Tue, Jan 2, 1951",/boxscores/index.cgi?month=1&day=2&year=1951,Box Score,/boxscores/195101020INO.html,Philadelphia Warriors,/teams/PHW/1951.html,87,Indianapolis Olympians,/teams/INO/1951.html,86,OT,
1951,"Wed, Jan 3, 1951",/boxscores/index.cgi?month=1&day=3&year=1951,Box Score,/boxscores/195101030MNL.html,Fort Wayne Pistons,/teams/FTW/1951.html,64,Minneapolis Lakers,/teams/MNL/1951.html,86,,
1951,"Wed, Jan 3, 1951",/boxscores/index.cgi?month=1&day=3&year=1951,Box Score,/boxscores/195101030TRI.html,Boston Celtics,/teams/BOS/1951.html,84,Tri-Cities Blackhawks,/teams/TRI/1951.html,82,,
1951,"Wed, Jan 3, 1951",/boxscores/index.cgi?month=1&day=3&year=1951,Box Score,/boxscores/195101030WSC.html,Baltimore Bullets,/teams/BLB/1951.html,82,Washington Capitols,/teams/WSC/1951.html,92,,
1951,"Thu, Jan 4, 1951",/boxscores/index.cgi?month=1&day=4&year=1951,Box Score,/boxscores/195101040FTW.html,Indianapolis Olympians,/teams/INO/1951.html,94,Fort Wayne Pistons,/teams/FTW/1951.html,83,,
1951,"Thu, Jan 4, 1951",/boxscores/index.cgi?month=1&day=4&year=1951,Box Score,/boxscores/195101040PHW.html,Baltimore Bullets,/teams/BLB/1951.html,69,Philadelphia Warriors,/teams/PHW/1951.html,92,,
1951,"Thu, Jan 4, 1951",/boxscores/index.cgi?month=1&day=4&year=1951,Box Score,/boxscores/195101040SYR.html,Minneapolis Lakers,/teams/MNL/1951.html,80,Syracuse Nationals,/teams/SYR/1951.html,77,,
1951,"Fri, Jan 5, 1951",/boxscores/index.cgi?month=1&day=5&year=1951,Box Score,/boxscores/195101050MNL.html,Boston Celtics,/teams/BOS/1951.html,54,Minneapolis Lakers,/teams/MNL/1951.html,69,,
1951,"Sat, Jan 6, 1951",/boxscores/index.cgi?month=1&day=6&year=1951,Box Score,/boxscores/195101060BLB.html,Philadelphia Warriors,/teams/PHW/1951.html,57,Baltimore Bullets,/teams/BLB/1951.html,64,,
1951,"Sat, Jan 6, 1951",/boxscores/index.cgi?month=1&day=6&year=1951,Box Score,/boxscores/195101060NYK.html,Syracuse Nationals,/teams/SYR/1951.html,87,New York Knicks,/teams/NYK/1951.html,85,OT,
1951,"Sat, Jan 6, 1951",/boxscores/index.cgi?month=1&day=6&year=1951,Box Score,/boxscores/195101060ROC.html,Indianapolis Olympians,/teams/INO/1951.html,75,Rochester Royals,/teams/ROC/1951.html,73,6OT,
1951,"Sat, Jan 6, 1951",/boxscores/index.cgi?month=1&day=6&year=1951,Box Score,/boxscores/195101060WSC.html,Fort Wayne Pistons,/teams/FTW/1951.html,91,Washington Capitols,/teams/WSC/1951.html,76,,
1951,"Sun, Jan 7, 1951",/boxscores/index.cgi?month=1&day=7&year=1951,Box Score,/boxscores/195101070BOS.html,Washington Capitols,/teams/WSC/1951.html,86,Boston Celtics,/teams/BOS/1951.html,91,OT,
1951,"Sun, Jan 7, 1951",/boxscores/index.cgi?month=1&day=7&year=1951,Box Score,/boxscores/195101070FTW.html,New York Knicks,/teams/NYK/1951.html,79,Fort Wayne Pistons,/teams/FTW/1951.html,76,,
1951,"Sun, Jan 7, 1951",/boxscores/index.cgi?month=1&day=7&year=1951,Box Score,/boxscores/195101070MNL.html,Rochester Royals,/teams/ROC/1951.html,57,Minneapolis Lakers,/teams/MNL/1951.html,69,,
1951,"Sun, Jan 7, 1951",/boxscores/index.cgi?month=1&day=7&year=1951,Box Score,/boxscores/195101070SYR.html,Baltimore Bullets,/teams/BLB/1951.html,65,Syracuse Nationals,/teams/SYR/1951.html,73,,
1951,"Sun, Jan 7, 1951",/boxscores/index.cgi?month=1&day=7&year=1951,Box Score,/boxscores/195101070TRI.html,Indianapolis Olympians,/teams/INO/1951.html,79,Tri-Cities Blackhawks,/teams/TRI/1951.html,83,,
1951,"Mon, Jan 8, 1951",/boxscores/index.cgi?month=1&day=8&year=1951,Box Score,/boxscores/195101080FTW.html,New York Knicks,/teams/NYK/1951.html,75,Fort Wayne Pistons,/teams/FTW/1951.html,70,OT,"at Chicago, IL"
1951,"Tue, Jan 9, 1951",/boxscores/index.cgi?month=1&day=9&year=1951,Box Score,/boxscores/195101090INO.html,Rochester Royals,/teams/ROC/1951.html,77,Indianapolis Olympians,/teams/INO/1951.html,59,,
1951,"Tue, Jan 9, 1951",/boxscores/index.cgi?month=1&day=9&year=1951,Box Score,/boxscores/195101090PHW.html,Washington Capitols,/teams/WSC/1951.html,74,Philadelphia Warriors,/teams/PHW/1951.html,102,,
1951,"Wed, Jan 10, 1951",/boxscores/index.cgi?month=1&day=10&year=1951,Box Score,/boxscores/195101100BLB.html,Rochester Royals,/teams/ROC/1951.html,80,Baltimore Bullets,/teams/BLB/1951.html,78,OT,
1951,"Wed, Jan 10, 1951",/boxscores/index.cgi?month=1&day=10&year=1951,Box Score,/boxscores/195101100MNL.html,New York Knicks,/teams/NYK/1951.html,65,Minneapolis Lakers,/teams/MNL/1951.html,70,,
1951,"Wed, Jan 10, 1951",/boxscores/index.cgi?month=1&day=10&year=1951,Box Score,/boxscores/195101100TRI.html,Syracuse Nationals,/teams/SYR/1951.html,97,Tri-Cities Blackhawks,/teams/TRI/1951.html,96,,
1951,"Thu, Jan 11, 1951",/boxscores/index.cgi?month=1&day=11&year=1951,Box Score,/boxscores/195101110FTW.html,Syracuse Nationals,/teams/SYR/1951.html,76,Fort Wayne Pistons,/teams/FTW/1951.html,84,,
1951,"Thu, Jan 11, 1951",/boxscores/index.cgi?month=1&day=11&year=1951,Box Score,/boxscores/195101110PHW.html,Rochester Royals,/teams/ROC/1951.html,79,Philadelphia Warriors,/teams/PHW/1951.html,82,,
1951,"Thu, Jan 11, 1951",/boxscores/index.cgi?month=1&day=11&year=1951,Box Score,/boxscores/195101110TRI.html,Minneapolis Lakers,/teams/MNL/1951.html,113,Tri-Cities Blackhawks,/teams/TRI/1951.html,109,,
1951,"Fri, Jan 12, 1951",/boxscores/index.cgi?month=1&day=12&year=1951,Box Score,/boxscores/195101120INO.html,Fort Wayne Pistons,/teams/FTW/1951.html,89,Indianapolis Olympians,/teams/INO/1951.html,81,,
1951,"Sat, Jan 13, 1951",/boxscores/index.cgi?month=1&day=13&year=1951,Box Score,/boxscores/195101130NYK.html,Baltimore Bullets,/teams/BLB/1951.html,79,New York Knicks,/teams/NYK/1951.html,92,,
1951,"Sat, Jan 13, 1951",/boxscores/index.cgi?month=1&day=13&year=1951,Box Score,/boxscores/195101130PHW.html,Boston Celtics,/teams/BOS/1951.html,97,Philadelphia Warriors,/teams/PHW/1951.html,87,,
1951,"Sat, Jan 13, 1951",/boxscores/index.cgi?month=1&day=13&year=1951,Box Score,/boxscores/195101130ROC.html,Fort Wayne Pistons,/teams/FTW/1951.html,78,Rochester Royals,/teams/ROC/1951.html,99,,
1951,"Sun, Jan 14, 1951",/boxscores/index.cgi?month=1&day=14&year=1951,Box Score,/boxscores/195101140BLB.html,New York Knicks,/teams/NYK/1951.html,91,Baltimore Bullets,/teams/BLB/1951.html,93,2OT,
1951,"Sun, Jan 14, 1951",/boxscores/index.cgi?month=1&day=14&year=1951,Box Score,/boxscores/195101140BOS.html,Philadelphia Warriors,/teams/PHW/1951.html,73,Boston Celtics,/teams/BOS/1951.html,98,,
1951,"Sun, Jan 14, 1951",/boxscores/index.cgi?month=1&day=14&year=1951,Box Score,/boxscores/195101140FTW.html,Tri-Cities Blackhawks,/teams/TRI/1951.html,85,Fort Wayne Pistons,/teams/FTW/1951.html,94,,
1951,"Sun, Jan 14, 1951",/boxscores/index.cgi?month=1&day=14&year=1951,Box Score,/boxscores/195101140MNL.html,Indianapolis Olympians,/teams/INO/1951.html,84,Minneapolis Lakers,/teams/MNL/1951.html,86,OT,
1951,"Sun, Jan 14, 1951",/boxscores/index.cgi?month=1&day=14&year=1951,Box Score,/boxscores/195101140SYR.html,Rochester Royals,/teams/ROC/1951.html,63,Syracuse Nationals,/teams/SYR/1951.html,92,,
1951,"Tue, Jan 16, 1951",/boxscores/index.cgi?month=1&day=16&year=1951,Box Score,/boxscores/195101160INO.html,Minneapolis Lakers,/teams/MNL/1951.html,68,Indianapolis Olympians,/teams/INO/1951.html,82,,
1951,"Tue, Jan 16, 1951",/boxscores/index.cgi?month=1&day=16&year=1951,Box Score,/boxscores/195101160ROC.html,Tri-Cities Blackhawks,/teams/TRI/1951.html,89,Rochester Royals,/teams/ROC/1951.html,97,,
1951,"Wed, Jan 17, 1951",/boxscores/index.cgi?month=1&day=17&year=1951,Box Score,/boxscores/195101170BLB.html,Tri-Cities Blackhawks,/teams/TRI/1951.html,70,Baltimore Bullets,/teams/BLB/1951.html,81,,
1951,"Thu, Jan 18, 1951",/boxscores/index.cgi?month=1&day=18&year=1951,Box Score,/boxscores/195101180BOS.html,Tri-Cities Blackhawks,/teams/TRI/1951.html,85,Boston Celtics,/teams/BOS/1951.html,105,,
1951,"Thu, Jan 18, 1951",/boxscores/index.cgi?month=1&day=18&year=1951,Box Score,/boxscores/195101180NYK.html,Minneapolis Lakers,/teams/MNL/1951.html,78,New York Knicks,/teams/NYK/1951.html,95,,
1951,"Thu, Jan 18, 1951",/boxscores/index.cgi?month=1&day=18&year=1951,Box Score,/boxscores/195101180PHW.html,Indianapolis Olympians,/teams/INO/1951.html,80,Philadelphia Warriors,/teams/PHW/1951.html,114,,
1951,"Thu, Jan 18, 1951",/boxscores/index.cgi?month=1&day=18&year=1951,Box Score,/boxscores/195101180SYR.html,Rochester Royals,/teams/ROC/1951.html,96,Syracuse Nationals,/teams/SYR/1951.html,87,,
1951,"Sat, Jan 20, 1951",/boxscores/index.cgi?month=1&day=20&year=1951,Box Score,/boxscores/195101200BLB.html,Indianapolis Olympians,/teams/INO/1951.html,63,Baltimore Bullets,/teams/BLB/1951.html,102,,
1951,"Sat, Jan 20, 1951",/boxscores/index.cgi?month=1&day=20&year=1951,Box Score,/boxscores/195101200FTW.html,Minneapolis Lakers,/teams/MNL/1951.html,89,Fort Wayne Pistons,/teams/FTW/1951.html,70,,"at Milwaukee, WI"
1951,"Sat, Jan 20, 1951",/boxscores/index.cgi?month=1&day=20&year=1951,Box Score,/boxscores/195101200ROC.html,Philadelphia Warriors,/teams/PHW/1951.html,101,Rochester Royals,/teams/ROC/1951.html,87,,
1951,"Sat, Jan 20, 1951",/boxscores/index.cgi?month=1&day=20&year=1951,Box Score,/boxscores/195101200TRI.html,Boston Celtics,/teams/BOS/1951.html,85,Tri-Cities Blackhawks,/teams/TRI/1951.html,91,,
1951,"Sun, Jan 21, 1951",/boxscores/index.cgi?month=1&day=21&year=1951,Box Score,/boxscores/195101210FTW.html,Boston Celtics,/teams/BOS/1951.html,112,Fort Wayne Pistons,/teams/FTW/1951.html,106,OT,
1951,"Sun, Jan 21, 1951",/boxscores/index.cgi?month=1&day=21&year=1951,Box Score,/boxscores/195101210MNL.html,Tri-Cities Blackhawks,/teams/TRI/1951.html,82,Minneapolis Lakers,/teams/MNL/1951.html,89,,
1951,"Sun, Jan 21, 1951",/boxscores/index.cgi?month=1&day=21&year=1951,Box Score,/boxscores/195101210NYK.html,Rochester Royals,/teams/ROC/1951.html,83,New York Knicks,/teams/NYK/1951.html,88,OT,
1951,"Sun, Jan 21, 1951",/boxscores/index.cgi?month=1&day=21&year=1951,Box Score,/boxscores/195101210SYR.html,Philadelphia Warriors,/teams/PHW/1951.html,96,Syracuse Nationals,/teams/SYR/1951.html,86,,
1951,"Tue, Jan 23, 1951",/boxscores/index.cgi?month=1&day=23&year=1951,Box Score,/boxscores/195101230BLB.html,Minneapolis Lakers,/teams/MNL/1951.html,89,Baltimore Bullets,/teams/BLB/1951.html,79,,"at Johnstown, PA"
1951,"Tue, Jan 23, 1951",/boxscores/index.cgi?month=1&day=23&year=1951,Box Score,/boxscores/195101230INO.html,Boston Celtics,/teams/BOS/1951.html,83,Indianapolis Olympians,/teams/INO/1951.html,79,OT,
1951,"Tue, Jan 23, 1951",/boxscores/index.cgi?month=1&day=23&year=1951,Box Score,/boxscores/195101230PHW.html,Tri-Cities Blackhawks,/teams/TRI/1951.html,77,Philadelphia Warriors,/teams/PHW/1951.html,88,,
1951,"Tue, Jan 23, 1951",/boxscores/index.cgi?month=1&day=23&year=1951,Box Score,/boxscores/195101230ROC.html,New York Knicks,/teams/NYK/1951.html,92,Rochester Royals,/teams/ROC/1951.html,102,4OT,
1951,"Wed, Jan 24, 1951",/boxscores/index.cgi?month=1&day=24&year=1951,Box Score,/boxscores/195101240BLB.html,Syracuse Nationals,/teams/SYR/1951.html,82,Baltimore Bullets,/teams/BLB/1951.html,87,,
1951,"Wed, Jan 24, 1951",/boxscores/index.cgi?month=1&day=24&year=1951,Box Score,/boxscores/195101240NYK.html,Tri-Cities Blackhawks,/teams/TRI/1951.html,85,New York Knicks,/teams/NYK/1951.html,95,,
1951,"Thu, Jan 25, 1951",/boxscores/index.cgi?month=1&day=25&year=1951,Box Score,/boxscores/195101250BOS.html,Fort Wayne Pistons,/teams/FTW/1951.html,97,Boston Celtics,/teams/BOS/1951.html,99,,
1951,"Thu, Jan 25, 1951",/boxscores/index.cgi?month=1&day=25&year=1951,Box Score,/boxscores/195101250PHW.html,Minneapolis Lakers,/teams/MNL/1951.html,90,Philadelphia Warriors,/teams/PHW/1951.html,71,,
1951,"Thu, Jan 25, 1951",/boxscores/index.cgi?month=1&day=25&year=1951,Box Score,/boxscores/195101250SYR.html,Tri-Cities Blackhawks,/teams/TRI/1951.html,87,Syracuse Nationals,/teams/SYR/1951.html,113,,
1951,"Fri, Jan 26, 1951",/boxscores/index.cgi?month=1&day=26&year=1951,Box Score,/boxscores/195101260INO.html,Philadelphia Warriors,/teams/PHW/1951.html,75,Indianapolis Olympians,/teams/INO/1951.html,78,,
1951,"Sat, Jan 27, 1951",/boxscores/index.cgi?month=1&day=27&year=1951,Box Score,/boxscores/195101270BLB.html,Fort Wayne Pistons,/teams/FTW/1951.html,91,Baltimore Bullets,/teams/BLB/1951.html,97,,
1951,"Sat, Jan 27, 1951",/boxscores/index.cgi?month=1&day=27&year=1951,Box Score,/boxscores/195101270NYK.html,Boston Celtics,/teams/BOS/1951.html,75,New York Knicks,/teams/NYK/1951.html,76,,
1951,"Sat, Jan 27, 1951",/boxscores/index.cgi?month=1&day=27&year=1951,Box Score,/boxscores/195101270ROC.html,Syracuse Nationals,/teams/SYR/1951.html,83,Rochester Royals,/teams/ROC/1951.html,85,,
1951,"Sun, Jan 28, 1951",/boxscores/index.cgi?month=1&day=28&year=1951,Box Score,/boxscores/195101280FTW.html,Rochester Royals,/teams/ROC/1951.html,88,Fort Wayne Pistons,/teams/FTW/1951.html,93,,
1951,"Sun, Jan 28, 1951",/boxscores/index.cgi?month=1&day=28&year=1951,Box Score,/boxscores/195101280MNL.html,Indianapolis Olympians,/teams/INO/1951.html,75,Minneapolis Lakers,/teams/MNL/1951.html,101,,
1951,"Sun, Jan 28, 1951",/boxscores/index.cgi?month=1&day=28&year=1951,Box Score,/boxscores/195101280SYR.html,Boston Celtics,/teams/BOS/1951.html,83,Syracuse Nationals,/teams/SYR/1951.html,104,,
1951,"Sun, Jan 28, 1951",/boxscores/index.cgi?month=1&day=28&year=1951,Box Score,/boxscores/195101280TRI.html,Philadelphia Warriors,/teams/PHW/1951.html,96,Tri-Cities Blackhawks,/teams/TRI/1951.html,86,,
1951,"Mon, Jan 29, 1951",/boxscores/index.cgi?month=1&day=29&year=1951,Box Score,/boxscores/195101290INO.html,Tri-Cities Blackhawks,/teams/TRI/1951.html,85,Indianapolis Olympians,/teams/INO/1951.html,87,,"at Jeffersonville, IN"
1951,"Tue, Jan 30, 1951",/boxscores/index.cgi?month=1&day=30&year=1951,Box Score,/boxscores/195101300BOS.html,Syracuse Nationals,/teams/SYR/1951.html,87,Boston Celtics,/teams/BOS/1951.html,96,,
1951,"Tue, Jan 30, 1951",/boxscores/index.cgi?month=1&day=30&year=1951,Box Score,/boxscores/195101300ROC.html,Baltimore Bullets,/teams/BLB/1951.html,90,Rochester Royals,/teams/ROC/1951.html,95,,
1951,"Wed, Jan 31, 1951",/boxscores/index.cgi?month=1&day=31&year=1951,Box Score,/boxscores/195101310FTW.html,Philadelphia Warriors,/teams/PHW/1951.html,84,Fort Wayne Pistons,/teams/FTW/1951.html,91,,
1951,"Wed, Jan 31, 1951",/boxscores/index.cgi?month=1&day=31&year=1951,Box Score,/boxscores/195101310INO.html,Rochester Royals,/teams/ROC/1951.html,63,Indianapolis Olympians,/teams/INO/1951.html,68,,
1951,"Wed, Jan 31, 1951",/boxscores/index.cgi?month=1&day=31&year=1951,Box Score,/boxscores/195101310MNL.html,Tri-Cities Blackhawks,/teams/TRI/1951.html,78,Minneapolis Lakers,/teams/MNL/1951.html,106,,
1951,"Wed, Jan 31, 1951",/boxscores/index.cgi?month=1&day=31&year=1951,Box Score,/boxscores/195101310NYK.html,Baltimore Bullets,/teams/BLB/1951.html,77,New York Knicks,/teams/NYK/1951.html,89,,
1951,"Thu, Feb 1, 1951",/boxscores/index.cgi?month=2&day=1&year=1951,Box Score,/boxscores/195102010PHW.html,Boston Celtics,/teams/BOS/1951.html,80,Philadelphia Warriors,/teams/PHW/1951.html,82,2OT,
1951,"Thu, Feb 1, 1951",/boxscores/index.cgi?month=2&day=1&year=1951,Box Score,/boxscores/195102010SYR.html,New York Knicks,/teams/NYK/1951.html,93,Syracuse Nationals,/teams/SYR/1951.html,90,,
1951,"Thu, Feb 1, 1951",/boxscores/index.cgi?month=2&day=1&year=1951,Box Score,/boxscores/195102010TRI.html,Fort Wayne Pistons,/teams/FTW/1951.html,102,Tri-Cities Blackhawks,/teams/TRI/1951.html,109,,
1951,"Fri, Feb 2, 1951",/boxscores/index.cgi?month=2&day=2&year=1951,Box Score,/boxscores/195102020BOS.html,Syracuse Nationals,/teams/SYR/1951.html,90,Boston Celtics,/teams/BOS/1951.html,96,OT,
1951,"Sat, Feb 3, 1951",/boxscores/index.cgi?month=2&day=3&year=1951,Box Score,/boxscores/195102030BLB.html,New York Knicks,/teams/NYK/1951.html,83,Baltimore Bullets,/teams/BLB/1951.html,72,,
1951,"Sat, Feb 3, 1951",/boxscores/index.cgi?month=2&day=3&year=1951,Box Score,/boxscores/195102030INO.html,Minneapolis Lakers,/teams/MNL/1951.html,89,Indianapolis Olympians,/teams/INO/1951.html,84,,
1951,"Sat, Feb 3, 1951",/boxscores/index.cgi?month=2&day=3&year=1951,Box Score,/boxscores/195102030ROC.html,Philadelphia Warriors,/teams/PHW/1951.html,61,Rochester Royals,/teams/ROC/1951.html,65,,
1951,"Sun, Feb 4, 1951",/boxscores/index.cgi?month=2&day=4&year=1951,Box Score,/boxscores/195102040FTW.html,Baltimore Bullets,/teams/BLB/1951.html,108,Fort Wayne Pistons,/teams/FTW/1951.html,95,,
1951,"Sun, Feb 4, 1951",/boxscores/index.cgi?month=2&day=4&year=1951,Box Score,/boxscores/195102040MNL.html,Boston Celtics,/teams/BOS/1951.html,84,Minneapolis Lakers,/teams/MNL/1951.html,98,,
1951,"Sun, Feb 4, 1951",/boxscores/index.cgi?month=2&day=4&year=1951,Box Score,/boxscores/195102040NYK.html,Indianapolis Olympians,/teams/INO/1951.html,105,New York Knicks,/teams/NYK/1951.html,83,,
1951,"Sun, Feb 4, 1951",/boxscores/index.cgi?month=2&day=4&year=1951,Box Score,/boxscores/195102040SYR.html,Philadelphia Warriors,/teams/PHW/1951.html,75,Syracuse Nationals,/teams/SYR/1951.html,78,,
1951,"Sun, Feb 4, 1951",/boxscores/index.cgi?month=2&day=4&year=1951,Box Score,/boxscores/195102040TRI.html,Rochester Royals,/teams/ROC/1951.html,81,Tri-Cities Blackhawks,/teams/TRI/1951.html,84,,
1951,"Mon, Feb 5, 1951",/boxscores/index.cgi?month=2&day=5&year=1951,Box Score,/boxscores/195102050BOS.html,Indianapolis Olympians,/teams/INO/1951.html,57,Boston Celtics,/teams/BOS/1951.html,70,,"at Cincinnati, OH"
1951,"Tue, Feb 6, 1951",/boxscores/index.cgi?month=2&day=6&year=1951,Box Score,/boxscores/195102060BLB.html,New York Knicks,/teams/NYK/1951.html,91,Baltimore Bullets,/teams/BLB/1951.html,82,,"at Philadelphia, PA"
1951,"Tue, Feb 6, 1951",/boxscores/index.cgi?month=2&day=6&year=1951,Box Score,/boxscores/195102060INO.html,Rochester Royals,/teams/ROC/1951.html,76,Indianapolis Olympians,/teams/INO/1951.html,78,,
1951,"Tue, Feb 6, 1951",/boxscores/index.cgi?month=2&day=6&year=1951,Box Score,/boxscores/195102060PHW.html,Tri-Cities Blackhawks,/teams/TRI/1951.html,77,Philadelphia Warriors,/teams/PHW/1951.html,97,,
1951,"Wed, Feb 7, 1951",/boxscores/index.cgi?month=2&day=7&year=1951,Box Score,/boxscores/195102070FTW.html,Minneapolis Lakers,/teams/MNL/1951.html,86,Fort Wayne Pistons,/teams/FTW/1951.html,96,,
1951,"Wed, Feb 7, 1951",/boxscores/index.cgi?month=2&day=7&year=1951,Box Score,/boxscores/195102070SYR.html,Baltimore Bullets,/teams/BLB/1951.html,102,Syracuse Nationals,/teams/SYR/1951.html,82,,
1951,"Thu, Feb 8, 1951",/boxscores/index.cgi?month=2&day=8&year=1951,Box Score,/boxscores/195102080BOS.html,Tri-Cities Blackhawks,/teams/TRI/1951.html,70,Boston Celtics,/teams/BOS/1951.html,85,,
1951,"Thu, Feb 8, 1951",/boxscores/index.cgi?month=2&day=8&year=1951,Box Score,/boxscores/195102080MNL.html,Rochester Royals,/teams/ROC/1951.html,58,Minneapolis Lakers,/teams/MNL/1951.html,69,,
1951,"Thu, Feb 8, 1951",/boxscores/index.cgi?month=2&day=8&year=1951,Box Score,/boxscores/195102080PHW.html,Baltimore Bullets,/teams/BLB/1951.html,75,Philadelphia Warriors,/teams/PHW/1951.html,86,,
1951,"Thu, Feb 8, 1951",/boxscores/index.cgi?month=2&day=8&year=1951,Box Score,/boxscores/195102080SYR.html,New York Knicks,/teams/NYK/1951.html,83,Syracuse Nationals,/teams/SYR/1951.html,96,,
1951,"Sat, Feb 10, 1951",/boxscores/index.cgi?month=2&day=10&year=1951,Box Score,/boxscores/195102100BLB.html,Boston Celtics,/teams/BOS/1951.html,76,Baltimore Bullets,/teams/BLB/1951.html,81,,
1951,"Sat, Feb 10, 1951",/boxscores/index.cgi?month=2&day=10&year=1951,Box Score,/boxscores/195102100INO.html,Philadelphia Warriors,/teams/PHW/1951.html,88,Indianapolis Olympians,/teams/INO/1951.html,78,,
1951,"Sat, Feb 10, 1951",/boxscores/index.cgi?month=2&day=10&year=1951,Box Score,/boxscores/195102100NYK.html,Fort Wayne Pistons,/teams/FTW/1951.html,62,New York Knicks,/teams/NYK/1951.html,73,,
1951,"Sat, Feb 10, 1951",/boxscores/index.cgi?month=2&day=10&year=1951,Box Score,/boxscores/195102100ROC.html,Tri-Cities Blackhawks,/teams/TRI/1951.html,90,Rochester Royals,/teams/ROC/1951.html,98,,
1951,"Sun, Feb 11, 1951",/boxscores/index.cgi?month=2&day=11&year=1951,Box Score,/boxscores/195102110BLB.html,Syracuse Nationals,/teams/SYR/1951.html,80,Baltimore Bullets,/teams/BLB/1951.html,72,,
1951,"Sun, Feb 11, 1951",/boxscores/index.cgi?month=2&day=11&year=1951,Box Score,/boxscores/195102110BOS.html,Rochester Royals,/teams/ROC/1951.html,77,Boston Celtics,/teams/BOS/1951.html,93,,
1951,"Sun, Feb 11, 1951",/boxscores/index.cgi?month=2&day=11&year=1951,Box Score,/boxscores/195102110FTW.html,New York Knicks,/teams/NYK/1951.html,96,Fort Wayne Pistons,/teams/FTW/1951.html,120,,
1951,"Sun, Feb 11, 1951",/boxscores/index.cgi?month=2&day=11&year=1951,Box Score,/boxscores/195102110MNL.html,Indianapolis Olympians,/teams/INO/1951.html,78,Minneapolis Lakers,/teams/MNL/1951.html,91,,
1951,"Sun, Feb 11, 1951",/boxscores/index.cgi?month=2&day=11&year=1951,Box Score,/boxscores/195102110TRI.html,Philadelphia Warriors,/teams/PHW/1951.html,72,Tri-Cities Blackhawks,/teams/TRI/1951.html,76,,
1951,"Tue, Feb 13, 1951",/boxscores/index.cgi?month=2&day=13&year=1951,Box Score,/boxscores/195102130INO.html,Fort Wayne Pistons,/teams/FTW/1951.html,78,Indianapolis Olympians,/teams/INO/1951.html,80,,
1951,"Tue, Feb 13, 1951",/boxscores/index.cgi?month=2&day=13&year=1951,Box Score,/boxscores/195102130PHW.html,Boston Celtics,/teams/BOS/1951.html,98,Philadelphia Warriors,/teams/PHW/1951.html,104,,
1951,"Wed, Feb 14, 1951",/boxscores/index.cgi?month=2&day=14&year=1951,Box Score,/boxscores/195102140FTW.html,Syracuse Nationals,/teams/SYR/1951.html,75,Fort Wayne Pistons,/teams/FTW/1951.html,77,,
1951,"Wed, Feb 14, 1951",/boxscores/index.cgi?month=2&day=14&year=1951,Box Score,/boxscores/195102140MNL.html,Baltimore Bullets,/teams/BLB/1951.html,71,Minneapolis Lakers,/teams/MNL/1951.html,99,,
1951,"Wed, Feb 14, 1951",/boxscores/index.cgi?month=2&day=14&year=1951,Box Score,/boxscores/195102140NYK.html,Rochester Royals,/teams/ROC/1951.html,65,New York Knicks,/teams/NYK/1951.html,81,,
1951,"Wed, Feb 14, 1951",/boxscores/index.cgi?month=2&day=14&year=1951,Box Score,/boxscores/195102140TRI.html,Indianapolis Olympians,/teams/INO/1951.html,91,Tri-Cities Blackhawks,/teams/TRI/1951.html,98,,
1951,"Thu, Feb 15, 1951",/boxscores/index.cgi?month=2&day=15&year=1951,Box Score,/boxscores/195102150BLB.html,Indianapolis Olympians,/teams/INO/1951.html,69,Baltimore Bullets,/teams/BLB/1951.html,60,,"at Cincinnati, OH"
1951,"Thu, Feb 15, 1951",/boxscores/index.cgi?month=2&day=15&year=1951,Box Score,/boxscores/195102150PHW.html,New York Knicks,/teams/NYK/1951.html,98,Philadelphia Warriors,/teams/PHW/1951.html,93,,
1951,"Thu, Feb 15, 1951",/boxscores/index.cgi?month=2&day=15&year=1951,Box Score,/boxscores/195102150SYR.html,Boston Celtics,/teams/BOS/1951.html,80,Syracuse Nationals,/teams/SYR/1951.html,94,,
1951,"Fri, Feb 16, 1951",/boxscores/index.cgi?month=2&day=16&year=1951,Box Score,/boxscores/195102160BOS.html,Philadelphia Warriors,/teams/PHW/1951.html,76,Boston Celtics,/teams/BOS/1951.html,81,,
1951,"Fri, Feb 16, 1951",/boxscores/index.cgi?month=2&day=16&year=1951,Box Score,/boxscores/195102160INO.html,Minneapolis Lakers,/teams/MNL/1951.html,76,Indianapolis Olympians,/teams/INO/1951.html,71,,
1951,"Sat, Feb 17, 1951",/boxscores/index.cgi?month=2&day=17&year=1951,Box Score,/boxscores/195102170BLB.html,Fort Wayne Pistons,/teams/FTW/1951.html,91,Baltimore Bullets,/teams/BLB/1951.html,112,,
1951,"Sat, Feb 17, 1951",/boxscores/index.cgi?month=2&day=17&year=1951,Box Score,/boxscores/195102170NYK.html,Syracuse Nationals,/teams/SYR/1951.html,75,New York Knicks,/teams/NYK/1951.html,88,,
1951,"Sat, Feb 17, 1951",/boxscores/index.cgi?month=2&day=17&year=1951,Box Score,/boxscores/195102170ROC.html,Minneapolis Lakers,/teams/MNL/1951.html,82,Rochester Royals,/teams/ROC/1951.html,87,,
1951,"Sun, Feb 18, 1951",/boxscores/index.cgi?month=2&day=18&year=1951,Box Score,/boxscores/195102180BOS.html,Indianapolis Olympians,/teams/INO/1951.html,75,Boston Celtics,/teams/BOS/1951.html,78,,
1951,"Sun, Feb 18, 1951",/boxscores/index.cgi?month=2&day=18&year=1951,Box Score,/boxscores/195102180FTW.html,Philadelphia Warriors,/teams/PHW/1951.html,70,Fort Wayne Pistons,/teams/FTW/1951.html,75,,
1951,"Sun, Feb 18, 1951",/boxscores/index.cgi?month=2&day=18&year=1951,Box Score,/boxscores/195102180SYR.html,Minneapolis Lakers,/teams/MNL/1951.html,80,Syracuse Nationals,/teams/SYR/1951.html,91,,
1951,"Sun, Feb 18, 1951",/boxscores/index.cgi?month=2&day=18&year=1951,Box Score,/boxscores/195102180TRI.html,Rochester Royals,/teams/ROC/1951.html,83,Tri-Cities Blackhawks,/teams/TRI/1951.html,89,,
1951,"Tue, Feb 20, 1951",/boxscores/index.cgi?month=2&day=20&year=1951,Box Score,/boxscores/195102200INO.html,Syracuse Nationals,/teams/SYR/1951.html,81,Indianapolis Olympians,/teams/INO/1951.html,79,,
1951,"Tue, Feb 20, 1951",/boxscores/index.cgi?month=2&day=20&year=1951,Box Score,/boxscores/195102200PHW.html,Tri-Cities Blackhawks,/teams/TRI/1951.html,69,Philadelphia Warriors,/teams/PHW/1951.html,99,,
1951,"Tue, Feb 20, 1951",/boxscores/index.cgi?month=2&day=20&year=1951,Box Score,/boxscores/195102200ROC.html,Baltimore Bullets,/teams/BLB/1951.html,89,Rochester Royals,/teams/ROC/1951.html,105,,
1951,"Wed, Feb 21, 1951",/boxscores/index.cgi?month=2&day=21&year=1951,Box Score,/boxscores/195102210BLB.html,Philadelphia Warriors,/teams/PHW/1951.html,83,Baltimore Bullets,/teams/BLB/1951.html,81,,
1951,"Wed, Feb 21, 1951",/boxscores/index.cgi?month=2&day=21&year=1951,Box Score,/boxscores/195102210BOS.html,New York Knicks,/teams/NYK/1951.html,85,Boston Celtics,/teams/BOS/1951.html,87,OT,
1951,"Wed, Feb 21, 1951",/boxscores/index.cgi?month=2&day=21&year=1951,Box Score,/boxscores/195102210MNL.html,Syracuse Nationals,/teams/SYR/1951.html,76,Minneapolis Lakers,/teams/MNL/1951.html,82,,
1951,"Thu, Feb 22, 1951",/boxscores/index.cgi?month=2&day=22&year=1951,Box Score,/boxscores/195102220BLB.html,Boston Celtics,/teams/BOS/1951.html,72,Baltimore Bullets,/teams/BLB/1951.html,69,,"at New York, NY"
1951,"Thu, Feb 22, 1951",/boxscores/index.cgi?month=2&day=22&year=1951,Box Score,/boxscores/195102220NYK.html,Tri-Cities Blackhawks,/teams/TRI/1951.html,90,New York Knicks,/teams/NYK/1951.html,94,,
1951,"Thu, Feb 22, 1951",/boxscores/index.cgi?month=2&day=22&year=1951,Box Score,/boxscores/195102220PHW.html,Rochester Royals,/teams/ROC/1951.html,90,Philadelphia Warriors,/teams/PHW/1951.html,98,,
1951,"Sat, Feb 24, 1951",/boxscores/index.cgi?month=2&day=24&year=1951,Box Score,/boxscores/195102240BLB.html,Boston Celtics,/teams/BOS/1951.html,75,Baltimore Bullets,/teams/BLB/1951.html,84,,
1951,"Sat, Feb 24, 1951",/boxscores/index.cgi?month=2&day=24&year=1951,Box Score,/boxscores/195102240MNL.html,Fort Wayne Pistons,/teams/FTW/1951.html,78,Minneapolis Lakers,/teams/MNL/1951.html,95,,
1951,"Sat, Feb 24, 1951",/boxscores/index.cgi?month=2&day=24&year=1951,Box Score,/boxscores/195102240NYK.html,Philadelphia Warriors,/teams/PHW/1951.html,70,New York Knicks,/teams/NYK/1951.html,64,,
1951,"Sat, Feb 24, 1951",/boxscores/index.cgi?month=2&day=24&year=1951,Box Score,/boxscores/195102240ROC.html,Tri-Cities Blackhawks,/teams/TRI/1951.html,89,Rochester Royals,/teams/ROC/1951.html,99,,
1951,"Sun, Feb 25, 1951",/boxscores/index.cgi?month=2&day=25&year=1951,Box Score,/boxscores/195102250BOS.html,Philadelphia Warriors,/teams/PHW/1951.html,83,Boston Celtics,/teams/BOS/1951.html,93,,
1951,"Sun, Feb 25, 1951",/boxscores/index.cgi?month=2&day=25&year=1951,Box Score,/boxscores/195102250FTW.html,Baltimore Bullets,/teams/BLB/1951.html,92,Fort Wayne Pistons,/teams/FTW/1951.html,102,,
1951,"Sun, Feb 25, 1951",/boxscores/index.cgi?month=2&day=25&year=1951,Box Score,/boxscores/195102250MNL.html,Indianapolis Olympians,/teams/INO/1951.html,75,Minneapolis Lakers,/teams/MNL/1951.html,73,,
1951,"Sun, Feb 25, 1951",/boxscores/index.cgi?month=2&day=25&year=1951,Box Score,/boxscores/195102250SYR.html,New York Knicks,/teams/NYK/1951.html,93,Syracuse Nationals,/teams/SYR/1951.html,98,,
1951,"Sun, Feb 25, 1951",/boxscores/index.cgi?month=2&day=25&year=1951,Box Score,/boxscores/195102250TRI.html,Rochester Royals,/teams/ROC/1951.html,82,Tri-Cities Blackhawks,/teams/TRI/1951.html,78,,
1951,"Tue, Feb 27, 1951",/boxscores/index.cgi?month=2&day=27&year=1951,Box Score,/boxscores/195102270INO.html,Baltimore Bullets,/teams/BLB/1951.html,74,Indianapolis Olympians,/teams/INO/1951.html,96,,
1951,"Tue, Feb 27, 1951",/boxscores/index.cgi?month=2&day=27&year=1951,Box Score,/boxscores/195102270MNL.html,Tri-Cities Blackhawks,/teams/TRI/1951.html,77,Minneapolis Lakers,/teams/MNL/1951.html,83,,"at Milwaukee, WI"
1951,"Tue, Feb 27, 1951",/boxscores/index.cgi?month=2&day=27&year=1951,Box Score,/boxscores/195102270PHW.html,Syracuse Nationals,/teams/SYR/1951.html,72,Philadelphia Warriors,/teams/PHW/1951.html,86,,
1951,"Tue, Feb 27, 1951",/boxscores/index.cgi?month=2&day=27&year=1951,Box Score,/boxscores/195102270ROC.html,New York Knicks,/teams/NYK/1951.html,90,Rochester Royals,/teams/ROC/1951.html,100,,
1951,"Wed, Feb 28, 1951",/boxscores/index.cgi?month=2&day=28&year=1951,Box Score,/boxscores/195102280FTW.html,Minneapolis Lakers,/teams/MNL/1951.html,73,Fort Wayne Pistons,/teams/FTW/1951.html,77,,
1951,"Wed, Feb 28, 1951",/boxscores/index.cgi?month=2&day=28&year=1951,Box Score,/boxscores/195102280TRI.html,Baltimore Bullets,/teams/BLB/1951.html,85,Tri-Cities Blackhawks,/teams/TRI/1951.html,100,,
1951,"Thu, Mar 1, 1951",/boxscores/index.cgi?month=3&day=1&year=1951,Box Score,/boxscores/195103010BOS.html,New York Knicks,/teams/NYK/1951.html,84,Boston Celtics,/teams/BOS/1951.html,78,,
1951,"Thu, Mar 1, 1951",/boxscores/index.cgi?month=3&day=1&year=1951,Box Score,/boxscores/195103010PHW.html,Minneapolis Lakers,/teams/MNL/1951.html,77,Philadelphia Warriors,/teams/PHW/1951.html,97,,
1951,"Thu, Mar 1, 1951",/boxscores/index.cgi?month=3&day=1&year=1951,Box Score,/boxscores/195103010SYR.html,Fort Wayne Pistons,/teams/FTW/1951.html,86,Syracuse Nationals,/teams/SYR/1951.html,108,,
1951,"Sat, Mar 3, 1951",/boxscores/index.cgi?month=3&day=3&year=1951,Box Score,/boxscores/195103030BLB.html,Boston Celtics,/teams/BOS/1951.html,95,Baltimore Bullets,/teams/BLB/1951.html,87,,
1951,"Sat, Mar 3, 1951",/boxscores/index.cgi?month=3&day=3&year=1951,Box Score,/boxscores/195103030NYK.html,Syracuse Nationals,/teams/SYR/1951.html,78,New York Knicks,/teams/NYK/1951.html,97,,
1951,"Sat, Mar 3, 1951",/boxscores/index.cgi?month=3&day=3&year=1951,Box Score,/boxscores/195103030ROC.html,Fort Wayne Pistons,/teams/FTW/1951.html,79,Rochester Royals,/teams/ROC/1951.html,89,,
1951,"Sun, Mar 4, 1951",/boxscores/index.cgi?month=3&day=4&year=1951,Box Score,/boxscores/195103040BOS.html,Minneapolis Lakers,/teams/MNL/1951.html,86,Boston Celtics,/teams/BOS/1951.html,92,,
1951,"Sun, Mar 4, 1951",/boxscores/index.cgi?month=3&day=4&year=1951,Box Score,/boxscores/195103040FTW.html,New York Knicks,/teams/NYK/1951.html,98,Fort Wayne Pistons,/teams/FTW/1951.html,105,,
1951,"Sun, Mar 4, 1951",/boxscores/index.cgi?month=3&day=4&year=1951,Box Score,/boxscores/195103040SYR.html,Philadelphia Warriors,/teams/PHW/1951.html,79,Syracuse Nationals,/teams/SYR/1951.html,85,,
1951,"Sun, Mar 4, 1951",/boxscores/index.cgi?month=3&day=4&year=1951,Box Score,/boxscores/195103040TRI.html,Indianapolis Olympians,/teams/INO/1951.html,72,Tri-Cities Blackhawks,/teams/TRI/1951.html,87,,
1951,"Tue, Mar 6, 1951",/boxscores/index.cgi?month=3&day=6&year=1951,Box Score,/boxscores/195103060INO.html,Boston Celtics,/teams/BOS/1951.html,73,Indianapolis Olympians,/teams/INO/1951.html,75,,
1951,"Tue, Mar 6, 1951",/boxscores/index.cgi?month=3&day=6&year=1951,Box Score,/boxscores/195103060PHW.html,New York Knicks,/teams/NYK/1951.html,76,Philadelphia Warriors,/teams/PHW/1951.html,96,,
1951,"Tue, Mar 6, 1951",/boxscores/index.cgi?month=3&day=6&year=1951,Box Score,/boxscores/195103060ROC.html,Minneapolis Lakers,/teams/MNL/1951.html,79,Rochester Royals,/teams/ROC/1951.html,90,,
1951,"Tue, Mar 6, 1951",/boxscores/index.cgi?month=3&day=6&year=1951,Box Score,/boxscores/195103060TRI.html,Fort Wayne Pistons,/teams/FTW/1951.html,86,Tri-Cities Blackhawks,/teams/TRI/1951.html,88,,
1951,"Wed, Mar 7, 1951",/boxscores/index.cgi?month=3&day=7&year=1951,Box Score,/boxscores/195103070BLB.html,Philadelphia Warriors,/teams/PHW/1951.html,95,Baltimore Bullets,/teams/BLB/1951.html,84,,
1951,"Wed, Mar 7, 1951",/boxscores/index.cgi?month=3&day=7&year=1951,Box Score,/boxscores/195103070FTW.html,Boston Celtics,/teams/BOS/1951.html,99,Fort Wayne Pistons,/teams/FTW/1951.html,95,,
1951,"Thu, Mar 8, 1951",/boxscores/index.cgi?month=3&day=8&year=1951,Box Score,/boxscores/195103080NYK.html,Minneapolis Lakers,/teams/MNL/1951.html,94,New York Knicks,/teams/NYK/1951.html,97,OT,
1951,"Thu, Mar 8, 1951",/boxscores/index.cgi?month=3&day=8&year=1951,Box Score,/boxscores/195103080PHW.html,Baltimore Bullets,/teams/BLB/1951.html,90,Philadelphia Warriors,/teams/PHW/1951.html,94,2OT,
1951,"Thu, Mar 8, 1951",/boxscores/index.cgi?month=3&day=8&year=1951,Box Score,/boxscores/195103080SYR.html,Indianapolis Olympians,/teams/INO/1951.html,97,Syracuse Nationals,/teams/SYR/1951.html,121,,
1951,"Fri, Mar 9, 1951",/boxscores/index.cgi?month=3&day=9&year=1951,Box Score,/boxscores/195103090INO.html,Rochester Royals,/teams/ROC/1951.html,91,Indianapolis Olympians,/teams/INO/1951.html,84,,
1951,"Sat, Mar 10, 1951",/boxscores/index.cgi?month=3&day=10&year=1951,Box Score,/boxscores/195103100ROC.html,Syracuse Nationals,/teams/SYR/1951.html,86,Rochester Royals,/teams/ROC/1951.html,107,,
1951,"Sat, Mar 10, 1951",/boxscores/index.cgi?month=3&day=10&year=1951,Box Score,/boxscores/195103100TRI.html,Minneapolis Lakers,/teams/MNL/1951.html,99,Tri-Cities Blackhawks,/teams/TRI/1951.html,88,,
1951,"Sun, Mar 11, 1951",/boxscores/index.cgi?month=3&day=11&year=1951,Box Score,/boxscores/195103110BLB.html,New York Knicks,/teams/NYK/1951.html,89,Baltimore Bullets,/teams/BLB/1951.html,112,,
1951,"Sun, Mar 11, 1951",/boxscores/index.cgi?month=3&day=11&year=1951,Box Score,/boxscores/195103110FTW.html,Tri-Cities Blackhawks,/teams/TRI/1951.html,87,Fort Wayne Pistons,/teams/FTW/1951.html,102,,
1951,"Sun, Mar 11, 1951",/boxscores/index.cgi?month=3&day=11&year=1951,Box Score,/boxscores/195103110MNL.html,Boston Celtics,/teams/BOS/1951.html,96,Minneapolis Lakers,/teams/MNL/1951.html,98,2OT,
1951,"Sun, Mar 11, 1951",/boxscores/index.cgi?month=3&day=11&year=1951,Box Score,/boxscores/195103110ROC.html,Indianapolis Olympians,/teams/INO/1951.html,95,Rochester Royals,/teams/ROC/1951.html,88,,
1951,"Sun, Mar 11, 1951",/boxscores/index.cgi?month=3&day=11&year=1951,Box Score,/boxscores/195103110SYR.html,Philadelphia Warriors,/teams/PHW/1951.html,95,Syracuse Nationals,/teams/SYR/1951.html,91,,
1951,"Tue, Mar 13, 1951",/boxscores/index.cgi?month=3&day=13&year=1951,Box Score,/boxscores/195103130BOS.html,Rochester Royals,/teams/ROC/1951.html,111,Boston Celtics,/teams/BOS/1951.html,107,2OT,
1951,"Tue, Mar 13, 1951",/boxscores/index.cgi?month=3&day=13&year=1951,Box Score,/boxscores/195103130INO.html,Syracuse Nationals,/teams/SYR/1951.html,93,Indianapolis Olympians,/teams/INO/1951.html,98,,
1951,"Wed, Mar 14, 1951",/boxscores/index.cgi?month=3&day=14&year=1951,Box Score,/boxscores/195103140FTW.html,Indianapolis Olympians,/teams/INO/1951.html,109,Fort Wayne Pistons,/teams/FTW/1951.html,115,,
1951,"Wed, Mar 14, 1951",/boxscores/index.cgi?month=3&day=14&year=1951,Box Score,/boxscores/195103140MNL.html,Syracuse Nationals,/teams/SYR/1951.html,76,Minneapolis Lakers,/teams/MNL/1951.html,100,,
1951,"Wed, Mar 14, 1951",/boxscores/index.cgi?month=3&day=14&year=1951,Box Score,/boxscores/195103140TRI.html,New York Knicks,/teams/NYK/1951.html,92,Tri-Cities Blackhawks,/teams/TRI/1951.html,91,,
1951,"Thu, Mar 15, 1951",/boxscores/index.cgi?month=3&day=15&year=1951,Box Score,/boxscores/195103150BLB.html,Rochester Royals,/teams/ROC/1951.html,87,Baltimore Bullets,/teams/BLB/1951.html,93,,
1951,"Thu, Mar 15, 1951",/boxscores/index.cgi?month=3&day=15&year=1951,Box Score,/boxscores/195103150INO.html,New York Knicks,/teams/NYK/1951.html,70,Indianapolis Olympians,/teams/INO/1951.html,74,,
1951,"Thu, Mar 15, 1951",/boxscores/index.cgi?month=3&day=15&year=1951,Box Score,/boxscores/195103150PHW.html,Fort Wayne Pistons,/teams/FTW/1951.html,78,Philadelphia Warriors,/teams/PHW/1951.html,88,,
1951,"Fri, Mar 16, 1951",/boxscores/index.cgi?month=3&day=16&year=1951,Box Score,/boxscores/195103160BOS.html,Fort Wayne Pistons,/teams/FTW/1951.html,88,Boston Celtics,/teams/BOS/1951.html,90,,
1951,"Sat, Mar 17, 1951",/boxscores/index.cgi?month=3&day=17&year=1951,Box Score,/boxscores/195103170BLB.html,Indianapolis Olympians,/teams/INO/1951.html,92,Baltimore Bullets,/teams/BLB/1951.html,91,,
1951,"Sat, Mar 17, 1951",/boxscores/index.cgi?month=3&day=17&year=1951,Box Score,/boxscores/195103170PHW.html,Syracuse Nationals,/teams/SYR/1951.html,86,Philadelphia Warriors,/teams/PHW/1951.html,100,,
1951,"Sat, Mar 17, 1951",/boxscores/index.cgi?month=3&day=17&year=1951,Box Score,/boxscores/195103170ROC.html,Boston Celtics,/teams/BOS/1951.html,89,Rochester Royals,/teams/ROC/1951.html,114,,
1951,"Sat, Mar 17, 1951",/boxscores/index.cgi?month=3&day=17&year=1951,Box Score,/boxscores/195103170TRI.html,Minneapolis Lakers,/teams/MNL/1951.html,92,Tri-Cities Blackhawks,/teams/TRI/1951.html,91,OT,
1951,"Sun, Mar 18, 1951",/boxscores/index.cgi?month=3&day=18&year=1951,Box Score,/boxscores/195103180FTW.html,Tri-Cities Blackhawks,/teams/TRI/1951.html,82,Fort Wayne Pistons,/teams/FTW/1951.html,95,,
1951,"Sun, Mar 18, 1951",/boxscores/index.cgi?month=3&day=18&year=1951,Box Score,/boxscores/195103180MNL.html,New York Knicks,/teams/NYK/1951.html,68,Minneapolis Lakers,/teams/MNL/1951.html,86,,
1951,"Sun, Mar 18, 1951",/boxscores/index.cgi?month=3&day=18&year=1951,Box Score,/boxscores/195103180ROC.html,Indianapolis Olympians,/teams/INO/1951.html,79,Rochester Royals,/teams/ROC/1951.html,91,,
1951,"Sun, Mar 18, 1951",/boxscores/index.cgi?month=3&day=18&year=1951,Box Score,/boxscores/195103180SYR.html,Boston Celtics,/teams/BOS/1951.html,89,Syracuse Nationals,/teams/SYR/1951.html,97,,
