1963,"Tue, Oct 16, 1962",/boxscores/index.cgi?month=10&day=16&year=1962,,Box Score,/boxscores/196210160DET.html,Los Angeles Lakers,/teams/LAL/1963.html,LAL,122,Detroit Pistons,/teams/DET/1963.html,DET,106,,"at New York, NY"
1963,"Tue, Oct 16, 1962",/boxscores/index.cgi?month=10&day=16&year=1962,,Box Score,/boxscores/196210160NYK.html,Chicago Zephyrs,/teams/CHZ/1963.html,CHZ,119,New York Knicks,/teams/NYK/1963.html,NYK,121,,
1963,"Fri, Oct 19, 1962",/boxscores/index.cgi?month=10&day=19&year=1962,,Box Score,/boxscores/196210190NYK.html,Los Angeles Lakers,/teams/LAL/1963.html,LAL,105,New York Knicks,/teams/NYK/1963.html,NYK,116,,
1963,"Sat, Oct 20, 1962",/boxscores/index.cgi?month=10&day=20&year=1962,,Box Score,/boxscores/196210200BOS.html,New York Knicks,/teams/NYK/1963.html,NYK,116,Boston Celtics,/teams/BOS/1963.html,BOS,149,,
1963,"Sat, Oct 20, 1962",/boxscores/index.cgi?month=10&day=20&year=1962,,Box Score,/boxscores/196210200CHZ.html,Cincinnati Royals,/teams/CIN/1963.html,CIN,109,Chicago Zephyrs,/teams/CHZ/1963.html,CHZ,113,,
1963,"Sat, Oct 20, 1962",/boxscores/index.cgi?month=10&day=20&year=1962,,Box Score,/boxscores/196210200STL.html,Detroit Pistons,/teams/DET/1963.html,DET,111,St. Louis Hawks,/teams/STL/1963.html,STL,120,,
1963,"Sat, Oct 20, 1962",/boxscores/index.cgi?month=10&day=20&year=1962,,Box Score,/boxscores/196210200SYR.html,Los Angeles Lakers,/teams/LAL/1963.html,LAL,102,Syracuse Nationals,/teams/SYR/1963.html,SYR,108,,
1963,"Tue, Oct 23, 1962",/boxscores/index.cgi?month=10&day=23&year=1962,,Box Score,/boxscores/196210230CHZ.html,St. Louis Hawks,/teams/STL/1963.html,STL,110,Chicago Zephyrs,/teams/CHZ/1963.html,CHZ,109,,"at New York, NY"
1963,"Tue, Oct 23, 1962",/boxscores/index.cgi?month=10&day=23&year=1962,,Box Score,/boxscores/196210230CIN.html,Los Angeles Lakers,/teams/LAL/1963.html,LAL,115,Cincinnati Royals,/teams/CIN/1963.html,CIN,116,,
1963,"Tue, Oct 23, 1962",/boxscores/index.cgi?month=10&day=23&year=1962,,Box Score,/boxscores/196210230NYK.html,Syracuse Nationals,/teams/SYR/1963.html,SYR,123,New York Knicks,/teams/NYK/1963.html,NYK,119,,
1963,"Tue, Oct 23, 1962",/boxscores/index.cgi?month=10&day=23&year=1962,,Box Score,/boxscores/196210230SFW.html,Detroit Pistons,/teams/DET/1963.html,DET,113,San Francisco Warriors,/teams/SFW/1963.html,SFW,140,,
1963,"Wed, Oct 24, 1962",/boxscores/index.cgi?month=10&day=24&year=1962,,Box Score,/boxscores/196210240CHZ.html,Los Angeles Lakers,/teams/LAL/1963.html,LAL,107,Chicago Zephyrs,/teams/CHZ/1963.html,CHZ,118,,
1963,"Wed, Oct 24, 1962",/boxscores/index.cgi?month=10&day=24&year=1962,,Box Score,/boxscores/196210240STL.html,Cincinnati Royals,/teams/CIN/1963.html,CIN,114,St. Louis Hawks,/teams/STL/1963.html,STL,121,,
1963,"Fri, Oct 26, 1962",/boxscores/index.cgi?month=10&day=26&year=1962,,Box Score,/boxscores/196210260CIN.html,St. Louis Hawks,/teams/STL/1963.html,STL,102,Cincinnati Royals,/teams/CIN/1963.html,CIN,118,,
1963,"Fri, Oct 26, 1962",/boxscores/index.cgi?month=10&day=26&year=1962,,Box Score,/boxscores/196210260NYK.html,Boston Celtics,/teams/BOS/1963.html,BOS,133,New York Knicks,/teams/NYK/1963.html,NYK,108,,
1963,"Fri, Oct 26, 1962",/boxscores/index.cgi?month=10&day=26&year=1962,,Box Score,/boxscores/196210260SFW.html,Detroit Pistons,/teams/DET/1963.html,DET,131,San Francisco Warriors,/teams/SFW/1963.html,SFW,132,OT,
1963,"Fri, Oct 26, 1962",/boxscores/index.cgi?month=10&day=26&year=1962,,Box Score,/boxscores/196210260SYR.html,Chicago Zephyrs,/teams/CHZ/1963.html,CHZ,112,Syracuse Nationals,/teams/SYR/1963.html,SYR,130,,
1963,"Sat, Oct 27, 1962",/boxscores/index.cgi?month=10&day=27&year=1962,,Box Score,/boxscores/196210270BOS.html,Syracuse Nationals,/teams/SYR/1963.html,SYR,98,Boston Celtics,/teams/BOS/1963.html,BOS,118,,Dolph Schayes of Syracuse scored a field goal for Boston
1963,"Sat, Oct 27, 1962",/boxscores/index.cgi?month=10&day=27&year=1962,,Box Score,/boxscores/196210270CHZ.html,San Francisco Warriors,/teams/SFW/1963.html,SFW,129,Chicago Zephyrs,/teams/CHZ/1963.html,CHZ,126,OT,
1963,"Sat, Oct 27, 1962",/boxscores/index.cgi?month=10&day=27&year=1962,,Box Score,/boxscores/196210270LAL.html,Detroit Pistons,/teams/DET/1963.html,DET,118,Los Angeles Lakers,/teams/LAL/1963.html,LAL,134,,
1963,"Sat, Oct 27, 1962",/boxscores/index.cgi?month=10&day=27&year=1962,,Box Score,/boxscores/196210270STL.html,New York Knicks,/teams/NYK/1963.html,NYK,109,St. Louis Hawks,/teams/STL/1963.html,STL,115,,
1963,"Sun, Oct 28, 1962",/boxscores/index.cgi?month=10&day=28&year=1962,,Box Score,/boxscores/196210280CIN.html,San Francisco Warriors,/teams/SFW/1963.html,SFW,130,Cincinnati Royals,/teams/CIN/1963.html,CIN,131,OT,
1963,"Tue, Oct 30, 1962",/boxscores/index.cgi?month=10&day=30&year=1962,,Box Score,/boxscores/196210300SFW.html,New York Knicks,/teams/NYK/1963.html,NYK,106,San Francisco Warriors,/teams/SFW/1963.html,SFW,125,,
1963,"Tue, Oct 30, 1962",/boxscores/index.cgi?month=10&day=30&year=1962,,Box Score,/boxscores/196210300STL.html,Boston Celtics,/teams/BOS/1963.html,BOS,97,St. Louis Hawks,/teams/STL/1963.html,STL,98,,
1963,"Wed, Oct 31, 1962",/boxscores/index.cgi?month=10&day=31&year=1962,,Box Score,/boxscores/196210310DET.html,Boston Celtics,/teams/BOS/1963.html,BOS,115,Detroit Pistons,/teams/DET/1963.html,DET,100,,
1963,"Wed, Oct 31, 1962",/boxscores/index.cgi?month=10&day=31&year=1962,,Box Score,/boxscores/196210310LAL.html,New York Knicks,/teams/NYK/1963.html,NYK,95,Los Angeles Lakers,/teams/LAL/1963.html,LAL,115,,
1963,"Wed, Oct 31, 1962",/boxscores/index.cgi?month=10&day=31&year=1962,,Box Score,/boxscores/196210310STL.html,Syracuse Nationals,/teams/SYR/1963.html,SYR,126,St. Louis Hawks,/teams/STL/1963.html,STL,108,,"at Baltimore, MD"
1963,"Fri, Nov 2, 1962",/boxscores/index.cgi?month=11&day=2&year=1962,,Box Score,/boxscores/196211020CHZ.html,Boston Celtics,/teams/BOS/1963.html,BOS,107,Chicago Zephyrs,/teams/CHZ/1963.html,CHZ,97,,
1963,"Fri, Nov 2, 1962",/boxscores/index.cgi?month=11&day=2&year=1962,,Box Score,/boxscores/196211020SFW.html,New York Knicks,/teams/NYK/1963.html,NYK,121,San Francisco Warriors,/teams/SFW/1963.html,SFW,143,,
1963,"Sat, Nov 3, 1962",/boxscores/index.cgi?month=11&day=3&year=1962,,Box Score,/boxscores/196211030BOS.html,Detroit Pistons,/teams/DET/1963.html,DET,114,Boston Celtics,/teams/BOS/1963.html,BOS,125,,
1963,"Sat, Nov 3, 1962",/boxscores/index.cgi?month=11&day=3&year=1962,,Box Score,/boxscores/196211030LAL.html,San Francisco Warriors,/teams/SFW/1963.html,SFW,115,Los Angeles Lakers,/teams/LAL/1963.html,LAL,127,,
1963,"Sat, Nov 3, 1962",/boxscores/index.cgi?month=11&day=3&year=1962,,Box Score,/boxscores/196211030STL.html,Chicago Zephyrs,/teams/CHZ/1963.html,CHZ,109,St. Louis Hawks,/teams/STL/1963.html,STL,114,,
1963,"Sat, Nov 3, 1962",/boxscores/index.cgi?month=11&day=3&year=1962,,Box Score,/boxscores/196211030SYR.html,Cincinnati Royals,/teams/CIN/1963.html,CIN,111,Syracuse Nationals,/teams/SYR/1963.html,SYR,130,,
1963,"Sun, Nov 4, 1962",/boxscores/index.cgi?month=11&day=4&year=1962,,Box Score,/boxscores/196211040LAL.html,New York Knicks,/teams/NYK/1963.html,NYK,106,Los Angeles Lakers,/teams/LAL/1963.html,LAL,125,,
1963,"Wed, Nov 7, 1962",/boxscores/index.cgi?month=11&day=7&year=1962,,Box Score,/boxscores/196211070CIN.html,Boston Celtics,/teams/BOS/1963.html,BOS,106,Cincinnati Royals,/teams/CIN/1963.html,CIN,105,,
1963,"Wed, Nov 7, 1962",/boxscores/index.cgi?month=11&day=7&year=1962,,Box Score,/boxscores/196211070SFW.html,Los Angeles Lakers,/teams/LAL/1963.html,LAL,132,San Francisco Warriors,/teams/SFW/1963.html,SFW,108,,
1963,"Wed, Nov 7, 1962",/boxscores/index.cgi?month=11&day=7&year=1962,,Box Score,/boxscores/196211070STL.html,New York Knicks,/teams/NYK/1963.html,NYK,122,St. Louis Hawks,/teams/STL/1963.html,STL,112,,
1963,"Thu, Nov 8, 1962",/boxscores/index.cgi?month=11&day=8&year=1962,,Box Score,/boxscores/196211080DET.html,Cincinnati Royals,/teams/CIN/1963.html,CIN,114,Detroit Pistons,/teams/DET/1963.html,DET,116,,
1963,"Fri, Nov 9, 1962",/boxscores/index.cgi?month=11&day=9&year=1962,,Box Score,/boxscores/196211090BOS.html,Los Angeles Lakers,/teams/LAL/1963.html,LAL,133,Boston Celtics,/teams/BOS/1963.html,BOS,120,,
1963,"Fri, Nov 9, 1962",/boxscores/index.cgi?month=11&day=9&year=1962,,Box Score,/boxscores/196211090NYK.html,Cincinnati Royals,/teams/CIN/1963.html,CIN,122,New York Knicks,/teams/NYK/1963.html,NYK,119,,
1963,"Fri, Nov 9, 1962",/boxscores/index.cgi?month=11&day=9&year=1962,,Box Score,/boxscores/196211090SFW.html,Chicago Zephyrs,/teams/CHZ/1963.html,CHZ,126,San Francisco Warriors,/teams/SFW/1963.html,SFW,134,,
1963,"Fri, Nov 9, 1962",/boxscores/index.cgi?month=11&day=9&year=1962,,Box Score,/boxscores/196211090SYR.html,St. Louis Hawks,/teams/STL/1963.html,STL,93,Syracuse Nationals,/teams/SYR/1963.html,SYR,101,,
1963,"Sat, Nov 10, 1962",/boxscores/index.cgi?month=11&day=10&year=1962,,Box Score,/boxscores/196211100CIN.html,Detroit Pistons,/teams/DET/1963.html,DET,124,Cincinnati Royals,/teams/CIN/1963.html,CIN,135,,
1963,"Sat, Nov 10, 1962",/boxscores/index.cgi?month=11&day=10&year=1962,,Box Score,/boxscores/196211100SFW.html,Chicago Zephyrs,/teams/CHZ/1963.html,CHZ,108,San Francisco Warriors,/teams/SFW/1963.html,SFW,113,,
1963,"Sat, Nov 10, 1962",/boxscores/index.cgi?month=11&day=10&year=1962,,Box Score,/boxscores/196211100STL.html,Los Angeles Lakers,/teams/LAL/1963.html,LAL,96,St. Louis Hawks,/teams/STL/1963.html,STL,97,,
1963,"Sun, Nov 11, 1962",/boxscores/index.cgi?month=11&day=11&year=1962,,Box Score,/boxscores/196211110BOS.html,New York Knicks,/teams/NYK/1963.html,NYK,98,Boston Celtics,/teams/BOS/1963.html,BOS,117,,"at St. Louis, MO"
1963,"Sun, Nov 11, 1962",/boxscores/index.cgi?month=11&day=11&year=1962,,Box Score,/boxscores/196211110LAL.html,Chicago Zephyrs,/teams/CHZ/1963.html,CHZ,109,Los Angeles Lakers,/teams/LAL/1963.html,LAL,105,OT,
1963,"Sun, Nov 11, 1962",/boxscores/index.cgi?month=11&day=11&year=1962,,Box Score,/boxscores/196211110STL.html,Detroit Pistons,/teams/DET/1963.html,DET,100,St. Louis Hawks,/teams/STL/1963.html,STL,117,,
1963,"Mon, Nov 12, 1962",/boxscores/index.cgi?month=11&day=12&year=1962,,Box Score,/boxscores/196211120BOS.html,Cincinnati Royals,/teams/CIN/1963.html,CIN,126,Boston Celtics,/teams/BOS/1963.html,BOS,137,,
1963,"Tue, Nov 13, 1962",/boxscores/index.cgi?month=11&day=13&year=1962,,Box Score,/boxscores/196211130CIN.html,Detroit Pistons,/teams/DET/1963.html,DET,109,Cincinnati Royals,/teams/CIN/1963.html,CIN,127,,"at New York, NY"
1963,"Tue, Nov 13, 1962",/boxscores/index.cgi?month=11&day=13&year=1962,,Box Score,/boxscores/196211130LAL.html,Chicago Zephyrs,/teams/CHZ/1963.html,CHZ,84,Los Angeles Lakers,/teams/LAL/1963.html,LAL,107,,
1963,"Tue, Nov 13, 1962",/boxscores/index.cgi?month=11&day=13&year=1962,,Box Score,/boxscores/196211130NYK.html,Boston Celtics,/teams/BOS/1963.html,BOS,116,New York Knicks,/teams/NYK/1963.html,NYK,102,,
1963,"Tue, Nov 13, 1962",/boxscores/index.cgi?month=11&day=13&year=1962,,Box Score,/boxscores/196211130STL.html,San Francisco Warriors,/teams/SFW/1963.html,SFW,100,St. Louis Hawks,/teams/STL/1963.html,STL,132,,
1963,"Wed, Nov 14, 1962",/boxscores/index.cgi?month=11&day=14&year=1962,,Box Score,/boxscores/196211140CIN.html,Syracuse Nationals,/teams/SYR/1963.html,SYR,120,Cincinnati Royals,/teams/CIN/1963.html,CIN,125,,
1963,"Wed, Nov 14, 1962",/boxscores/index.cgi?month=11&day=14&year=1962,,Box Score,/boxscores/196211140DET.html,San Francisco Warriors,/teams/SFW/1963.html,SFW,115,Detroit Pistons,/teams/DET/1963.html,DET,123,,
1963,"Thu, Nov 15, 1962",/boxscores/index.cgi?month=11&day=15&year=1962,,Box Score,/boxscores/196211150CHZ.html,New York Knicks,/teams/NYK/1963.html,NYK,92,Chicago Zephyrs,/teams/CHZ/1963.html,CHZ,95,,
1963,"Thu, Nov 15, 1962",/boxscores/index.cgi?month=11&day=15&year=1962,,Box Score,/boxscores/196211150LAL.html,Syracuse Nationals,/teams/SYR/1963.html,SYR,120,Los Angeles Lakers,/teams/LAL/1963.html,LAL,98,,"at Baltimore, MD"
1963,"Fri, Nov 16, 1962",/boxscores/index.cgi?month=11&day=16&year=1962,,Box Score,/boxscores/196211160CIN.html,St. Louis Hawks,/teams/STL/1963.html,STL,111,Cincinnati Royals,/teams/CIN/1963.html,CIN,120,,
1963,"Fri, Nov 16, 1962",/boxscores/index.cgi?month=11&day=16&year=1962,,Box Score,/boxscores/196211160NYK.html,San Francisco Warriors,/teams/SFW/1963.html,SFW,127,New York Knicks,/teams/NYK/1963.html,NYK,111,,
1963,"Fri, Nov 16, 1962",/boxscores/index.cgi?month=11&day=16&year=1962,,Box Score,/boxscores/196211160SYR.html,Boston Celtics,/teams/BOS/1963.html,BOS,105,Syracuse Nationals,/teams/SYR/1963.html,SYR,113,,
1963,"Sat, Nov 17, 1962",/boxscores/index.cgi?month=11&day=17&year=1962,,Box Score,/boxscores/196211170BOS.html,San Francisco Warriors,/teams/SFW/1963.html,SFW,109,Boston Celtics,/teams/BOS/1963.html,BOS,127,,
1963,"Sat, Nov 17, 1962",/boxscores/index.cgi?month=11&day=17&year=1962,,Box Score,/boxscores/196211170CHZ.html,Los Angeles Lakers,/teams/LAL/1963.html,LAL,110,Chicago Zephyrs,/teams/CHZ/1963.html,CHZ,109,,
1963,"Sat, Nov 17, 1962",/boxscores/index.cgi?month=11&day=17&year=1962,,Box Score,/boxscores/196211170DET.html,New York Knicks,/teams/NYK/1963.html,NYK,113,Detroit Pistons,/teams/DET/1963.html,DET,121,OT,"at Boston, MA"
1963,"Sat, Nov 17, 1962",/boxscores/index.cgi?month=11&day=17&year=1962,,Box Score,/boxscores/196211170STL.html,Syracuse Nationals,/teams/SYR/1963.html,SYR,107,St. Louis Hawks,/teams/STL/1963.html,STL,113,,
1963,"Sun, Nov 18, 1962",/boxscores/index.cgi?month=11&day=18&year=1962,,Box Score,/boxscores/196211180CHZ.html,Syracuse Nationals,/teams/SYR/1963.html,SYR,110,Chicago Zephyrs,/teams/CHZ/1963.html,CHZ,107,,"at Detroit, MI"
1963,"Sun, Nov 18, 1962",/boxscores/index.cgi?month=11&day=18&year=1962,,Box Score,/boxscores/196211180CIN.html,San Francisco Warriors,/teams/SFW/1963.html,SFW,120,Cincinnati Royals,/teams/CIN/1963.html,CIN,132,,
1963,"Sun, Nov 18, 1962",/boxscores/index.cgi?month=11&day=18&year=1962,,Box Score,/boxscores/196211180DET.html,Los Angeles Lakers,/teams/LAL/1963.html,LAL,116,Detroit Pistons,/teams/DET/1963.html,DET,98,,
1963,"Tue, Nov 20, 1962",/boxscores/index.cgi?month=11&day=20&year=1962,,Box Score,/boxscores/196211200BOS.html,Chicago Zephyrs,/teams/CHZ/1963.html,CHZ,106,Boston Celtics,/teams/BOS/1963.html,BOS,113,,"at New York, NY"
1963,"Tue, Nov 20, 1962",/boxscores/index.cgi?month=11&day=20&year=1962,,Box Score,/boxscores/196211200NYK.html,St. Louis Hawks,/teams/STL/1963.html,STL,95,New York Knicks,/teams/NYK/1963.html,NYK,103,,
1963,"Wed, Nov 21, 1962",/boxscores/index.cgi?month=11&day=21&year=1962,,Box Score,/boxscores/196211210BOS.html,St. Louis Hawks,/teams/STL/1963.html,STL,106,Boston Celtics,/teams/BOS/1963.html,BOS,115,,
1963,"Wed, Nov 21, 1962",/boxscores/index.cgi?month=11&day=21&year=1962,,Box Score,/boxscores/196211210CHZ.html,New York Knicks,/teams/NYK/1963.html,NYK,137,Chicago Zephyrs,/teams/CHZ/1963.html,CHZ,108,,"at Boston, MA"
1963,"Wed, Nov 21, 1962",/boxscores/index.cgi?month=11&day=21&year=1962,,Box Score,/boxscores/196211210DET.html,Syracuse Nationals,/teams/SYR/1963.html,SYR,122,Detroit Pistons,/teams/DET/1963.html,DET,120,,
1963,"Wed, Nov 21, 1962",/boxscores/index.cgi?month=11&day=21&year=1962,,Box Score,/boxscores/196211210SFW.html,Cincinnati Royals,/teams/CIN/1963.html,CIN,143,San Francisco Warriors,/teams/SFW/1963.html,SFW,139,,
1963,"Thu, Nov 22, 1962",/boxscores/index.cgi?month=11&day=22&year=1962,,Box Score,/boxscores/196211220BOS.html,Syracuse Nationals,/teams/SYR/1963.html,SYR,130,Boston Celtics,/teams/BOS/1963.html,BOS,120,,"at Philadelphia, PA"
1963,"Thu, Nov 22, 1962",/boxscores/index.cgi?month=11&day=22&year=1962,,Box Score,/boxscores/196211220LAL.html,Cincinnati Royals,/teams/CIN/1963.html,CIN,110,Los Angeles Lakers,/teams/LAL/1963.html,LAL,134,,
1963,"Thu, Nov 22, 1962",/boxscores/index.cgi?month=11&day=22&year=1962,,Box Score,/boxscores/196211220STL.html,Detroit Pistons,/teams/DET/1963.html,DET,91,St. Louis Hawks,/teams/STL/1963.html,STL,106,,
1963,"Fri, Nov 23, 1962",/boxscores/index.cgi?month=11&day=23&year=1962,,Box Score,/boxscores/196211230BOS.html,Chicago Zephyrs,/teams/CHZ/1963.html,CHZ,104,Boston Celtics,/teams/BOS/1963.html,BOS,116,,"at Providence, RI"
1963,"Fri, Nov 23, 1962",/boxscores/index.cgi?month=11&day=23&year=1962,,Box Score,/boxscores/196211230DET.html,St. Louis Hawks,/teams/STL/1963.html,STL,121,Detroit Pistons,/teams/DET/1963.html,DET,93,,
1963,"Fri, Nov 23, 1962",/boxscores/index.cgi?month=11&day=23&year=1962,,Box Score,/boxscores/196211230NYK.html,Syracuse Nationals,/teams/SYR/1963.html,SYR,110,New York Knicks,/teams/NYK/1963.html,NYK,116,,
1963,"Fri, Nov 23, 1962",/boxscores/index.cgi?month=11&day=23&year=1962,,Box Score,/boxscores/196211230SFW.html,Los Angeles Lakers,/teams/LAL/1963.html,LAL,129,San Francisco Warriors,/teams/SFW/1963.html,SFW,124,,
1963,"Sat, Nov 24, 1962",/boxscores/index.cgi?month=11&day=24&year=1962,,Box Score,/boxscores/196211240CHZ.html,Detroit Pistons,/teams/DET/1963.html,DET,103,Chicago Zephyrs,/teams/CHZ/1963.html,CHZ,104,,
1963,"Sat, Nov 24, 1962",/boxscores/index.cgi?month=11&day=24&year=1962,,Box Score,/boxscores/196211240LAL.html,Cincinnati Royals,/teams/CIN/1963.html,CIN,123,Los Angeles Lakers,/teams/LAL/1963.html,LAL,129,,
1963,"Sat, Nov 24, 1962",/boxscores/index.cgi?month=11&day=24&year=1962,,Box Score,/boxscores/196211240STL.html,Boston Celtics,/teams/BOS/1963.html,BOS,95,St. Louis Hawks,/teams/STL/1963.html,STL,97,,
1963,"Sat, Nov 24, 1962",/boxscores/index.cgi?month=11&day=24&year=1962,,Box Score,/boxscores/196211240SYR.html,New York Knicks,/teams/NYK/1963.html,NYK,126,Syracuse Nationals,/teams/SYR/1963.html,SYR,137,,
1963,"Sun, Nov 25, 1962",/boxscores/index.cgi?month=11&day=25&year=1962,,Box Score,/boxscores/196211250SFW.html,Cincinnati Royals,/teams/CIN/1963.html,CIN,128,San Francisco Warriors,/teams/SFW/1963.html,SFW,115,,
1963,"Mon, Nov 26, 1962",/boxscores/index.cgi?month=11&day=26&year=1962,,Box Score,/boxscores/196211260LAL.html,Chicago Zephyrs,/teams/CHZ/1963.html,CHZ,106,Los Angeles Lakers,/teams/LAL/1963.html,LAL,128,,
1963,"Tue, Nov 27, 1962",/boxscores/index.cgi?month=11&day=27&year=1962,,Box Score,/boxscores/196211270BOS.html,Detroit Pistons,/teams/DET/1963.html,DET,115,Boston Celtics,/teams/BOS/1963.html,BOS,125,,"at New York, NY"
1963,"Tue, Nov 27, 1962",/boxscores/index.cgi?month=11&day=27&year=1962,,Box Score,/boxscores/196211270NYK.html,Cincinnati Royals,/teams/CIN/1963.html,CIN,139,New York Knicks,/teams/NYK/1963.html,NYK,129,,
1963,"Tue, Nov 27, 1962",/boxscores/index.cgi?month=11&day=27&year=1962,,Box Score,/boxscores/196211270SFW.html,Chicago Zephyrs,/teams/CHZ/1963.html,CHZ,115,San Francisco Warriors,/teams/SFW/1963.html,SFW,107,,
1963,"Tue, Nov 27, 1962",/boxscores/index.cgi?month=11&day=27&year=1962,,Box Score,/boxscores/196211270STL.html,Syracuse Nationals,/teams/SYR/1963.html,SYR,105,St. Louis Hawks,/teams/STL/1963.html,STL,120,,
1963,"Wed, Nov 28, 1962",/boxscores/index.cgi?month=11&day=28&year=1962,,Box Score,/boxscores/196211280DET.html,New York Knicks,/teams/NYK/1963.html,NYK,101,Detroit Pistons,/teams/DET/1963.html,DET,143,,
1963,"Wed, Nov 28, 1962",/boxscores/index.cgi?month=11&day=28&year=1962,,Box Score,/boxscores/196211280LAL.html,St. Louis Hawks,/teams/STL/1963.html,STL,110,Los Angeles Lakers,/teams/LAL/1963.html,LAL,116,,
1963,"Thu, Nov 29, 1962",/boxscores/index.cgi?month=11&day=29&year=1962,,Box Score,/boxscores/196211290CHZ.html,Syracuse Nationals,/teams/SYR/1963.html,SYR,112,Chicago Zephyrs,/teams/CHZ/1963.html,CHZ,85,,
1963,"Thu, Nov 29, 1962",/boxscores/index.cgi?month=11&day=29&year=1962,,Box Score,/boxscores/196211290SFW.html,St. Louis Hawks,/teams/STL/1963.html,STL,128,San Francisco Warriors,/teams/SFW/1963.html,SFW,121,,
1963,"Fri, Nov 30, 1962",/boxscores/index.cgi?month=11&day=30&year=1962,,Box Score,/boxscores/196211300CIN.html,Syracuse Nationals,/teams/SYR/1963.html,SYR,117,Cincinnati Royals,/teams/CIN/1963.html,CIN,130,,
1963,"Sat, Dec 1, 1962",/boxscores/index.cgi?month=12&day=1&year=1962,,Box Score,/boxscores/196212010BOS.html,Syracuse Nationals,/teams/SYR/1963.html,SYR,110,Boston Celtics,/teams/BOS/1963.html,BOS,129,,
1963,"Sat, Dec 1, 1962",/boxscores/index.cgi?month=12&day=1&year=1962,,Box Score,/boxscores/196212010CHZ.html,Cincinnati Royals,/teams/CIN/1963.html,CIN,131,Chicago Zephyrs,/teams/CHZ/1963.html,CHZ,121,,
1963,"Sat, Dec 1, 1962",/boxscores/index.cgi?month=12&day=1&year=1962,,Box Score,/boxscores/196212010DET.html,New York Knicks,/teams/NYK/1963.html,NYK,115,Detroit Pistons,/teams/DET/1963.html,DET,117,,"at Boston, MA"
1963,"Sat, Dec 1, 1962",/boxscores/index.cgi?month=12&day=1&year=1962,,Box Score,/boxscores/196212010LAL.html,St. Louis Hawks,/teams/STL/1963.html,STL,97,Los Angeles Lakers,/teams/LAL/1963.html,LAL,110,,
1963,"Sun, Dec 2, 1962",/boxscores/index.cgi?month=12&day=2&year=1962,,Box Score,/boxscores/196212020CIN.html,Boston Celtics,/teams/BOS/1963.html,BOS,128,Cincinnati Royals,/teams/CIN/1963.html,CIN,127,OT,
1963,"Sun, Dec 2, 1962",/boxscores/index.cgi?month=12&day=2&year=1962,,Box Score,/boxscores/196212020SFW.html,St. Louis Hawks,/teams/STL/1963.html,STL,122,San Francisco Warriors,/teams/SFW/1963.html,SFW,116,,
1963,"Tue, Dec 4, 1962",/boxscores/index.cgi?month=12&day=4&year=1962,,Box Score,/boxscores/196212040DET.html,Syracuse Nationals,/teams/SYR/1963.html,SYR,129,Detroit Pistons,/teams/DET/1963.html,DET,130,,"at New York, NY"
1963,"Tue, Dec 4, 1962",/boxscores/index.cgi?month=12&day=4&year=1962,,Box Score,/boxscores/196212040NYK.html,Los Angeles Lakers,/teams/LAL/1963.html,LAL,132,New York Knicks,/teams/NYK/1963.html,NYK,112,,
1963,"Tue, Dec 4, 1962",/boxscores/index.cgi?month=12&day=4&year=1962,,Box Score,/boxscores/196212040STL.html,Chicago Zephyrs,/teams/CHZ/1963.html,CHZ,102,St. Louis Hawks,/teams/STL/1963.html,STL,104,,
1963,"Wed, Dec 5, 1962",/boxscores/index.cgi?month=12&day=5&year=1962,,Box Score,/boxscores/196212050CHZ.html,New York Knicks,/teams/NYK/1963.html,NYK,133,Chicago Zephyrs,/teams/CHZ/1963.html,CHZ,117,,"at Detroit, MI"
1963,"Wed, Dec 5, 1962",/boxscores/index.cgi?month=12&day=5&year=1962,,Box Score,/boxscores/196212050DET.html,Boston Celtics,/teams/BOS/1963.html,BOS,106,Detroit Pistons,/teams/DET/1963.html,DET,93,,
1963,"Thu, Dec 6, 1962",/boxscores/index.cgi?month=12&day=6&year=1962,,Box Score,/boxscores/196212060CHZ.html,St. Louis Hawks,/teams/STL/1963.html,STL,93,Chicago Zephyrs,/teams/CHZ/1963.html,CHZ,106,,
1963,"Thu, Dec 6, 1962",/boxscores/index.cgi?month=12&day=6&year=1962,,Box Score,/boxscores/196212060CIN.html,New York Knicks,/teams/NYK/1963.html,NYK,99,Cincinnati Royals,/teams/CIN/1963.html,CIN,96,,
1963,"Fri, Dec 7, 1962",/boxscores/index.cgi?month=12&day=7&year=1962,,Box Score,/boxscores/196212070BOS.html,Los Angeles Lakers,/teams/LAL/1963.html,LAL,112,Boston Celtics,/teams/BOS/1963.html,BOS,126,,
1963,"Fri, Dec 7, 1962",/boxscores/index.cgi?month=12&day=7&year=1962,,Box Score,/boxscores/196212070CHZ.html,Syracuse Nationals,/teams/SYR/1963.html,SYR,149,Chicago Zephyrs,/teams/CHZ/1963.html,CHZ,129,,"at Rochester, NY"
1963,"Fri, Dec 7, 1962",/boxscores/index.cgi?month=12&day=7&year=1962,,Box Score,/boxscores/196212070DET.html,San Francisco Warriors,/teams/SFW/1963.html,SFW,116,Detroit Pistons,/teams/DET/1963.html,DET,123,,
1963,"Sat, Dec 8, 1962",/boxscores/index.cgi?month=12&day=8&year=1962,,Box Score,/boxscores/196212080CIN.html,Los Angeles Lakers,/teams/LAL/1963.html,LAL,131,Cincinnati Royals,/teams/CIN/1963.html,CIN,128,OT,
1963,"Sat, Dec 8, 1962",/boxscores/index.cgi?month=12&day=8&year=1962,,Box Score,/boxscores/196212080NYK.html,Detroit Pistons,/teams/DET/1963.html,DET,78,New York Knicks,/teams/NYK/1963.html,NYK,87,,
1963,"Sat, Dec 8, 1962",/boxscores/index.cgi?month=12&day=8&year=1962,,Box Score,/boxscores/196212080STL.html,San Francisco Warriors,/teams/SFW/1963.html,SFW,129,St. Louis Hawks,/teams/STL/1963.html,STL,145,,
1963,"Sat, Dec 8, 1962",/boxscores/index.cgi?month=12&day=8&year=1962,,Box Score,/boxscores/196212080SYR.html,Boston Celtics,/teams/BOS/1963.html,BOS,97,Syracuse Nationals,/teams/SYR/1963.html,SYR,102,,
1963,"Sun, Dec 9, 1962",/boxscores/index.cgi?month=12&day=9&year=1962,,Box Score,/boxscores/196212090CHZ.html,San Francisco Warriors,/teams/SFW/1963.html,SFW,102,Chicago Zephyrs,/teams/CHZ/1963.html,CHZ,110,,
1963,"Sun, Dec 9, 1962",/boxscores/index.cgi?month=12&day=9&year=1962,,Box Score,/boxscores/196212090DET.html,St. Louis Hawks,/teams/STL/1963.html,STL,119,Detroit Pistons,/teams/DET/1963.html,DET,123,,"at Fort Wayne, IN"
1963,"Sun, Dec 9, 1962",/boxscores/index.cgi?month=12&day=9&year=1962,,Box Score,/boxscores/196212090LAL.html,Syracuse Nationals,/teams/SYR/1963.html,SYR,117,Los Angeles Lakers,/teams/LAL/1963.html,LAL,114,,"at Minneapolis, MN"
1963,"Mon, Dec 10, 1962",/boxscores/index.cgi?month=12&day=10&year=1962,,Box Score,/boxscores/196212100CHZ.html,Detroit Pistons,/teams/DET/1963.html,DET,109,Chicago Zephyrs,/teams/CHZ/1963.html,CHZ,100,,"at Baltimore, MD"
1963,"Tue, Dec 11, 1962",/boxscores/index.cgi?month=12&day=11&year=1962,,Box Score,/boxscores/196212110CIN.html,Los Angeles Lakers,/teams/LAL/1963.html,LAL,124,Cincinnati Royals,/teams/CIN/1963.html,CIN,121,,"at New York, NY"
1963,"Tue, Dec 11, 1962",/boxscores/index.cgi?month=12&day=11&year=1962,,Box Score,/boxscores/196212110NYK.html,Boston Celtics,/teams/BOS/1963.html,BOS,87,New York Knicks,/teams/NYK/1963.html,NYK,95,,
1963,"Tue, Dec 11, 1962",/boxscores/index.cgi?month=12&day=11&year=1962,,Box Score,/boxscores/196212110SFW.html,Syracuse Nationals,/teams/SYR/1963.html,SYR,124,San Francisco Warriors,/teams/SFW/1963.html,SFW,136,,
1963,"Wed, Dec 12, 1962",/boxscores/index.cgi?month=12&day=12&year=1962,,Box Score,/boxscores/196212120BOS.html,St. Louis Hawks,/teams/STL/1963.html,STL,98,Boston Celtics,/teams/BOS/1963.html,BOS,111,,
1963,"Wed, Dec 12, 1962",/boxscores/index.cgi?month=12&day=12&year=1962,,Box Score,/boxscores/196212120CHZ.html,Cincinnati Royals,/teams/CIN/1963.html,CIN,102,Chicago Zephyrs,/teams/CHZ/1963.html,CHZ,105,,"at Boston, MA"
1963,"Wed, Dec 12, 1962",/boxscores/index.cgi?month=12&day=12&year=1962,,Box Score,/boxscores/196212120DET.html,New York Knicks,/teams/NYK/1963.html,NYK,106,Detroit Pistons,/teams/DET/1963.html,DET,115,,
1963,"Wed, Dec 12, 1962",/boxscores/index.cgi?month=12&day=12&year=1962,,Box Score,/boxscores/196212120LAL.html,Syracuse Nationals,/teams/SYR/1963.html,SYR,120,Los Angeles Lakers,/teams/LAL/1963.html,LAL,126,,
1963,"Thu, Dec 13, 1962",/boxscores/index.cgi?month=12&day=13&year=1962,,Box Score,/boxscores/196212130BOS.html,Detroit Pistons,/teams/DET/1963.html,DET,93,Boston Celtics,/teams/BOS/1963.html,BOS,103,,"at Providence, RI"
1963,"Thu, Dec 13, 1962",/boxscores/index.cgi?month=12&day=13&year=1962,,Box Score,/boxscores/196212130CHZ.html,Cincinnati Royals,/teams/CIN/1963.html,CIN,142,Chicago Zephyrs,/teams/CHZ/1963.html,CHZ,123,,"at Indianapolis, IN"
1963,"Fri, Dec 14, 1962",/boxscores/index.cgi?month=12&day=14&year=1962,,Box Score,/boxscores/196212140SFW.html,Los Angeles Lakers,/teams/LAL/1963.html,LAL,120,San Francisco Warriors,/teams/SFW/1963.html,SFW,118,,
1963,"Sat, Dec 15, 1962",/boxscores/index.cgi?month=12&day=15&year=1962,,Box Score,/boxscores/196212150BOS.html,Cincinnati Royals,/teams/CIN/1963.html,CIN,124,Boston Celtics,/teams/BOS/1963.html,BOS,120,,
1963,"Sat, Dec 15, 1962",/boxscores/index.cgi?month=12&day=15&year=1962,,Box Score,/boxscores/196212150CHZ.html,New York Knicks,/teams/NYK/1963.html,NYK,101,Chicago Zephyrs,/teams/CHZ/1963.html,CHZ,142,,
1963,"Sat, Dec 15, 1962",/boxscores/index.cgi?month=12&day=15&year=1962,,Box Score,/boxscores/196212150DET.html,St. Louis Hawks,/teams/STL/1963.html,STL,112,Detroit Pistons,/teams/DET/1963.html,DET,94,,
1963,"Sat, Dec 15, 1962",/boxscores/index.cgi?month=12&day=15&year=1962,,Box Score,/boxscores/196212150LAL.html,San Francisco Warriors,/teams/SFW/1963.html,SFW,104,Los Angeles Lakers,/teams/LAL/1963.html,LAL,113,,
1963,"Sun, Dec 16, 1962",/boxscores/index.cgi?month=12&day=16&year=1962,,Box Score,/boxscores/196212160CHZ.html,Detroit Pistons,/teams/DET/1963.html,DET,106,Chicago Zephyrs,/teams/CHZ/1963.html,CHZ,110,,"at St. Louis, MO"
1963,"Sun, Dec 16, 1962",/boxscores/index.cgi?month=12&day=16&year=1962,,Box Score,/boxscores/196212160SFW.html,Syracuse Nationals,/teams/SYR/1963.html,SYR,144,San Francisco Warriors,/teams/SFW/1963.html,SFW,137,,
1963,"Sun, Dec 16, 1962",/boxscores/index.cgi?month=12&day=16&year=1962,,Box Score,/boxscores/196212160STL.html,New York Knicks,/teams/NYK/1963.html,NYK,108,St. Louis Hawks,/teams/STL/1963.html,STL,115,,
1963,"Mon, Dec 17, 1962",/boxscores/index.cgi?month=12&day=17&year=1962,,Box Score,/boxscores/196212170LAL.html,Syracuse Nationals,/teams/SYR/1963.html,SYR,114,Los Angeles Lakers,/teams/LAL/1963.html,LAL,121,,
1963,"Tue, Dec 18, 1962",/boxscores/index.cgi?month=12&day=18&year=1962,,Box Score,/boxscores/196212180CHZ.html,Detroit Pistons,/teams/DET/1963.html,DET,110,Chicago Zephyrs,/teams/CHZ/1963.html,CHZ,113,,"at New York, NY"
1963,"Tue, Dec 18, 1962",/boxscores/index.cgi?month=12&day=18&year=1962,,Box Score,/boxscores/196212180NYK.html,Cincinnati Royals,/teams/CIN/1963.html,CIN,102,New York Knicks,/teams/NYK/1963.html,NYK,103,,
1963,"Tue, Dec 18, 1962",/boxscores/index.cgi?month=12&day=18&year=1962,,Box Score,/boxscores/196212180SFW.html,St. Louis Hawks,/teams/STL/1963.html,STL,110,San Francisco Warriors,/teams/SFW/1963.html,SFW,130,,
1963,"Wed, Dec 19, 1962",/boxscores/index.cgi?month=12&day=19&year=1962,,Box Score,/boxscores/196212190CIN.html,Syracuse Nationals,/teams/SYR/1963.html,SYR,120,Cincinnati Royals,/teams/CIN/1963.html,CIN,129,,
1963,"Wed, Dec 19, 1962",/boxscores/index.cgi?month=12&day=19&year=1962,,Box Score,/boxscores/196212190DET.html,Chicago Zephyrs,/teams/CHZ/1963.html,CHZ,113,Detroit Pistons,/teams/DET/1963.html,DET,115,,
1963,"Wed, Dec 19, 1962",/boxscores/index.cgi?month=12&day=19&year=1962,,Box Score,/boxscores/196212190LAL.html,St. Louis Hawks,/teams/STL/1963.html,STL,106,Los Angeles Lakers,/teams/LAL/1963.html,LAL,135,,
1963,"Fri, Dec 21, 1962",/boxscores/index.cgi?month=12&day=21&year=1962,,Box Score,/boxscores/196212210CIN.html,Chicago Zephyrs,/teams/CHZ/1963.html,CHZ,116,Cincinnati Royals,/teams/CIN/1963.html,CIN,129,,
1963,"Fri, Dec 21, 1962",/boxscores/index.cgi?month=12&day=21&year=1962,,Box Score,/boxscores/196212210DET.html,San Francisco Warriors,/teams/SFW/1963.html,SFW,122,Detroit Pistons,/teams/DET/1963.html,DET,113,,
1963,"Fri, Dec 21, 1962",/boxscores/index.cgi?month=12&day=21&year=1962,,Box Score,/boxscores/196212210LAL.html,St. Louis Hawks,/teams/STL/1963.html,STL,105,Los Angeles Lakers,/teams/LAL/1963.html,LAL,100,,
1963,"Sat, Dec 22, 1962",/boxscores/index.cgi?month=12&day=22&year=1962,,Box Score,/boxscores/196212220BOS.html,New York Knicks,/teams/NYK/1963.html,NYK,120,Boston Celtics,/teams/BOS/1963.html,BOS,106,,
1963,"Sat, Dec 22, 1962",/boxscores/index.cgi?month=12&day=22&year=1962,,Box Score,/boxscores/196212220CHZ.html,Detroit Pistons,/teams/DET/1963.html,DET,122,Chicago Zephyrs,/teams/CHZ/1963.html,CHZ,110,,"at Boston, MA"
1963,"Sat, Dec 22, 1962",/boxscores/index.cgi?month=12&day=22&year=1962,,Box Score,/boxscores/196212220SYR.html,San Francisco Warriors,/teams/SFW/1963.html,SFW,123,Syracuse Nationals,/teams/SYR/1963.html,SYR,118,,
1963,"Tue, Dec 25, 1962",/boxscores/index.cgi?month=12&day=25&year=1962,,Box Score,/boxscores/196212250CIN.html,Detroit Pistons,/teams/DET/1963.html,DET,120,Cincinnati Royals,/teams/CIN/1963.html,CIN,131,,
1963,"Tue, Dec 25, 1962",/boxscores/index.cgi?month=12&day=25&year=1962,,Box Score,/boxscores/196212250NYK.html,Syracuse Nationals,/teams/SYR/1963.html,SYR,123,New York Knicks,/teams/NYK/1963.html,NYK,111,,
1963,"Tue, Dec 25, 1962",/boxscores/index.cgi?month=12&day=25&year=1962,,Box Score,/boxscores/196212250SFW.html,St. Louis Hawks,/teams/STL/1963.html,STL,91,San Francisco Warriors,/teams/SFW/1963.html,SFW,94,,"at New York, NY"
1963,"Wed, Dec 26, 1962",/boxscores/index.cgi?month=12&day=26&year=1962,,Box Score,/boxscores/196212260BOS.html,San Francisco Warriors,/teams/SFW/1963.html,SFW,113,Boston Celtics,/teams/BOS/1963.html,BOS,116,,
1963,"Wed, Dec 26, 1962",/boxscores/index.cgi?month=12&day=26&year=1962,,Box Score,/boxscores/196212260CHZ.html,Detroit Pistons,/teams/DET/1963.html,DET,123,Chicago Zephyrs,/teams/CHZ/1963.html,CHZ,116,,
1963,"Wed, Dec 26, 1962",/boxscores/index.cgi?month=12&day=26&year=1962,,Box Score,/boxscores/196212260STL.html,Los Angeles Lakers,/teams/LAL/1963.html,LAL,104,St. Louis Hawks,/teams/STL/1963.html,STL,106,,
1963,"Thu, Dec 27, 1962",/boxscores/index.cgi?month=12&day=27&year=1962,,Box Score,/boxscores/196212270BOS.html,San Francisco Warriors,/teams/SFW/1963.html,SFW,102,Boston Celtics,/teams/BOS/1963.html,BOS,108,,"at Syracuse, NY"
1963,"Thu, Dec 27, 1962",/boxscores/index.cgi?month=12&day=27&year=1962,,Box Score,/boxscores/196212270SYR.html,New York Knicks,/teams/NYK/1963.html,NYK,92,Syracuse Nationals,/teams/SYR/1963.html,SYR,128,,
1963,"Fri, Dec 28, 1962",/boxscores/index.cgi?month=12&day=28&year=1962,,Box Score,/boxscores/196212280CIN.html,Boston Celtics,/teams/BOS/1963.html,BOS,121,Cincinnati Royals,/teams/CIN/1963.html,CIN,113,,
1963,"Fri, Dec 28, 1962",/boxscores/index.cgi?month=12&day=28&year=1962,,Box Score,/boxscores/196212280SFW.html,Syracuse Nationals,/teams/SYR/1963.html,SYR,117,San Francisco Warriors,/teams/SFW/1963.html,SFW,124,,"at Philadelphia, PA"
1963,"Sat, Dec 29, 1962",/boxscores/index.cgi?month=12&day=29&year=1962,,Box Score,/boxscores/196212290CHZ.html,Cincinnati Royals,/teams/CIN/1963.html,CIN,104,Chicago Zephyrs,/teams/CHZ/1963.html,CHZ,108,,
1963,"Sat, Dec 29, 1962",/boxscores/index.cgi?month=12&day=29&year=1962,,Box Score,/boxscores/196212290NYK.html,San Francisco Warriors,/teams/SFW/1963.html,SFW,114,New York Knicks,/teams/NYK/1963.html,NYK,109,,
1963,"Sat, Dec 29, 1962",/boxscores/index.cgi?month=12&day=29&year=1962,,Box Score,/boxscores/196212290STL.html,Boston Celtics,/teams/BOS/1963.html,BOS,100,St. Louis Hawks,/teams/STL/1963.html,STL,102,,
1963,"Sat, Dec 29, 1962",/boxscores/index.cgi?month=12&day=29&year=1962,,Box Score,/boxscores/196212290SYR.html,Los Angeles Lakers,/teams/LAL/1963.html,LAL,132,Syracuse Nationals,/teams/SYR/1963.html,SYR,123,,
1963,"Sun, Dec 30, 1962",/boxscores/index.cgi?month=12&day=30&year=1962,,Box Score,/boxscores/196212300CHZ.html,St. Louis Hawks,/teams/STL/1963.html,STL,107,Chicago Zephyrs,/teams/CHZ/1963.html,CHZ,100,,
1963,"Sun, Dec 30, 1962",/boxscores/index.cgi?month=12&day=30&year=1962,,Box Score,/boxscores/196212300DET.html,Los Angeles Lakers,/teams/LAL/1963.html,LAL,135,Detroit Pistons,/teams/DET/1963.html,DET,130,,
1963,"Tue, Jan 1, 1963",/boxscores/index.cgi?month=1&day=1&year=1963,,Box Score,/boxscores/196301010CIN.html,New York Knicks,/teams/NYK/1963.html,NYK,106,Cincinnati Royals,/teams/CIN/1963.html,CIN,112,OT,
1963,"Wed, Jan 2, 1963",/boxscores/index.cgi?month=1&day=2&year=1963,,Box Score,/boxscores/196301020DET.html,Cincinnati Royals,/teams/CIN/1963.html,CIN,118,Detroit Pistons,/teams/DET/1963.html,DET,138,,
1963,"Wed, Jan 2, 1963",/boxscores/index.cgi?month=1&day=2&year=1963,,Box Score,/boxscores/196301020SFW.html,Boston Celtics,/teams/BOS/1963.html,BOS,135,San Francisco Warriors,/teams/SFW/1963.html,SFW,120,OT,
1963,"Wed, Jan 2, 1963",/boxscores/index.cgi?month=1&day=2&year=1963,,Box Score,/boxscores/196301020SYR.html,St. Louis Hawks,/teams/STL/1963.html,STL,95,Syracuse Nationals,/teams/SYR/1963.html,SYR,120,,
1963,"Thu, Jan 3, 1963",/boxscores/index.cgi?month=1&day=3&year=1963,,Box Score,/boxscores/196301030NYK.html,Syracuse Nationals,/teams/SYR/1963.html,SYR,115,New York Knicks,/teams/NYK/1963.html,NYK,123,,"at Baltimore, MD"
1963,"Fri, Jan 4, 1963",/boxscores/index.cgi?month=1&day=4&year=1963,,Box Score,/boxscores/196301040CIN.html,San Francisco Warriors,/teams/SFW/1963.html,SFW,129,Cincinnati Royals,/teams/CIN/1963.html,CIN,130,,
1963,"Fri, Jan 4, 1963",/boxscores/index.cgi?month=1&day=4&year=1963,,Box Score,/boxscores/196301040DET.html,St. Louis Hawks,/teams/STL/1963.html,STL,121,Detroit Pistons,/teams/DET/1963.html,DET,100,,"at New York, NY"
1963,"Fri, Jan 4, 1963",/boxscores/index.cgi?month=1&day=4&year=1963,,Box Score,/boxscores/196301040LAL.html,Boston Celtics,/teams/BOS/1963.html,BOS,123,Los Angeles Lakers,/teams/LAL/1963.html,LAL,125,,
1963,"Fri, Jan 4, 1963",/boxscores/index.cgi?month=1&day=4&year=1963,,Box Score,/boxscores/196301040NYK.html,Chicago Zephyrs,/teams/CHZ/1963.html,CHZ,108,New York Knicks,/teams/NYK/1963.html,NYK,129,,
1963,"Sat, Jan 5, 1963",/boxscores/index.cgi?month=1&day=5&year=1963,,Box Score,/boxscores/196301050CHZ.html,San Francisco Warriors,/teams/SFW/1963.html,SFW,127,Chicago Zephyrs,/teams/CHZ/1963.html,CHZ,126,,
1963,"Sat, Jan 5, 1963",/boxscores/index.cgi?month=1&day=5&year=1963,,Box Score,/boxscores/196301050CIN.html,Syracuse Nationals,/teams/SYR/1963.html,SYR,136,Cincinnati Royals,/teams/CIN/1963.html,CIN,117,,"at Utica, NY"
1963,"Sat, Jan 5, 1963",/boxscores/index.cgi?month=1&day=5&year=1963,,Box Score,/boxscores/196301050DET.html,St. Louis Hawks,/teams/STL/1963.html,STL,90,Detroit Pistons,/teams/DET/1963.html,DET,92,,
1963,"Sat, Jan 5, 1963",/boxscores/index.cgi?month=1&day=5&year=1963,,Box Score,/boxscores/196301050LAL.html,Boston Celtics,/teams/BOS/1963.html,BOS,104,Los Angeles Lakers,/teams/LAL/1963.html,LAL,106,,
1963,"Sun, Jan 6, 1963",/boxscores/index.cgi?month=1&day=6&year=1963,,Box Score,/boxscores/196301060CIN.html,Los Angeles Lakers,/teams/LAL/1963.html,LAL,120,Cincinnati Royals,/teams/CIN/1963.html,CIN,119,OT,
1963,"Sun, Jan 6, 1963",/boxscores/index.cgi?month=1&day=6&year=1963,,Box Score,/boxscores/196301060NYK.html,Detroit Pistons,/teams/DET/1963.html,DET,103,New York Knicks,/teams/NYK/1963.html,NYK,102,,
1963,"Sun, Jan 6, 1963",/boxscores/index.cgi?month=1&day=6&year=1963,,Box Score,/boxscores/196301060STL.html,San Francisco Warriors,/teams/SFW/1963.html,SFW,103,St. Louis Hawks,/teams/STL/1963.html,STL,114,,
1963,"Sun, Jan 6, 1963",/boxscores/index.cgi?month=1&day=6&year=1963,,Box Score,/boxscores/196301060SYR.html,Chicago Zephyrs,/teams/CHZ/1963.html,CHZ,102,Syracuse Nationals,/teams/SYR/1963.html,SYR,114,,
1963,"Tue, Jan 8, 1963",/boxscores/index.cgi?month=1&day=8&year=1963,,Box Score,/boxscores/196301080CIN.html,Syracuse Nationals,/teams/SYR/1963.html,SYR,119,Cincinnati Royals,/teams/CIN/1963.html,CIN,116,,"at Dayton, OH"
1963,"Tue, Jan 8, 1963",/boxscores/index.cgi?month=1&day=8&year=1963,,Box Score,/boxscores/196301080DET.html,New York Knicks,/teams/NYK/1963.html,NYK,93,Detroit Pistons,/teams/DET/1963.html,DET,109,,"at Toledo, OH"
1963,"Tue, Jan 8, 1963",/boxscores/index.cgi?month=1&day=8&year=1963,,Box Score,/boxscores/196301080SFW.html,Boston Celtics,/teams/BOS/1963.html,BOS,118,San Francisco Warriors,/teams/SFW/1963.html,SFW,112,,
1963,"Tue, Jan 8, 1963",/boxscores/index.cgi?month=1&day=8&year=1963,,Box Score,/boxscores/196301080STL.html,Los Angeles Lakers,/teams/LAL/1963.html,LAL,99,St. Louis Hawks,/teams/STL/1963.html,STL,96,,
1963,"Wed, Jan 9, 1963",/boxscores/index.cgi?month=1&day=9&year=1963,,Box Score,/boxscores/196301090CHZ.html,Boston Celtics,/teams/BOS/1963.html,BOS,123,Chicago Zephyrs,/teams/CHZ/1963.html,CHZ,131,,
1963,"Wed, Jan 9, 1963",/boxscores/index.cgi?month=1&day=9&year=1963,,Box Score,/boxscores/196301090DET.html,Los Angeles Lakers,/teams/LAL/1963.html,LAL,123,Detroit Pistons,/teams/DET/1963.html,DET,115,,
1963,"Wed, Jan 9, 1963",/boxscores/index.cgi?month=1&day=9&year=1963,,Box Score,/boxscores/196301090NYK.html,St. Louis Hawks,/teams/STL/1963.html,STL,110,New York Knicks,/teams/NYK/1963.html,NYK,95,,"at Detroit, MI"
1963,"Wed, Jan 9, 1963",/boxscores/index.cgi?month=1&day=9&year=1963,,Box Score,/boxscores/196301090SYR.html,Cincinnati Royals,/teams/CIN/1963.html,CIN,116,Syracuse Nationals,/teams/SYR/1963.html,SYR,112,,
1963,"Thu, Jan 10, 1963",/boxscores/index.cgi?month=1&day=10&year=1963,,Box Score,/boxscores/196301100CIN.html,Boston Celtics,/teams/BOS/1963.html,BOS,121,Cincinnati Royals,/teams/CIN/1963.html,CIN,130,,
1963,"Fri, Jan 11, 1963",/boxscores/index.cgi?month=1&day=11&year=1963,,Box Score,/boxscores/196301110BOS.html,Syracuse Nationals,/teams/SYR/1963.html,SYR,117,Boston Celtics,/teams/BOS/1963.html,BOS,134,,
1963,"Fri, Jan 11, 1963",/boxscores/index.cgi?month=1&day=11&year=1963,,Box Score,/boxscores/196301110DET.html,Chicago Zephyrs,/teams/CHZ/1963.html,CHZ,112,Detroit Pistons,/teams/DET/1963.html,DET,116,,
1963,"Fri, Jan 11, 1963",/boxscores/index.cgi?month=1&day=11&year=1963,,Box Score,/boxscores/196301110SFW.html,Los Angeles Lakers,/teams/LAL/1963.html,LAL,134,San Francisco Warriors,/teams/SFW/1963.html,SFW,129,,
1963,"Sat, Jan 12, 1963",/boxscores/index.cgi?month=1&day=12&year=1963,,Box Score,/boxscores/196301120CHZ.html,New York Knicks,/teams/NYK/1963.html,NYK,97,Chicago Zephyrs,/teams/CHZ/1963.html,CHZ,130,,
1963,"Sat, Jan 12, 1963",/boxscores/index.cgi?month=1&day=12&year=1963,,Box Score,/boxscores/196301120DET.html,Syracuse Nationals,/teams/SYR/1963.html,SYR,115,Detroit Pistons,/teams/DET/1963.html,DET,146,,"at Rochester, NY"
1963,"Sat, Jan 12, 1963",/boxscores/index.cgi?month=1&day=12&year=1963,,Box Score,/boxscores/196301120LAL.html,San Francisco Warriors,/teams/SFW/1963.html,SFW,114,Los Angeles Lakers,/teams/LAL/1963.html,LAL,119,,
1963,"Sat, Jan 12, 1963",/boxscores/index.cgi?month=1&day=12&year=1963,,Box Score,/boxscores/196301120STL.html,Cincinnati Royals,/teams/CIN/1963.html,CIN,109,St. Louis Hawks,/teams/STL/1963.html,STL,115,,
1963,"Sun, Jan 13, 1963",/boxscores/index.cgi?month=1&day=13&year=1963,,Box Score,/boxscores/196301130BOS.html,Chicago Zephyrs,/teams/CHZ/1963.html,CHZ,99,Boston Celtics,/teams/BOS/1963.html,BOS,143,,
1963,"Sun, Jan 13, 1963",/boxscores/index.cgi?month=1&day=13&year=1963,,Box Score,/boxscores/196301130CIN.html,St. Louis Hawks,/teams/STL/1963.html,STL,105,Cincinnati Royals,/teams/CIN/1963.html,CIN,104,,
1963,"Sun, Jan 13, 1963",/boxscores/index.cgi?month=1&day=13&year=1963,,Box Score,/boxscores/196301130LAL.html,New York Knicks,/teams/NYK/1963.html,NYK,102,Los Angeles Lakers,/teams/LAL/1963.html,LAL,108,,
1963,"Sun, Jan 13, 1963",/boxscores/index.cgi?month=1&day=13&year=1963,,Box Score,/boxscores/196301130SYR.html,Detroit Pistons,/teams/DET/1963.html,DET,114,Syracuse Nationals,/teams/SYR/1963.html,SYR,148,,
1963,"Mon, Jan 14, 1963",/boxscores/index.cgi?month=1&day=14&year=1963,,Box Score,/boxscores/196301140SFW.html,New York Knicks,/teams/NYK/1963.html,NYK,134,San Francisco Warriors,/teams/SFW/1963.html,SFW,142,,
1963,"Thu, Jan 17, 1963",/boxscores/index.cgi?month=1&day=17&year=1963,,Box Score,/boxscores/196301170BOS.html,Chicago Zephyrs,/teams/CHZ/1963.html,CHZ,93,Boston Celtics,/teams/BOS/1963.html,BOS,110,,"at Baltimore, MD"
1963,"Thu, Jan 17, 1963",/boxscores/index.cgi?month=1&day=17&year=1963,,Box Score,/boxscores/196301170SFW.html,New York Knicks,/teams/NYK/1963.html,NYK,113,San Francisco Warriors,/teams/SFW/1963.html,SFW,100,,
1963,"Fri, Jan 18, 1963",/boxscores/index.cgi?month=1&day=18&year=1963,,Box Score,/boxscores/196301180BOS.html,Cincinnati Royals,/teams/CIN/1963.html,CIN,114,Boston Celtics,/teams/BOS/1963.html,BOS,122,,
1963,"Fri, Jan 18, 1963",/boxscores/index.cgi?month=1&day=18&year=1963,,Box Score,/boxscores/196301180CHZ.html,Los Angeles Lakers,/teams/LAL/1963.html,LAL,116,Chicago Zephyrs,/teams/CHZ/1963.html,CHZ,108,,
1963,"Sat, Jan 19, 1963",/boxscores/index.cgi?month=1&day=19&year=1963,,Box Score,/boxscores/196301190CIN.html,New York Knicks,/teams/NYK/1963.html,NYK,108,Cincinnati Royals,/teams/CIN/1963.html,CIN,114,,
1963,"Sat, Jan 19, 1963",/boxscores/index.cgi?month=1&day=19&year=1963,,Box Score,/boxscores/196301190STL.html,San Francisco Warriors,/teams/SFW/1963.html,SFW,114,St. Louis Hawks,/teams/STL/1963.html,STL,116,,
1963,"Sat, Jan 19, 1963",/boxscores/index.cgi?month=1&day=19&year=1963,,Box Score,/boxscores/196301190SYR.html,Boston Celtics,/teams/BOS/1963.html,BOS,148,Syracuse Nationals,/teams/SYR/1963.html,SYR,149,OT,
1963,"Sun, Jan 20, 1963",/boxscores/index.cgi?month=1&day=20&year=1963,,Box Score,/boxscores/196301200BOS.html,Los Angeles Lakers,/teams/LAL/1963.html,LAL,121,Boston Celtics,/teams/BOS/1963.html,BOS,133,,
1963,"Sun, Jan 20, 1963",/boxscores/index.cgi?month=1&day=20&year=1963,,Box Score,/boxscores/196301200CHZ.html,Cincinnati Royals,/teams/CIN/1963.html,CIN,93,Chicago Zephyrs,/teams/CHZ/1963.html,CHZ,113,,
1963,"Sun, Jan 20, 1963",/boxscores/index.cgi?month=1&day=20&year=1963,,Box Score,/boxscores/196301200STL.html,San Francisco Warriors,/teams/SFW/1963.html,SFW,115,St. Louis Hawks,/teams/STL/1963.html,STL,116,,
1963,"Mon, Jan 21, 1963",/boxscores/index.cgi?month=1&day=21&year=1963,,Box Score,/boxscores/196301210LAL.html,Detroit Pistons,/teams/DET/1963.html,DET,94,Los Angeles Lakers,/teams/LAL/1963.html,LAL,124,,
1963,"Tue, Jan 22, 1963",/boxscores/index.cgi?month=1&day=22&year=1963,,Box Score,/boxscores/196301220NYK.html,Boston Celtics,/teams/BOS/1963.html,BOS,124,New York Knicks,/teams/NYK/1963.html,NYK,100,,
1963,"Tue, Jan 22, 1963",/boxscores/index.cgi?month=1&day=22&year=1963,,Box Score,/boxscores/196301220SFW.html,Detroit Pistons,/teams/DET/1963.html,DET,115,San Francisco Warriors,/teams/SFW/1963.html,SFW,107,,
1963,"Tue, Jan 22, 1963",/boxscores/index.cgi?month=1&day=22&year=1963,,Box Score,/boxscores/196301220STL.html,Syracuse Nationals,/teams/SYR/1963.html,SYR,93,St. Louis Hawks,/teams/STL/1963.html,STL,113,,"at New York, NY"
1963,"Wed, Jan 23, 1963",/boxscores/index.cgi?month=1&day=23&year=1963,,Box Score,/boxscores/196301230CHZ.html,Syracuse Nationals,/teams/SYR/1963.html,SYR,94,Chicago Zephyrs,/teams/CHZ/1963.html,CHZ,104,,
1963,"Wed, Jan 23, 1963",/boxscores/index.cgi?month=1&day=23&year=1963,,Box Score,/boxscores/196301230CIN.html,Boston Celtics,/teams/BOS/1963.html,BOS,133,Cincinnati Royals,/teams/CIN/1963.html,CIN,138,,
1963,"Wed, Jan 23, 1963",/boxscores/index.cgi?month=1&day=23&year=1963,,Box Score,/boxscores/196301230LAL.html,Detroit Pistons,/teams/DET/1963.html,DET,119,Los Angeles Lakers,/teams/LAL/1963.html,LAL,123,,
1963,"Thu, Jan 24, 1963",/boxscores/index.cgi?month=1&day=24&year=1963,,Box Score,/boxscores/196301240BOS.html,St. Louis Hawks,/teams/STL/1963.html,STL,109,Boston Celtics,/teams/BOS/1963.html,BOS,111,,"at Providence, RI"
1963,"Thu, Jan 24, 1963",/boxscores/index.cgi?month=1&day=24&year=1963,,Box Score,/boxscores/196301240DET.html,San Francisco Warriors,/teams/SFW/1963.html,SFW,138,Detroit Pistons,/teams/DET/1963.html,DET,114,,"at Bakersfield, CA"
1963,"Fri, Jan 25, 1963",/boxscores/index.cgi?month=1&day=25&year=1963,,Box Score,/boxscores/196301250BOS.html,St. Louis Hawks,/teams/STL/1963.html,STL,98,Boston Celtics,/teams/BOS/1963.html,BOS,113,,
1963,"Fri, Jan 25, 1963",/boxscores/index.cgi?month=1&day=25&year=1963,,Box Score,/boxscores/196301250CHZ.html,Detroit Pistons,/teams/DET/1963.html,DET,113,Chicago Zephyrs,/teams/CHZ/1963.html,CHZ,111,,
1963,"Fri, Jan 25, 1963",/boxscores/index.cgi?month=1&day=25&year=1963,,Box Score,/boxscores/196301250LAL.html,Syracuse Nationals,/teams/SYR/1963.html,SYR,114,Los Angeles Lakers,/teams/LAL/1963.html,LAL,122,,"at San Diego, CA"
1963,"Fri, Jan 25, 1963",/boxscores/index.cgi?month=1&day=25&year=1963,,Box Score,/boxscores/196301250NYK.html,Cincinnati Royals,/teams/CIN/1963.html,CIN,114,New York Knicks,/teams/NYK/1963.html,NYK,112,,
1963,"Sat, Jan 26, 1963",/boxscores/index.cgi?month=1&day=26&year=1963,,Box Score,/boxscores/196301260CIN.html,Chicago Zephyrs,/teams/CHZ/1963.html,CHZ,116,Cincinnati Royals,/teams/CIN/1963.html,CIN,142,,
1963,"Sat, Jan 26, 1963",/boxscores/index.cgi?month=1&day=26&year=1963,,Box Score,/boxscores/196301260SFW.html,Syracuse Nationals,/teams/SYR/1963.html,SYR,116,San Francisco Warriors,/teams/SFW/1963.html,SFW,110,,
1963,"Sun, Jan 27, 1963",/boxscores/index.cgi?month=1&day=27&year=1963,,Box Score,/boxscores/196301270BOS.html,New York Knicks,/teams/NYK/1963.html,NYK,110,Boston Celtics,/teams/BOS/1963.html,BOS,123,,
1963,"Sun, Jan 27, 1963",/boxscores/index.cgi?month=1&day=27&year=1963,,Box Score,/boxscores/196301270CHZ.html,Cincinnati Royals,/teams/CIN/1963.html,CIN,143,Chicago Zephyrs,/teams/CHZ/1963.html,CHZ,126,,"at Dayton, OH"
1963,"Sun, Jan 27, 1963",/boxscores/index.cgi?month=1&day=27&year=1963,,Box Score,/boxscores/196301270SFW.html,Syracuse Nationals,/teams/SYR/1963.html,SYR,119,San Francisco Warriors,/teams/SFW/1963.html,SFW,110,,
1963,"Sun, Jan 27, 1963",/boxscores/index.cgi?month=1&day=27&year=1963,,Box Score,/boxscores/196301270STL.html,Los Angeles Lakers,/teams/LAL/1963.html,LAL,105,St. Louis Hawks,/teams/STL/1963.html,STL,101,,
1963,"Tue, Jan 29, 1963",/boxscores/index.cgi?month=1&day=29&year=1963,,Box Score,/boxscores/196301290BOS.html,Chicago Zephyrs,/teams/CHZ/1963.html,CHZ,99,Boston Celtics,/teams/BOS/1963.html,BOS,100,,"at New York, NY"
1963,"Tue, Jan 29, 1963",/boxscores/index.cgi?month=1&day=29&year=1963,,Box Score,/boxscores/196301290NYK.html,San Francisco Warriors,/teams/SFW/1963.html,SFW,123,New York Knicks,/teams/NYK/1963.html,NYK,103,,
1963,"Tue, Jan 29, 1963",/boxscores/index.cgi?month=1&day=29&year=1963,,Box Score,/boxscores/196301290STL.html,Syracuse Nationals,/teams/SYR/1963.html,SYR,105,St. Louis Hawks,/teams/STL/1963.html,STL,123,,
1963,"Wed, Jan 30, 1963",/boxscores/index.cgi?month=1&day=30&year=1963,,Box Score,/boxscores/196301300BOS.html,San Francisco Warriors,/teams/SFW/1963.html,SFW,111,Boston Celtics,/teams/BOS/1963.html,BOS,125,,
1963,"Wed, Jan 30, 1963",/boxscores/index.cgi?month=1&day=30&year=1963,,Box Score,/boxscores/196301300LAL.html,New York Knicks,/teams/NYK/1963.html,NYK,115,Los Angeles Lakers,/teams/LAL/1963.html,LAL,116,,"at Boston, MA"
1963,"Thu, Jan 31, 1963",/boxscores/index.cgi?month=1&day=31&year=1963,,Box Score,/boxscores/196301310BOS.html,Cincinnati Royals,/teams/CIN/1963.html,CIN,125,Boston Celtics,/teams/BOS/1963.html,BOS,128,,"at College Park, MD"
1963,"Thu, Jan 31, 1963",/boxscores/index.cgi?month=1&day=31&year=1963,,Box Score,/boxscores/196301310CHZ.html,New York Knicks,/teams/NYK/1963.html,NYK,101,Chicago Zephyrs,/teams/CHZ/1963.html,CHZ,116,,"at Syracuse, NY"
1963,"Thu, Jan 31, 1963",/boxscores/index.cgi?month=1&day=31&year=1963,,Box Score,/boxscores/196301310DET.html,Los Angeles Lakers,/teams/LAL/1963.html,LAL,127,Detroit Pistons,/teams/DET/1963.html,DET,122,,"at Fort Wayne, IN"
1963,"Thu, Jan 31, 1963",/boxscores/index.cgi?month=1&day=31&year=1963,,Box Score,/boxscores/196301310SYR.html,St. Louis Hawks,/teams/STL/1963.html,STL,100,Syracuse Nationals,/teams/SYR/1963.html,SYR,112,,
1963,"Fri, Feb 1, 1963",/boxscores/index.cgi?month=2&day=1&year=1963,,Box Score,/boxscores/196302010BOS.html,Syracuse Nationals,/teams/SYR/1963.html,SYR,125,Boston Celtics,/teams/BOS/1963.html,BOS,111,,
1963,"Fri, Feb 1, 1963",/boxscores/index.cgi?month=2&day=1&year=1963,,Box Score,/boxscores/196302010CHZ.html,St. Louis Hawks,/teams/STL/1963.html,STL,119,Chicago Zephyrs,/teams/CHZ/1963.html,CHZ,111,,
1963,"Fri, Feb 1, 1963",/boxscores/index.cgi?month=2&day=1&year=1963,,Box Score,/boxscores/196302010CIN.html,San Francisco Warriors,/teams/SFW/1963.html,SFW,133,Cincinnati Royals,/teams/CIN/1963.html,CIN,126,,"at Boston, MA"
1963,"Fri, Feb 1, 1963",/boxscores/index.cgi?month=2&day=1&year=1963,,Box Score,/boxscores/196302010DET.html,Los Angeles Lakers,/teams/LAL/1963.html,LAL,119,Detroit Pistons,/teams/DET/1963.html,DET,109,,
1963,"Sat, Feb 2, 1963",/boxscores/index.cgi?month=2&day=2&year=1963,,Box Score,/boxscores/196302020CIN.html,Syracuse Nationals,/teams/SYR/1963.html,SYR,117,Cincinnati Royals,/teams/CIN/1963.html,CIN,113,,"at Rochester, NY"
1963,"Sat, Feb 2, 1963",/boxscores/index.cgi?month=2&day=2&year=1963,,Box Score,/boxscores/196302020STL.html,Los Angeles Lakers,/teams/LAL/1963.html,LAL,103,St. Louis Hawks,/teams/STL/1963.html,STL,97,,
1963,"Sun, Feb 3, 1963",/boxscores/index.cgi?month=2&day=3&year=1963,,Box Score,/boxscores/196302030BOS.html,Detroit Pistons,/teams/DET/1963.html,DET,128,Boston Celtics,/teams/BOS/1963.html,BOS,137,,
1963,"Sun, Feb 3, 1963",/boxscores/index.cgi?month=2&day=3&year=1963,,Box Score,/boxscores/196302030NYK.html,Los Angeles Lakers,/teams/LAL/1963.html,LAL,95,New York Knicks,/teams/NYK/1963.html,NYK,122,,
1963,"Sun, Feb 3, 1963",/boxscores/index.cgi?month=2&day=3&year=1963,,Box Score,/boxscores/196302030SFW.html,Chicago Zephyrs,/teams/CHZ/1963.html,CHZ,110,San Francisco Warriors,/teams/SFW/1963.html,SFW,108,,
1963,"Sun, Feb 3, 1963",/boxscores/index.cgi?month=2&day=3&year=1963,,Box Score,/boxscores/196302030SYR.html,Cincinnati Royals,/teams/CIN/1963.html,CIN,125,Syracuse Nationals,/teams/SYR/1963.html,SYR,115,,
1963,"Tue, Feb 5, 1963",/boxscores/index.cgi?month=2&day=5&year=1963,,Box Score,/boxscores/196302050CHZ.html,San Francisco Warriors,/teams/SFW/1963.html,SFW,109,Chicago Zephyrs,/teams/CHZ/1963.html,CHZ,107,,"at San Jose, CA"
1963,"Tue, Feb 5, 1963",/boxscores/index.cgi?month=2&day=5&year=1963,,Box Score,/boxscores/196302050CIN.html,Boston Celtics,/teams/BOS/1963.html,BOS,106,Cincinnati Royals,/teams/CIN/1963.html,CIN,96,,
1963,"Tue, Feb 5, 1963",/boxscores/index.cgi?month=2&day=5&year=1963,,Box Score,/boxscores/196302050DET.html,St. Louis Hawks,/teams/STL/1963.html,STL,120,Detroit Pistons,/teams/DET/1963.html,DET,105,,"at New York, NY"
1963,"Tue, Feb 5, 1963",/boxscores/index.cgi?month=2&day=5&year=1963,,Box Score,/boxscores/196302050NYK.html,Syracuse Nationals,/teams/SYR/1963.html,SYR,120,New York Knicks,/teams/NYK/1963.html,NYK,100,,
1963,"Wed, Feb 6, 1963",/boxscores/index.cgi?month=2&day=6&year=1963,,Box Score,/boxscores/196302060DET.html,San Francisco Warriors,/teams/SFW/1963.html,SFW,117,Detroit Pistons,/teams/DET/1963.html,DET,116,,
1963,"Wed, Feb 6, 1963",/boxscores/index.cgi?month=2&day=6&year=1963,,Box Score,/boxscores/196302060LAL.html,Chicago Zephyrs,/teams/CHZ/1963.html,CHZ,105,Los Angeles Lakers,/teams/LAL/1963.html,LAL,107,,
1963,"Wed, Feb 6, 1963",/boxscores/index.cgi?month=2&day=6&year=1963,,Box Score,/boxscores/196302060SYR.html,Boston Celtics,/teams/BOS/1963.html,BOS,109,Syracuse Nationals,/teams/SYR/1963.html,SYR,126,,
1963,"Thu, Feb 7, 1963",/boxscores/index.cgi?month=2&day=7&year=1963,,Box Score,/boxscores/196302070CIN.html,San Francisco Warriors,/teams/SFW/1963.html,SFW,129,Cincinnati Royals,/teams/CIN/1963.html,CIN,134,,
1963,"Fri, Feb 8, 1963",/boxscores/index.cgi?month=2&day=8&year=1963,,Box Score,/boxscores/196302080DET.html,Syracuse Nationals,/teams/SYR/1963.html,SYR,162,Detroit Pistons,/teams/DET/1963.html,DET,135,,
1963,"Fri, Feb 8, 1963",/boxscores/index.cgi?month=2&day=8&year=1963,,Box Score,/boxscores/196302080LAL.html,Chicago Zephyrs,/teams/CHZ/1963.html,CHZ,91,Los Angeles Lakers,/teams/LAL/1963.html,LAL,94,,
1963,"Fri, Feb 8, 1963",/boxscores/index.cgi?month=2&day=8&year=1963,,Box Score,/boxscores/196302080NYK.html,Boston Celtics,/teams/BOS/1963.html,BOS,129,New York Knicks,/teams/NYK/1963.html,NYK,97,,
1963,"Fri, Feb 8, 1963",/boxscores/index.cgi?month=2&day=8&year=1963,,Box Score,/boxscores/196302080STL.html,Cincinnati Royals,/teams/CIN/1963.html,CIN,116,St. Louis Hawks,/teams/STL/1963.html,STL,112,,
1963,"Sat, Feb 9, 1963",/boxscores/index.cgi?month=2&day=9&year=1963,,Box Score,/boxscores/196302090BOS.html,San Francisco Warriors,/teams/SFW/1963.html,SFW,112,Boston Celtics,/teams/BOS/1963.html,BOS,118,,
1963,"Sat, Feb 9, 1963",/boxscores/index.cgi?month=2&day=9&year=1963,,Box Score,/boxscores/196302090CHZ.html,Los Angeles Lakers,/teams/LAL/1963.html,LAL,107,Chicago Zephyrs,/teams/CHZ/1963.html,CHZ,106,,
1963,"Sat, Feb 9, 1963",/boxscores/index.cgi?month=2&day=9&year=1963,,Box Score,/boxscores/196302090NYK.html,Syracuse Nationals,/teams/SYR/1963.html,SYR,122,New York Knicks,/teams/NYK/1963.html,NYK,116,,"at Boston, MA"
1963,"Sun, Feb 10, 1963",/boxscores/index.cgi?month=2&day=10&year=1963,,Box Score,/boxscores/196302100BOS.html,New York Knicks,/teams/NYK/1963.html,NYK,123,Boston Celtics,/teams/BOS/1963.html,BOS,129,,
1963,"Sun, Feb 10, 1963",/boxscores/index.cgi?month=2&day=10&year=1963,,Box Score,/boxscores/196302100CIN.html,Los Angeles Lakers,/teams/LAL/1963.html,LAL,107,Cincinnati Royals,/teams/CIN/1963.html,CIN,124,,
1963,"Sun, Feb 10, 1963",/boxscores/index.cgi?month=2&day=10&year=1963,,Box Score,/boxscores/196302100STL.html,Detroit Pistons,/teams/DET/1963.html,DET,102,St. Louis Hawks,/teams/STL/1963.html,STL,95,,
1963,"Sun, Feb 10, 1963",/boxscores/index.cgi?month=2&day=10&year=1963,,Box Score,/boxscores/196302100SYR.html,San Francisco Warriors,/teams/SFW/1963.html,SFW,115,Syracuse Nationals,/teams/SYR/1963.html,SYR,139,,
1963,"Tue, Feb 12, 1963",/boxscores/index.cgi?month=2&day=12&year=1963,,Box Score,/boxscores/196302120BOS.html,Los Angeles Lakers,/teams/LAL/1963.html,LAL,93,Boston Celtics,/teams/BOS/1963.html,BOS,120,,"at Detroit, MI"
1963,"Tue, Feb 12, 1963",/boxscores/index.cgi?month=2&day=12&year=1963,,Box Score,/boxscores/196302120DET.html,San Francisco Warriors,/teams/SFW/1963.html,SFW,115,Detroit Pistons,/teams/DET/1963.html,DET,120,,
1963,"Tue, Feb 12, 1963",/boxscores/index.cgi?month=2&day=12&year=1963,,Box Score,/boxscores/196302120STL.html,Syracuse Nationals,/teams/SYR/1963.html,SYR,100,St. Louis Hawks,/teams/STL/1963.html,STL,128,,
1963,"Wed, Feb 13, 1963",/boxscores/index.cgi?month=2&day=13&year=1963,,Box Score,/boxscores/196302130BOS.html,Los Angeles Lakers,/teams/LAL/1963.html,LAL,134,Boston Celtics,/teams/BOS/1963.html,BOS,128,,
1963,"Wed, Feb 13, 1963",/boxscores/index.cgi?month=2&day=13&year=1963,,Box Score,/boxscores/196302130CIN.html,Syracuse Nationals,/teams/SYR/1963.html,SYR,122,Cincinnati Royals,/teams/CIN/1963.html,CIN,124,,"at Indianapolis, IN"
1963,"Wed, Feb 13, 1963",/boxscores/index.cgi?month=2&day=13&year=1963,,Box Score,/boxscores/196302130NYK.html,St. Louis Hawks,/teams/STL/1963.html,STL,103,New York Knicks,/teams/NYK/1963.html,NYK,102,,
1963,"Wed, Feb 13, 1963",/boxscores/index.cgi?month=2&day=13&year=1963,,Box Score,/boxscores/196302130SFW.html,Detroit Pistons,/teams/DET/1963.html,DET,134,San Francisco Warriors,/teams/SFW/1963.html,SFW,132,OT,
1963,"Thu, Feb 14, 1963",/boxscores/index.cgi?month=2&day=14&year=1963,,Box Score,/boxscores/196302140LAL.html,Detroit Pistons,/teams/DET/1963.html,DET,111,Los Angeles Lakers,/teams/LAL/1963.html,LAL,128,,
1963,"Thu, Feb 14, 1963",/boxscores/index.cgi?month=2&day=14&year=1963,,Box Score,/boxscores/196302140NYK.html,St. Louis Hawks,/teams/STL/1963.html,STL,113,New York Knicks,/teams/NYK/1963.html,NYK,123,,"at Syracuse, NY"
1963,"Thu, Feb 14, 1963",/boxscores/index.cgi?month=2&day=14&year=1963,,Box Score,/boxscores/196302140SYR.html,Chicago Zephyrs,/teams/CHZ/1963.html,CHZ,117,Syracuse Nationals,/teams/SYR/1963.html,SYR,136,,
1963,"Fri, Feb 15, 1963",/boxscores/index.cgi?month=2&day=15&year=1963,,Box Score,/boxscores/196302150BOS.html,Syracuse Nationals,/teams/SYR/1963.html,SYR,114,Boston Celtics,/teams/BOS/1963.html,BOS,123,,"at Providence, RI"
1963,"Fri, Feb 15, 1963",/boxscores/index.cgi?month=2&day=15&year=1963,,Box Score,/boxscores/196302150CHZ.html,New York Knicks,/teams/NYK/1963.html,NYK,135,Chicago Zephyrs,/teams/CHZ/1963.html,CHZ,131,2OT,
1963,"Fri, Feb 15, 1963",/boxscores/index.cgi?month=2&day=15&year=1963,,Box Score,/boxscores/196302150CIN.html,St. Louis Hawks,/teams/STL/1963.html,STL,99,Cincinnati Royals,/teams/CIN/1963.html,CIN,96,,
1963,"Sat, Feb 16, 1963",/boxscores/index.cgi?month=2&day=16&year=1963,,Box Score,/boxscores/196302160DET.html,Cincinnati Royals,/teams/CIN/1963.html,CIN,110,Detroit Pistons,/teams/DET/1963.html,DET,99,,
1963,"Sat, Feb 16, 1963",/boxscores/index.cgi?month=2&day=16&year=1963,,Box Score,/boxscores/196302160LAL.html,San Francisco Warriors,/teams/SFW/1963.html,SFW,122,Los Angeles Lakers,/teams/LAL/1963.html,LAL,118,2OT,
1963,"Sat, Feb 16, 1963",/boxscores/index.cgi?month=2&day=16&year=1963,,Box Score,/boxscores/196302160STL.html,Boston Celtics,/teams/BOS/1963.html,BOS,114,St. Louis Hawks,/teams/STL/1963.html,STL,94,,
1963,"Sun, Feb 17, 1963",/boxscores/index.cgi?month=2&day=17&year=1963,,Box Score,/boxscores/196302170CHZ.html,Boston Celtics,/teams/BOS/1963.html,BOS,110,Chicago Zephyrs,/teams/CHZ/1963.html,CHZ,107,,
1963,"Sun, Feb 17, 1963",/boxscores/index.cgi?month=2&day=17&year=1963,,Box Score,/boxscores/196302170NYK.html,Cincinnati Royals,/teams/CIN/1963.html,CIN,109,New York Knicks,/teams/NYK/1963.html,NYK,98,,
1963,"Sun, Feb 17, 1963",/boxscores/index.cgi?month=2&day=17&year=1963,,Box Score,/boxscores/196302170SYR.html,Detroit Pistons,/teams/DET/1963.html,DET,124,Syracuse Nationals,/teams/SYR/1963.html,SYR,143,,
1963,"Tue, Feb 19, 1963",/boxscores/index.cgi?month=2&day=19&year=1963,,Box Score,/boxscores/196302190BOS.html,Cincinnati Royals,/teams/CIN/1963.html,CIN,126,Boston Celtics,/teams/BOS/1963.html,BOS,129,,
1963,"Tue, Feb 19, 1963",/boxscores/index.cgi?month=2&day=19&year=1963,,Box Score,/boxscores/196302190CHZ.html,Syracuse Nationals,/teams/SYR/1963.html,SYR,118,Chicago Zephyrs,/teams/CHZ/1963.html,CHZ,110,,"at New York, NY"
1963,"Tue, Feb 19, 1963",/boxscores/index.cgi?month=2&day=19&year=1963,,Box Score,/boxscores/196302190NYK.html,Detroit Pistons,/teams/DET/1963.html,DET,121,New York Knicks,/teams/NYK/1963.html,NYK,112,,
1963,"Tue, Feb 19, 1963",/boxscores/index.cgi?month=2&day=19&year=1963,,Box Score,/boxscores/196302190SFW.html,Los Angeles Lakers,/teams/LAL/1963.html,LAL,109,San Francisco Warriors,/teams/SFW/1963.html,SFW,111,,
1963,"Wed, Feb 20, 1963",/boxscores/index.cgi?month=2&day=20&year=1963,,Box Score,/boxscores/196302200DET.html,Boston Celtics,/teams/BOS/1963.html,BOS,117,Detroit Pistons,/teams/DET/1963.html,DET,113,,
1963,"Wed, Feb 20, 1963",/boxscores/index.cgi?month=2&day=20&year=1963,,Box Score,/boxscores/196302200SYR.html,Cincinnati Royals,/teams/CIN/1963.html,CIN,109,Syracuse Nationals,/teams/SYR/1963.html,SYR,128,,
1963,"Thu, Feb 21, 1963",/boxscores/index.cgi?month=2&day=21&year=1963,,Box Score,/boxscores/196302210CHZ.html,Syracuse Nationals,/teams/SYR/1963.html,SYR,91,Chicago Zephyrs,/teams/CHZ/1963.html,CHZ,108,,
1963,"Thu, Feb 21, 1963",/boxscores/index.cgi?month=2&day=21&year=1963,,Box Score,/boxscores/196302210CIN.html,New York Knicks,/teams/NYK/1963.html,NYK,96,Cincinnati Royals,/teams/CIN/1963.html,CIN,115,,
1963,"Thu, Feb 21, 1963",/boxscores/index.cgi?month=2&day=21&year=1963,,Box Score,/boxscores/196302210SFW.html,Boston Celtics,/teams/BOS/1963.html,BOS,135,San Francisco Warriors,/teams/SFW/1963.html,SFW,118,,
1963,"Fri, Feb 22, 1963",/boxscores/index.cgi?month=2&day=22&year=1963,,Box Score,/boxscores/196302220DET.html,Syracuse Nationals,/teams/SYR/1963.html,SYR,117,Detroit Pistons,/teams/DET/1963.html,DET,126,,
1963,"Fri, Feb 22, 1963",/boxscores/index.cgi?month=2&day=22&year=1963,,Box Score,/boxscores/196302220LAL.html,Boston Celtics,/teams/BOS/1963.html,BOS,105,Los Angeles Lakers,/teams/LAL/1963.html,LAL,113,,
1963,"Fri, Feb 22, 1963",/boxscores/index.cgi?month=2&day=22&year=1963,,Box Score,/boxscores/196302220NYK.html,San Francisco Warriors,/teams/SFW/1963.html,SFW,93,New York Knicks,/teams/NYK/1963.html,NYK,106,,
1963,"Fri, Feb 22, 1963",/boxscores/index.cgi?month=2&day=22&year=1963,,Box Score,/boxscores/196302220STL.html,Chicago Zephyrs,/teams/CHZ/1963.html,CHZ,98,St. Louis Hawks,/teams/STL/1963.html,STL,115,,
1963,"Sat, Feb 23, 1963",/boxscores/index.cgi?month=2&day=23&year=1963,,Box Score,/boxscores/196302230CHZ.html,San Francisco Warriors,/teams/SFW/1963.html,SFW,92,Chicago Zephyrs,/teams/CHZ/1963.html,CHZ,88,,
1963,"Sat, Feb 23, 1963",/boxscores/index.cgi?month=2&day=23&year=1963,,Box Score,/boxscores/196302230CIN.html,Detroit Pistons,/teams/DET/1963.html,DET,105,Cincinnati Royals,/teams/CIN/1963.html,CIN,102,,
1963,"Sun, Feb 24, 1963",/boxscores/index.cgi?month=2&day=24&year=1963,,Box Score,/boxscores/196302240CIN.html,Detroit Pistons,/teams/DET/1963.html,DET,119,Cincinnati Royals,/teams/CIN/1963.html,CIN,110,,"at Baltimore, MD"
1963,"Sun, Feb 24, 1963",/boxscores/index.cgi?month=2&day=24&year=1963,,Box Score,/boxscores/196302240LAL.html,Boston Celtics,/teams/BOS/1963.html,BOS,119,Los Angeles Lakers,/teams/LAL/1963.html,LAL,109,,
1963,"Sun, Feb 24, 1963",/boxscores/index.cgi?month=2&day=24&year=1963,,Box Score,/boxscores/196302240STL.html,San Francisco Warriors,/teams/SFW/1963.html,SFW,106,St. Louis Hawks,/teams/STL/1963.html,STL,127,,
1963,"Sun, Feb 24, 1963",/boxscores/index.cgi?month=2&day=24&year=1963,,Box Score,/boxscores/196302240SYR.html,New York Knicks,/teams/NYK/1963.html,NYK,126,Syracuse Nationals,/teams/SYR/1963.html,SYR,143,,
1963,"Mon, Feb 25, 1963",/boxscores/index.cgi?month=2&day=25&year=1963,,Box Score,/boxscores/196302250DET.html,Los Angeles Lakers,/teams/LAL/1963.html,LAL,113,Detroit Pistons,/teams/DET/1963.html,DET,107,,"at Des Moines, IA"
1963,"Tue, Feb 26, 1963",/boxscores/index.cgi?month=2&day=26&year=1963,,Box Score,/boxscores/196302260NYK.html,Los Angeles Lakers,/teams/LAL/1963.html,LAL,116,New York Knicks,/teams/NYK/1963.html,NYK,125,,
1963,"Tue, Feb 26, 1963",/boxscores/index.cgi?month=2&day=26&year=1963,,Box Score,/boxscores/196302260SFW.html,Boston Celtics,/teams/BOS/1963.html,BOS,112,San Francisco Warriors,/teams/SFW/1963.html,SFW,128,,
1963,"Tue, Feb 26, 1963",/boxscores/index.cgi?month=2&day=26&year=1963,,Box Score,/boxscores/196302260STL.html,Cincinnati Royals,/teams/CIN/1963.html,CIN,107,St. Louis Hawks,/teams/STL/1963.html,STL,114,,
1963,"Wed, Feb 27, 1963",/boxscores/index.cgi?month=2&day=27&year=1963,,Box Score,/boxscores/196302270CHZ.html,St. Louis Hawks,/teams/STL/1963.html,STL,93,Chicago Zephyrs,/teams/CHZ/1963.html,CHZ,98,,
1963,"Wed, Feb 27, 1963",/boxscores/index.cgi?month=2&day=27&year=1963,,Box Score,/boxscores/196302270CIN.html,New York Knicks,/teams/NYK/1963.html,NYK,107,Cincinnati Royals,/teams/CIN/1963.html,CIN,119,,
1963,"Wed, Feb 27, 1963",/boxscores/index.cgi?month=2&day=27&year=1963,,Box Score,/boxscores/196302270SYR.html,Los Angeles Lakers,/teams/LAL/1963.html,LAL,111,Syracuse Nationals,/teams/SYR/1963.html,SYR,122,,
1963,"Thu, Feb 28, 1963",/boxscores/index.cgi?month=2&day=28&year=1963,,Box Score,/boxscores/196302280DET.html,Chicago Zephyrs,/teams/CHZ/1963.html,CHZ,104,Detroit Pistons,/teams/DET/1963.html,DET,112,,
1963,"Thu, Feb 28, 1963",/boxscores/index.cgi?month=2&day=28&year=1963,,Box Score,/boxscores/196302280NYK.html,Syracuse Nationals,/teams/SYR/1963.html,SYR,132,New York Knicks,/teams/NYK/1963.html,NYK,124,,"at Detroit, MI"
1963,"Fri, Mar 1, 1963",/boxscores/index.cgi?month=3&day=1&year=1963,,Box Score,/boxscores/196303010CHZ.html,Los Angeles Lakers,/teams/LAL/1963.html,LAL,109,Chicago Zephyrs,/teams/CHZ/1963.html,CHZ,114,,
1963,"Fri, Mar 1, 1963",/boxscores/index.cgi?month=3&day=1&year=1963,,Box Score,/boxscores/196303010CIN.html,San Francisco Warriors,/teams/SFW/1963.html,SFW,132,Cincinnati Royals,/teams/CIN/1963.html,CIN,125,,"at Oakland, CA"
1963,"Fri, Mar 1, 1963",/boxscores/index.cgi?month=3&day=1&year=1963,,Box Score,/boxscores/196303010DET.html,St. Louis Hawks,/teams/STL/1963.html,STL,113,Detroit Pistons,/teams/DET/1963.html,DET,115,,"at Toledo, OH"
1963,"Sat, Mar 2, 1963",/boxscores/index.cgi?month=3&day=2&year=1963,,Box Score,/boxscores/196303020BOS.html,New York Knicks,/teams/NYK/1963.html,NYK,117,Boston Celtics,/teams/BOS/1963.html,BOS,122,,
1963,"Sat, Mar 2, 1963",/boxscores/index.cgi?month=3&day=2&year=1963,,Box Score,/boxscores/196303020LAL.html,San Francisco Warriors,/teams/SFW/1963.html,SFW,122,Los Angeles Lakers,/teams/LAL/1963.html,LAL,113,,
1963,"Sat, Mar 2, 1963",/boxscores/index.cgi?month=3&day=2&year=1963,,Box Score,/boxscores/196303020SYR.html,Detroit Pistons,/teams/DET/1963.html,DET,128,Syracuse Nationals,/teams/SYR/1963.html,SYR,152,,
1963,"Sun, Mar 3, 1963",/boxscores/index.cgi?month=3&day=3&year=1963,,Box Score,/boxscores/196303030DET.html,Syracuse Nationals,/teams/SYR/1963.html,SYR,127,Detroit Pistons,/teams/DET/1963.html,DET,123,,
1963,"Sun, Mar 3, 1963",/boxscores/index.cgi?month=3&day=3&year=1963,,Box Score,/boxscores/196303030NYK.html,Boston Celtics,/teams/BOS/1963.html,BOS,102,New York Knicks,/teams/NYK/1963.html,NYK,95,,
1963,"Sun, Mar 3, 1963",/boxscores/index.cgi?month=3&day=3&year=1963,,Box Score,/boxscores/196303030SFW.html,Cincinnati Royals,/teams/CIN/1963.html,CIN,122,San Francisco Warriors,/teams/SFW/1963.html,SFW,123,,
1963,"Sun, Mar 3, 1963",/boxscores/index.cgi?month=3&day=3&year=1963,,Box Score,/boxscores/196303030STL.html,Chicago Zephyrs,/teams/CHZ/1963.html,CHZ,97,St. Louis Hawks,/teams/STL/1963.html,STL,104,,
1963,"Mon, Mar 4, 1963",/boxscores/index.cgi?month=3&day=4&year=1963,,Box Score,/boxscores/196303040LAL.html,Cincinnati Royals,/teams/CIN/1963.html,CIN,114,Los Angeles Lakers,/teams/LAL/1963.html,LAL,111,,
1963,"Tue, Mar 5, 1963",/boxscores/index.cgi?month=3&day=5&year=1963,,Box Score,/boxscores/196303050CHZ.html,St. Louis Hawks,/teams/STL/1963.html,STL,93,Chicago Zephyrs,/teams/CHZ/1963.html,CHZ,116,,
1963,"Tue, Mar 5, 1963",/boxscores/index.cgi?month=3&day=5&year=1963,,Box Score,/boxscores/196303050DET.html,San Francisco Warriors,/teams/SFW/1963.html,SFW,102,Detroit Pistons,/teams/DET/1963.html,DET,111,,"at New York, NY"
1963,"Tue, Mar 5, 1963",/boxscores/index.cgi?month=3&day=5&year=1963,,Box Score,/boxscores/196303050NYK.html,Syracuse Nationals,/teams/SYR/1963.html,SYR,131,New York Knicks,/teams/NYK/1963.html,NYK,121,,
1963,"Wed, Mar 6, 1963",/boxscores/index.cgi?month=3&day=6&year=1963,,Box Score,/boxscores/196303060CHZ.html,San Francisco Warriors,/teams/SFW/1963.html,SFW,111,Chicago Zephyrs,/teams/CHZ/1963.html,CHZ,121,,"at Baltimore, MD"
1963,"Wed, Mar 6, 1963",/boxscores/index.cgi?month=3&day=6&year=1963,,Box Score,/boxscores/196303060LAL.html,Cincinnati Royals,/teams/CIN/1963.html,CIN,97,Los Angeles Lakers,/teams/LAL/1963.html,LAL,106,,
1963,"Thu, Mar 7, 1963",/boxscores/index.cgi?month=3&day=7&year=1963,,Box Score,/boxscores/196303070DET.html,Boston Celtics,/teams/BOS/1963.html,BOS,115,Detroit Pistons,/teams/DET/1963.html,DET,104,,
1963,"Thu, Mar 7, 1963",/boxscores/index.cgi?month=3&day=7&year=1963,,Box Score,/boxscores/196303070SYR.html,New York Knicks,/teams/NYK/1963.html,NYK,118,Syracuse Nationals,/teams/SYR/1963.html,SYR,129,,
1963,"Fri, Mar 8, 1963",/boxscores/index.cgi?month=3&day=8&year=1963,,Box Score,/boxscores/196303080CHZ.html,Boston Celtics,/teams/BOS/1963.html,BOS,109,Chicago Zephyrs,/teams/CHZ/1963.html,CHZ,110,,
1963,"Fri, Mar 8, 1963",/boxscores/index.cgi?month=3&day=8&year=1963,,Box Score,/boxscores/196303080DET.html,San Francisco Warriors,/teams/SFW/1963.html,SFW,123,Detroit Pistons,/teams/DET/1963.html,DET,131,OT,"at Fort Wayne, IN"
1963,"Fri, Mar 8, 1963",/boxscores/index.cgi?month=3&day=8&year=1963,,Box Score,/boxscores/196303080NYK.html,St. Louis Hawks,/teams/STL/1963.html,STL,129,New York Knicks,/teams/NYK/1963.html,NYK,124,,
1963,"Sat, Mar 9, 1963",/boxscores/index.cgi?month=3&day=9&year=1963,,Box Score,/boxscores/196303090STL.html,Los Angeles Lakers,/teams/LAL/1963.html,LAL,101,St. Louis Hawks,/teams/STL/1963.html,STL,117,,
1963,"Sun, Mar 10, 1963",/boxscores/index.cgi?month=3&day=10&year=1963,,Box Score,/boxscores/196303100BOS.html,Cincinnati Royals,/teams/CIN/1963.html,CIN,117,Boston Celtics,/teams/BOS/1963.html,BOS,149,,
1963,"Sun, Mar 10, 1963",/boxscores/index.cgi?month=3&day=10&year=1963,,Box Score,/boxscores/196303100DET.html,Los Angeles Lakers,/teams/LAL/1963.html,LAL,116,Detroit Pistons,/teams/DET/1963.html,DET,124,,
1963,"Sun, Mar 10, 1963",/boxscores/index.cgi?month=3&day=10&year=1963,,Box Score,/boxscores/196303100STL.html,New York Knicks,/teams/NYK/1963.html,NYK,120,St. Louis Hawks,/teams/STL/1963.html,STL,132,,
1963,"Sun, Mar 10, 1963",/boxscores/index.cgi?month=3&day=10&year=1963,,Box Score,/boxscores/196303100SYR.html,San Francisco Warriors,/teams/SFW/1963.html,SFW,148,Syracuse Nationals,/teams/SYR/1963.html,SYR,163,,
1963,"Mon, Mar 11, 1963",/boxscores/index.cgi?month=3&day=11&year=1963,,Box Score,/boxscores/196303110LAL.html,St. Louis Hawks,/teams/STL/1963.html,STL,96,Los Angeles Lakers,/teams/LAL/1963.html,LAL,109,,
1963,"Tue, Mar 12, 1963",/boxscores/index.cgi?month=3&day=12&year=1963,,Box Score,/boxscores/196303120CHZ.html,Syracuse Nationals,/teams/SYR/1963.html,SYR,130,Chicago Zephyrs,/teams/CHZ/1963.html,CHZ,106,,
1963,"Tue, Mar 12, 1963",/boxscores/index.cgi?month=3&day=12&year=1963,,Box Score,/boxscores/196303120NYK.html,Cincinnati Royals,/teams/CIN/1963.html,CIN,110,New York Knicks,/teams/NYK/1963.html,NYK,96,,
1963,"Tue, Mar 12, 1963",/boxscores/index.cgi?month=3&day=12&year=1963,,Box Score,/boxscores/196303120SFW.html,Los Angeles Lakers,/teams/LAL/1963.html,LAL,110,San Francisco Warriors,/teams/SFW/1963.html,SFW,116,,
1963,"Wed, Mar 13, 1963",/boxscores/index.cgi?month=3&day=13&year=1963,,Box Score,/boxscores/196303130BOS.html,Chicago Zephyrs,/teams/CHZ/1963.html,CHZ,108,Boston Celtics,/teams/BOS/1963.html,BOS,121,,
1963,"Wed, Mar 13, 1963",/boxscores/index.cgi?month=3&day=13&year=1963,,Box Score,/boxscores/196303130CIN.html,Syracuse Nationals,/teams/SYR/1963.html,SYR,114,Cincinnati Royals,/teams/CIN/1963.html,CIN,128,,
1963,"Wed, Mar 13, 1963",/boxscores/index.cgi?month=3&day=13&year=1963,,Box Score,/boxscores/196303130DET.html,New York Knicks,/teams/NYK/1963.html,NYK,89,Detroit Pistons,/teams/DET/1963.html,DET,112,,
1963,"Wed, Mar 13, 1963",/boxscores/index.cgi?month=3&day=13&year=1963,,Box Score,/boxscores/196303130LAL.html,St. Louis Hawks,/teams/STL/1963.html,STL,112,Los Angeles Lakers,/teams/LAL/1963.html,LAL,98,,
1963,"Thu, Mar 14, 1963",/boxscores/index.cgi?month=3&day=14&year=1963,,Box Score,/boxscores/196303140SFW.html,St. Louis Hawks,/teams/STL/1963.html,STL,114,San Francisco Warriors,/teams/SFW/1963.html,SFW,109,,
1963,"Fri, Mar 15, 1963",/boxscores/index.cgi?month=3&day=15&year=1963,,Box Score,/boxscores/196303150NYK.html,Chicago Zephyrs,/teams/CHZ/1963.html,CHZ,111,New York Knicks,/teams/NYK/1963.html,NYK,116,,
1963,"Fri, Mar 15, 1963",/boxscores/index.cgi?month=3&day=15&year=1963,,Box Score,/boxscores/196303150SFW.html,St. Louis Hawks,/teams/STL/1963.html,STL,108,San Francisco Warriors,/teams/SFW/1963.html,SFW,119,,"at Oakland, CA"
1963,"Sat, Mar 16, 1963",/boxscores/index.cgi?month=3&day=16&year=1963,,Box Score,/boxscores/196303160CHZ.html,Cincinnati Royals,/teams/CIN/1963.html,CIN,126,Chicago Zephyrs,/teams/CHZ/1963.html,CHZ,117,,
1963,"Sat, Mar 16, 1963",/boxscores/index.cgi?month=3&day=16&year=1963,,Box Score,/boxscores/196303160LAL.html,San Francisco Warriors,/teams/SFW/1963.html,SFW,105,Los Angeles Lakers,/teams/LAL/1963.html,LAL,111,OT,
1963,"Sat, Mar 16, 1963",/boxscores/index.cgi?month=3&day=16&year=1963,,Box Score,/boxscores/196303160SYR.html,Boston Celtics,/teams/BOS/1963.html,BOS,125,Syracuse Nationals,/teams/SYR/1963.html,SYR,121,,
1963,"Sun, Mar 17, 1963",/boxscores/index.cgi?month=3&day=17&year=1963,,Box Score,/boxscores/196303170BOS.html,Syracuse Nationals,/teams/SYR/1963.html,SYR,116,Boston Celtics,/teams/BOS/1963.html,BOS,125,,
1963,"Sun, Mar 17, 1963",/boxscores/index.cgi?month=3&day=17&year=1963,,Box Score,/boxscores/196303170CIN.html,New York Knicks,/teams/NYK/1963.html,NYK,109,Cincinnati Royals,/teams/CIN/1963.html,CIN,116,,
1963,"Sun, Mar 17, 1963",/boxscores/index.cgi?month=3&day=17&year=1963,,Box Score,/boxscores/196303170STL.html,Detroit Pistons,/teams/DET/1963.html,DET,105,St. Louis Hawks,/teams/STL/1963.html,STL,119,,
