1972,"Wed, Oct 13, 1971",/boxscores/index.cgi?month=10&day=13&year=1971,Box Score,/boxscores/197110130UTS.html,Denver Rockets,/teams/DNR/1972.html,121,Utah Stars,/teams/UTS/1972.html,135,,
1972,"Thu, Oct 14, 1971",/boxscores/index.cgi?month=10&day=14&year=1971,Box Score,/boxscores/197110140MMP.html,The Floridians,/teams/FLO/1972.html,103,Memphis Pros,/teams/MMP/1972.html,99,,
1972,"Fri, Oct 15, 1971",/boxscores/index.cgi?month=10&day=15&year=1971,Box Score,/boxscores/197110150CAR.html,Virginia Squires,/teams/VIR/1972.html,118,Carolina Cougars,/teams/CAR/1972.html,114,,"at Greensboro, NC"
1972,"Fri, Oct 15, 1971",/boxscores/index.cgi?month=10&day=15&year=1971,Box Score,/boxscores/197110150INA.html,Denver Rockets,/teams/DNR/1972.html,104,Indiana Pacers,/teams/INA/1972.html,115,,
1972,"Fri, Oct 15, 1971",/boxscores/index.cgi?month=10&day=15&year=1971,Box Score,/boxscores/197110150NYA.html,Pittsburgh Condors,/teams/PTC/1972.html,107,New York Nets,/teams/NYA/1972.html,115,,
1972,"Fri, Oct 15, 1971",/boxscores/index.cgi?month=10&day=15&year=1971,Box Score,/boxscores/197110150UTS.html,Dallas Chaparrals,/teams/DLC/1972.html,106,Utah Stars,/teams/UTS/1972.html,116,,
1972,"Sat, Oct 16, 1971",/boxscores/index.cgi?month=10&day=16&year=1971,Box Score,/boxscores/197110160DLC.html,The Floridians,/teams/FLO/1972.html,84,Dallas Chaparrals,/teams/DLC/1972.html,82,,
1972,"Sat, Oct 16, 1971",/boxscores/index.cgi?month=10&day=16&year=1971,Box Score,/boxscores/197110160INA.html,Carolina Cougars,/teams/CAR/1972.html,98,Indiana Pacers,/teams/INA/1972.html,106,,
1972,"Sat, Oct 16, 1971",/boxscores/index.cgi?month=10&day=16&year=1971,Box Score,/boxscores/197110160KEN.html,New York Nets,/teams/NYA/1972.html,98,Kentucky Colonels,/teams/KEN/1972.html,107,,
1972,"Sat, Oct 16, 1971",/boxscores/index.cgi?month=10&day=16&year=1971,Box Score,/boxscores/197110160MMP.html,Virginia Squires,/teams/VIR/1972.html,93,Memphis Pros,/teams/MMP/1972.html,94,,
1972,"Sat, Oct 16, 1971",/boxscores/index.cgi?month=10&day=16&year=1971,Box Score,/boxscores/197110160PTC.html,Denver Rockets,/teams/DNR/1972.html,136,Pittsburgh Condors,/teams/PTC/1972.html,140,2OT,
1972,"Tue, Oct 19, 1971",/boxscores/index.cgi?month=10&day=19&year=1971,Box Score,/boxscores/197110190DNR.html,Indiana Pacers,/teams/INA/1972.html,122,Denver Rockets,/teams/DNR/1972.html,117,,
1972,"Tue, Oct 19, 1971",/boxscores/index.cgi?month=10&day=19&year=1971,Box Score,/boxscores/197110190PTC.html,New York Nets,/teams/NYA/1972.html,125,Pittsburgh Condors,/teams/PTC/1972.html,120,,
1972,"Tue, Oct 19, 1971",/boxscores/index.cgi?month=10&day=19&year=1971,Box Score,/boxscores/197110190UTS.html,Carolina Cougars,/teams/CAR/1972.html,93,Utah Stars,/teams/UTS/1972.html,150,,
1972,"Wed, Oct 20, 1971",/boxscores/index.cgi?month=10&day=20&year=1971,Box Score,/boxscores/197110200DLC.html,Carolina Cougars,/teams/CAR/1972.html,113,Dallas Chaparrals,/teams/DLC/1972.html,115,OT,
1972,"Wed, Oct 20, 1971",/boxscores/index.cgi?month=10&day=20&year=1971,Box Score,/boxscores/197110200FLO.html,Virginia Squires,/teams/VIR/1972.html,111,The Floridians,/teams/FLO/1972.html,108,,
1972,"Wed, Oct 20, 1971",/boxscores/index.cgi?month=10&day=20&year=1971,Box Score,/boxscores/197110200KEN.html,Memphis Pros,/teams/MMP/1972.html,104,Kentucky Colonels,/teams/KEN/1972.html,106,,
1972,"Thu, Oct 21, 1971",/boxscores/index.cgi?month=10&day=21&year=1971,Box Score,/boxscores/197110210FLO.html,Memphis Pros,/teams/MMP/1972.html,113,The Floridians,/teams/FLO/1972.html,117,,
1972,"Thu, Oct 21, 1971",/boxscores/index.cgi?month=10&day=21&year=1971,Box Score,/boxscores/197110210UTS.html,Indiana Pacers,/teams/INA/1972.html,125,Utah Stars,/teams/UTS/1972.html,122,,
1972,"Thu, Oct 21, 1971",/boxscores/index.cgi?month=10&day=21&year=1971,Box Score,/boxscores/197110210VIR.html,Dallas Chaparrals,/teams/DLC/1972.html,99,Virginia Squires,/teams/VIR/1972.html,103,,"at Richmond, VA"
1972,"Fri, Oct 22, 1971",/boxscores/index.cgi?month=10&day=22&year=1971,Box Score,/boxscores/197110220INA.html,Kentucky Colonels,/teams/KEN/1972.html,102,Indiana Pacers,/teams/INA/1972.html,105,,
1972,"Fri, Oct 22, 1971",/boxscores/index.cgi?month=10&day=22&year=1971,Box Score,/boxscores/197110220MMP.html,Carolina Cougars,/teams/CAR/1972.html,108,Memphis Pros,/teams/MMP/1972.html,102,,
1972,"Fri, Oct 22, 1971",/boxscores/index.cgi?month=10&day=22&year=1971,Box Score,/boxscores/197110220NYA.html,Utah Stars,/teams/UTS/1972.html,100,New York Nets,/teams/NYA/1972.html,111,,
1972,"Fri, Oct 22, 1971",/boxscores/index.cgi?month=10&day=22&year=1971,Box Score,/boxscores/197110220PTC.html,The Floridians,/teams/FLO/1972.html,123,Pittsburgh Condors,/teams/PTC/1972.html,124,OT,
1972,"Fri, Oct 22, 1971",/boxscores/index.cgi?month=10&day=22&year=1971,Box Score,/boxscores/197110220VIR.html,Dallas Chaparrals,/teams/DLC/1972.html,123,Virginia Squires,/teams/VIR/1972.html,108,,"at Hampton, VA"
1972,"Sat, Oct 23, 1971",/boxscores/index.cgi?month=10&day=23&year=1971,Box Score,/boxscores/197110230CAR.html,Utah Stars,/teams/UTS/1972.html,99,Carolina Cougars,/teams/CAR/1972.html,101,,"at Greensboro, NC"
1972,"Sat, Oct 23, 1971",/boxscores/index.cgi?month=10&day=23&year=1971,Box Score,/boxscores/197110230DNR.html,New York Nets,/teams/NYA/1972.html,96,Denver Rockets,/teams/DNR/1972.html,100,,
1972,"Sat, Oct 23, 1971",/boxscores/index.cgi?month=10&day=23&year=1971,Box Score,/boxscores/197110230INA.html,Dallas Chaparrals,/teams/DLC/1972.html,105,Indiana Pacers,/teams/INA/1972.html,93,,
1972,"Sun, Oct 24, 1971",/boxscores/index.cgi?month=10&day=24&year=1971,Box Score,/boxscores/197110240KEN.html,The Floridians,/teams/FLO/1972.html,110,Kentucky Colonels,/teams/KEN/1972.html,116,,
1972,"Sun, Oct 24, 1971",/boxscores/index.cgi?month=10&day=24&year=1971,Box Score,/boxscores/197110240MMP.html,New York Nets,/teams/NYA/1972.html,103,Memphis Pros,/teams/MMP/1972.html,111,,
1972,"Sun, Oct 24, 1971",/boxscores/index.cgi?month=10&day=24&year=1971,Box Score,/boxscores/197110240PTC.html,Utah Stars,/teams/UTS/1972.html,119,Pittsburgh Condors,/teams/PTC/1972.html,116,,
1972,"Tue, Oct 26, 1971",/boxscores/index.cgi?month=10&day=26&year=1971,Box Score,/boxscores/197110260DLC.html,Utah Stars,/teams/UTS/1972.html,131,Dallas Chaparrals,/teams/DLC/1972.html,116,,
1972,"Tue, Oct 26, 1971",/boxscores/index.cgi?month=10&day=26&year=1971,Box Score,/boxscores/197110260DNR.html,Memphis Pros,/teams/MMP/1972.html,100,Denver Rockets,/teams/DNR/1972.html,115,,
1972,"Tue, Oct 26, 1971",/boxscores/index.cgi?month=10&day=26&year=1971,Box Score,/boxscores/197110260FLO.html,New York Nets,/teams/NYA/1972.html,128,The Floridians,/teams/FLO/1972.html,118,2OT,"at Tampa, FL"
1972,"Tue, Oct 26, 1971",/boxscores/index.cgi?month=10&day=26&year=1971,Box Score,/boxscores/197110260PTC.html,Virginia Squires,/teams/VIR/1972.html,149,Pittsburgh Condors,/teams/PTC/1972.html,136,,
1972,"Wed, Oct 27, 1971",/boxscores/index.cgi?month=10&day=27&year=1971,Box Score,/boxscores/197110270CAR.html,Pittsburgh Condors,/teams/PTC/1972.html,131,Carolina Cougars,/teams/CAR/1972.html,121,,"at Charlotte, NC"
1972,"Wed, Oct 27, 1971",/boxscores/index.cgi?month=10&day=27&year=1971,Box Score,/boxscores/197110270KEN.html,Virginia Squires,/teams/VIR/1972.html,110,Kentucky Colonels,/teams/KEN/1972.html,107,,
1972,"Wed, Oct 27, 1971",/boxscores/index.cgi?month=10&day=27&year=1971,Box Score,/boxscores/197110270UTS.html,Memphis Pros,/teams/MMP/1972.html,98,Utah Stars,/teams/UTS/1972.html,104,,
1972,"Thu, Oct 28, 1971",/boxscores/index.cgi?month=10&day=28&year=1971,Box Score,/boxscores/197110280FLO.html,Carolina Cougars,/teams/CAR/1972.html,91,The Floridians,/teams/FLO/1972.html,104,,
1972,"Fri, Oct 29, 1971",/boxscores/index.cgi?month=10&day=29&year=1971,Box Score,/boxscores/197110290DNR.html,Dallas Chaparrals,/teams/DLC/1972.html,111,Denver Rockets,/teams/DNR/1972.html,119,OT,
1972,"Fri, Oct 29, 1971",/boxscores/index.cgi?month=10&day=29&year=1971,Box Score,/boxscores/197110290NYA.html,The Floridians,/teams/FLO/1972.html,110,New York Nets,/teams/NYA/1972.html,95,,
1972,"Fri, Oct 29, 1971",/boxscores/index.cgi?month=10&day=29&year=1971,Box Score,/boxscores/197110290PTC.html,Kentucky Colonels,/teams/KEN/1972.html,102,Pittsburgh Condors,/teams/PTC/1972.html,112,,
1972,"Fri, Oct 29, 1971",/boxscores/index.cgi?month=10&day=29&year=1971,Box Score,/boxscores/197110290UTS.html,Indiana Pacers,/teams/INA/1972.html,121,Utah Stars,/teams/UTS/1972.html,109,,
1972,"Fri, Oct 29, 1971",/boxscores/index.cgi?month=10&day=29&year=1971,Box Score,/boxscores/197110290VIR.html,Carolina Cougars,/teams/CAR/1972.html,121,Virginia Squires,/teams/VIR/1972.html,142,,"at Roanoke, VA"
1972,"Sat, Oct 30, 1971",/boxscores/index.cgi?month=10&day=30&year=1971,Box Score,/boxscores/197110300KEN.html,Denver Rockets,/teams/DNR/1972.html,105,Kentucky Colonels,/teams/KEN/1972.html,133,,
1972,"Sat, Oct 30, 1971",/boxscores/index.cgi?month=10&day=30&year=1971,Box Score,/boxscores/197110300VIR.html,The Floridians,/teams/FLO/1972.html,113,Virginia Squires,/teams/VIR/1972.html,109,,"at Hampton, VA"
1972,"Sun, Oct 31, 1971",/boxscores/index.cgi?month=10&day=31&year=1971,Box Score,/boxscores/197110310DLC.html,Indiana Pacers,/teams/INA/1972.html,108,Dallas Chaparrals,/teams/DLC/1972.html,125,,
1972,"Sun, Oct 31, 1971",/boxscores/index.cgi?month=10&day=31&year=1971,Box Score,/boxscores/197110310MMP.html,Denver Rockets,/teams/DNR/1972.html,106,Memphis Pros,/teams/MMP/1972.html,117,,
1972,"Sun, Oct 31, 1971",/boxscores/index.cgi?month=10&day=31&year=1971,Box Score,/boxscores/197110310NYA.html,Kentucky Colonels,/teams/KEN/1972.html,103,New York Nets,/teams/NYA/1972.html,107,,
1972,"Sun, Oct 31, 1971",/boxscores/index.cgi?month=10&day=31&year=1971,Box Score,/boxscores/197110310PTC.html,Virginia Squires,/teams/VIR/1972.html,134,Pittsburgh Condors,/teams/PTC/1972.html,124,,
1972,"Tue, Nov 2, 1971",/boxscores/index.cgi?month=11&day=2&year=1971,Box Score,/boxscores/197111020DNR.html,Pittsburgh Condors,/teams/PTC/1972.html,114,Denver Rockets,/teams/DNR/1972.html,133,,
1972,"Tue, Nov 2, 1971",/boxscores/index.cgi?month=11&day=2&year=1971,Box Score,/boxscores/197111020INA.html,Carolina Cougars,/teams/CAR/1972.html,116,Indiana Pacers,/teams/INA/1972.html,137,,
1972,"Tue, Nov 2, 1971",/boxscores/index.cgi?month=11&day=2&year=1971,Box Score,/boxscores/197111020MMP.html,Kentucky Colonels,/teams/KEN/1972.html,123,Memphis Pros,/teams/MMP/1972.html,109,,
1972,"Tue, Nov 2, 1971",/boxscores/index.cgi?month=11&day=2&year=1971,Box Score,/boxscores/197111020UTS.html,Virginia Squires,/teams/VIR/1972.html,122,Utah Stars,/teams/UTS/1972.html,119,,
1972,"Wed, Nov 3, 1971",/boxscores/index.cgi?month=11&day=3&year=1971,Box Score,/boxscores/197111030DLC.html,Virginia Squires,/teams/VIR/1972.html,127,Dallas Chaparrals,/teams/DLC/1972.html,117,,
1972,"Wed, Nov 3, 1971",/boxscores/index.cgi?month=11&day=3&year=1971,Box Score,/boxscores/197111030FLO.html,Kentucky Colonels,/teams/KEN/1972.html,118,The Floridians,/teams/FLO/1972.html,111,,
1972,"Thu, Nov 4, 1971",/boxscores/index.cgi?month=11&day=4&year=1971,Box Score,/boxscores/197111040MMP.html,Indiana Pacers,/teams/INA/1972.html,94,Memphis Pros,/teams/MMP/1972.html,105,,
1972,"Thu, Nov 4, 1971",/boxscores/index.cgi?month=11&day=4&year=1971,Box Score,/boxscores/197111040UTS.html,Pittsburgh Condors,/teams/PTC/1972.html,135,Utah Stars,/teams/UTS/1972.html,129,,
1972,"Fri, Nov 5, 1971",/boxscores/index.cgi?month=11&day=5&year=1971,Box Score,/boxscores/197111050CAR.html,The Floridians,/teams/FLO/1972.html,106,Carolina Cougars,/teams/CAR/1972.html,109,,"at Greensboro, NC"
1972,"Fri, Nov 5, 1971",/boxscores/index.cgi?month=11&day=5&year=1971,Box Score,/boxscores/197111050DLC.html,Pittsburgh Condors,/teams/PTC/1972.html,98,Dallas Chaparrals,/teams/DLC/1972.html,96,,
1972,"Fri, Nov 5, 1971",/boxscores/index.cgi?month=11&day=5&year=1971,Box Score,/boxscores/197111050KEN.html,Indiana Pacers,/teams/INA/1972.html,110,Kentucky Colonels,/teams/KEN/1972.html,115,,
1972,"Fri, Nov 5, 1971",/boxscores/index.cgi?month=11&day=5&year=1971,Box Score,/boxscores/197111050NYA.html,Memphis Pros,/teams/MMP/1972.html,117,New York Nets,/teams/NYA/1972.html,129,OT,
1972,"Sat, Nov 6, 1971",/boxscores/index.cgi?month=11&day=6&year=1971,Box Score,/boxscores/197111060CAR.html,Dallas Chaparrals,/teams/DLC/1972.html,97,Carolina Cougars,/teams/CAR/1972.html,92,,"at Charlotte, NC"
1972,"Sat, Nov 6, 1971",/boxscores/index.cgi?month=11&day=6&year=1971,Box Score,/boxscores/197111060FLO.html,Pittsburgh Condors,/teams/PTC/1972.html,121,The Floridians,/teams/FLO/1972.html,136,,
1972,"Sat, Nov 6, 1971",/boxscores/index.cgi?month=11&day=6&year=1971,Box Score,/boxscores/197111060INA.html,Utah Stars,/teams/UTS/1972.html,108,Indiana Pacers,/teams/INA/1972.html,107,OT,
1972,"Sat, Nov 6, 1971",/boxscores/index.cgi?month=11&day=6&year=1971,Box Score,/boxscores/197111060KEN.html,New York Nets,/teams/NYA/1972.html,97,Kentucky Colonels,/teams/KEN/1972.html,102,,
1972,"Sat, Nov 6, 1971",/boxscores/index.cgi?month=11&day=6&year=1971,Box Score,/boxscores/197111060VIR.html,Memphis Pros,/teams/MMP/1972.html,122,Virginia Squires,/teams/VIR/1972.html,121,OT,"at Richmond, VA"
1972,"Tue, Nov 9, 1971",/boxscores/index.cgi?month=11&day=9&year=1971,Box Score,/boxscores/197111090DLC.html,New York Nets,/teams/NYA/1972.html,86,Dallas Chaparrals,/teams/DLC/1972.html,90,,
1972,"Tue, Nov 9, 1971",/boxscores/index.cgi?month=11&day=9&year=1971,Box Score,/boxscores/197111090DNR.html,Kentucky Colonels,/teams/KEN/1972.html,106,Denver Rockets,/teams/DNR/1972.html,96,,"at Memphis, TN"
1972,"Tue, Nov 9, 1971",/boxscores/index.cgi?month=11&day=9&year=1971,Box Score,/boxscores/197111090MMP.html,Utah Stars,/teams/UTS/1972.html,93,Memphis Pros,/teams/MMP/1972.html,90,,
1972,"Tue, Nov 9, 1971",/boxscores/index.cgi?month=11&day=9&year=1971,Box Score,/boxscores/197111090PTC.html,Indiana Pacers,/teams/INA/1972.html,123,Pittsburgh Condors,/teams/PTC/1972.html,133,,
1972,"Wed, Nov 10, 1971",/boxscores/index.cgi?month=11&day=10&year=1971,Box Score,/boxscores/197111100FLO.html,Virginia Squires,/teams/VIR/1972.html,119,The Floridians,/teams/FLO/1972.html,116,,"at St. Petersburg, FL"
1972,"Wed, Nov 10, 1971",/boxscores/index.cgi?month=11&day=10&year=1971,Box Score,/boxscores/197111100INA.html,Pittsburgh Condors,/teams/PTC/1972.html,125,Indiana Pacers,/teams/INA/1972.html,154,,
1972,"Wed, Nov 10, 1971",/boxscores/index.cgi?month=11&day=10&year=1971,Box Score,/boxscores/197111100KEN.html,Dallas Chaparrals,/teams/DLC/1972.html,89,Kentucky Colonels,/teams/KEN/1972.html,115,,
1972,"Wed, Nov 10, 1971",/boxscores/index.cgi?month=11&day=10&year=1971,Box Score,/boxscores/197111100UTS.html,New York Nets,/teams/NYA/1972.html,110,Utah Stars,/teams/UTS/1972.html,127,,
1972,"Thu, Nov 11, 1971",/boxscores/index.cgi?month=11&day=11&year=1971,Box Score,/boxscores/197111110DNR.html,Utah Stars,/teams/UTS/1972.html,112,Denver Rockets,/teams/DNR/1972.html,106,,
1972,"Thu, Nov 11, 1971",/boxscores/index.cgi?month=11&day=11&year=1971,Box Score,/boxscores/197111110PTC.html,Carolina Cougars,/teams/CAR/1972.html,127,Pittsburgh Condors,/teams/PTC/1972.html,109,,
1972,"Fri, Nov 12, 1971",/boxscores/index.cgi?month=11&day=12&year=1971,Box Score,/boxscores/197111120DLC.html,Memphis Pros,/teams/MMP/1972.html,107,Dallas Chaparrals,/teams/DLC/1972.html,103,,
1972,"Fri, Nov 12, 1971",/boxscores/index.cgi?month=11&day=12&year=1971,Box Score,/boxscores/197111120NYA.html,Virginia Squires,/teams/VIR/1972.html,127,New York Nets,/teams/NYA/1972.html,123,OT,
1972,"Sat, Nov 13, 1971",/boxscores/index.cgi?month=11&day=13&year=1971,Box Score,/boxscores/197111130CAR.html,Virginia Squires,/teams/VIR/1972.html,109,Carolina Cougars,/teams/CAR/1972.html,129,,"at Charlotte, NC"
1972,"Sat, Nov 13, 1971",/boxscores/index.cgi?month=11&day=13&year=1971,Box Score,/boxscores/197111130DNR.html,Dallas Chaparrals,/teams/DLC/1972.html,97,Denver Rockets,/teams/DNR/1972.html,92,,
1972,"Sat, Nov 13, 1971",/boxscores/index.cgi?month=11&day=13&year=1971,Box Score,/boxscores/197111130FLO.html,New York Nets,/teams/NYA/1972.html,117,The Floridians,/teams/FLO/1972.html,113,,
1972,"Sat, Nov 13, 1971",/boxscores/index.cgi?month=11&day=13&year=1971,Box Score,/boxscores/197111130KEN.html,Indiana Pacers,/teams/INA/1972.html,116,Kentucky Colonels,/teams/KEN/1972.html,111,,
1972,"Sat, Nov 13, 1971",/boxscores/index.cgi?month=11&day=13&year=1971,Box Score,/boxscores/197111130UTS.html,Memphis Pros,/teams/MMP/1972.html,125,Utah Stars,/teams/UTS/1972.html,116,,
1972,"Sun, Nov 14, 1971",/boxscores/index.cgi?month=11&day=14&year=1971,Box Score,/boxscores/197111140PTC.html,New York Nets,/teams/NYA/1972.html,130,Pittsburgh Condors,/teams/PTC/1972.html,125,,
1972,"Tue, Nov 16, 1971",/boxscores/index.cgi?month=11&day=16&year=1971,Box Score,/boxscores/197111160DNR.html,Indiana Pacers,/teams/INA/1972.html,108,Denver Rockets,/teams/DNR/1972.html,111,,
1972,"Tue, Nov 16, 1971",/boxscores/index.cgi?month=11&day=16&year=1971,Box Score,/boxscores/197111160FLO.html,Memphis Pros,/teams/MMP/1972.html,119,The Floridians,/teams/FLO/1972.html,109,,
1972,"Wed, Nov 17, 1971",/boxscores/index.cgi?month=11&day=17&year=1971,Box Score,/boxscores/197111170CAR.html,Denver Rockets,/teams/DNR/1972.html,101,Carolina Cougars,/teams/CAR/1972.html,113,,"at Charlotte, NC"
1972,"Wed, Nov 17, 1971",/boxscores/index.cgi?month=11&day=17&year=1971,Box Score,/boxscores/197111170KEN.html,Virginia Squires,/teams/VIR/1972.html,112,Kentucky Colonels,/teams/KEN/1972.html,117,,
1972,"Wed, Nov 17, 1971",/boxscores/index.cgi?month=11&day=17&year=1971,Box Score,/boxscores/197111170NYA.html,Pittsburgh Condors,/teams/PTC/1972.html,122,New York Nets,/teams/NYA/1972.html,121,,
1972,"Wed, Nov 17, 1971",/boxscores/index.cgi?month=11&day=17&year=1971,Box Score,/boxscores/197111170UTS.html,Indiana Pacers,/teams/INA/1972.html,111,Utah Stars,/teams/UTS/1972.html,113,,
1972,"Fri, Nov 19, 1971",/boxscores/index.cgi?month=11&day=19&year=1971,Box Score,/boxscores/197111190CAR.html,New York Nets,/teams/NYA/1972.html,129,Carolina Cougars,/teams/CAR/1972.html,127,,"at Greensboro, NC"
1972,"Fri, Nov 19, 1971",/boxscores/index.cgi?month=11&day=19&year=1971,Box Score,/boxscores/197111190KEN.html,The Floridians,/teams/FLO/1972.html,102,Kentucky Colonels,/teams/KEN/1972.html,114,,
1972,"Fri, Nov 19, 1971",/boxscores/index.cgi?month=11&day=19&year=1971,Box Score,/boxscores/197111190PTC.html,Indiana Pacers,/teams/INA/1972.html,123,Pittsburgh Condors,/teams/PTC/1972.html,124,,
1972,"Fri, Nov 19, 1971",/boxscores/index.cgi?month=11&day=19&year=1971,Box Score,/boxscores/197111190VIR.html,Denver Rockets,/teams/DNR/1972.html,115,Virginia Squires,/teams/VIR/1972.html,113,,"at Hampton, VA"
1972,"Sat, Nov 20, 1971",/boxscores/index.cgi?month=11&day=20&year=1971,Box Score,/boxscores/197111200DNR.html,The Floridians,/teams/FLO/1972.html,97,Denver Rockets,/teams/DNR/1972.html,117,,
1972,"Sat, Nov 20, 1971",/boxscores/index.cgi?month=11&day=20&year=1971,Box Score,/boxscores/197111200KEN.html,Carolina Cougars,/teams/CAR/1972.html,107,Kentucky Colonels,/teams/KEN/1972.html,120,,
1972,"Sat, Nov 20, 1971",/boxscores/index.cgi?month=11&day=20&year=1971,Box Score,/boxscores/197111200MMP.html,Pittsburgh Condors,/teams/PTC/1972.html,113,Memphis Pros,/teams/MMP/1972.html,103,,"at Jackson, TN"
1972,"Sat, Nov 20, 1971",/boxscores/index.cgi?month=11&day=20&year=1971,Box Score,/boxscores/197111200UTS.html,Dallas Chaparrals,/teams/DLC/1972.html,99,Utah Stars,/teams/UTS/1972.html,103,,
1972,"Sun, Nov 21, 1971",/boxscores/index.cgi?month=11&day=21&year=1971,Box Score,/boxscores/197111210MMP.html,The Floridians,/teams/FLO/1972.html,103,Memphis Pros,/teams/MMP/1972.html,86,,
1972,"Tue, Nov 23, 1971",/boxscores/index.cgi?month=11&day=23&year=1971,Box Score,/boxscores/197111230DLC.html,Denver Rockets,/teams/DNR/1972.html,101,Dallas Chaparrals,/teams/DLC/1972.html,104,,
1972,"Tue, Nov 23, 1971",/boxscores/index.cgi?month=11&day=23&year=1971,Box Score,/boxscores/197111230PTC.html,Utah Stars,/teams/UTS/1972.html,114,Pittsburgh Condors,/teams/PTC/1972.html,112,,
1972,"Tue, Nov 23, 1971",/boxscores/index.cgi?month=11&day=23&year=1971,Box Score,/boxscores/197111230VIR.html,Carolina Cougars,/teams/CAR/1972.html,102,Virginia Squires,/teams/VIR/1972.html,98,,"at Hampton, VA"
1972,"Wed, Nov 24, 1971",/boxscores/index.cgi?month=11&day=24&year=1971,Box Score,/boxscores/197111240CAR.html,Dallas Chaparrals,/teams/DLC/1972.html,106,Carolina Cougars,/teams/CAR/1972.html,120,,"at Raleigh, NC"
1972,"Wed, Nov 24, 1971",/boxscores/index.cgi?month=11&day=24&year=1971,Box Score,/boxscores/197111240FLO.html,Denver Rockets,/teams/DNR/1972.html,129,The Floridians,/teams/FLO/1972.html,133,2OT,
1972,"Wed, Nov 24, 1971",/boxscores/index.cgi?month=11&day=24&year=1971,Box Score,/boxscores/197111240INA.html,New York Nets,/teams/NYA/1972.html,101,Indiana Pacers,/teams/INA/1972.html,112,,
1972,"Wed, Nov 24, 1971",/boxscores/index.cgi?month=11&day=24&year=1971,Box Score,/boxscores/197111240MMP.html,Pittsburgh Condors,/teams/PTC/1972.html,110,Memphis Pros,/teams/MMP/1972.html,126,,
1972,"Wed, Nov 24, 1971",/boxscores/index.cgi?month=11&day=24&year=1971,Box Score,/boxscores/197111240VIR.html,Utah Stars,/teams/UTS/1972.html,120,Virginia Squires,/teams/VIR/1972.html,113,,"at Richmond, VA"
1972,"Thu, Nov 25, 1971",/boxscores/index.cgi?month=11&day=25&year=1971,Box Score,/boxscores/197111250KEN.html,New York Nets,/teams/NYA/1972.html,117,Kentucky Colonels,/teams/KEN/1972.html,133,,
1972,"Thu, Nov 25, 1971",/boxscores/index.cgi?month=11&day=25&year=1971,Box Score,/boxscores/197111250PTC.html,Virginia Squires,/teams/VIR/1972.html,131,Pittsburgh Condors,/teams/PTC/1972.html,118,,
1972,"Fri, Nov 26, 1971",/boxscores/index.cgi?month=11&day=26&year=1971,Box Score,/boxscores/197111260CAR.html,Utah Stars,/teams/UTS/1972.html,124,Carolina Cougars,/teams/CAR/1972.html,115,,"at Greensboro, NC"
1972,"Fri, Nov 26, 1971",/boxscores/index.cgi?month=11&day=26&year=1971,Box Score,/boxscores/197111260INA.html,Denver Rockets,/teams/DNR/1972.html,96,Indiana Pacers,/teams/INA/1972.html,110,,
1972,"Fri, Nov 26, 1971",/boxscores/index.cgi?month=11&day=26&year=1971,Box Score,/boxscores/197111260MMP.html,The Floridians,/teams/FLO/1972.html,106,Memphis Pros,/teams/MMP/1972.html,104,,
1972,"Fri, Nov 26, 1971",/boxscores/index.cgi?month=11&day=26&year=1971,Box Score,/boxscores/197111260NYA.html,Dallas Chaparrals,/teams/DLC/1972.html,106,New York Nets,/teams/NYA/1972.html,101,,
1972,"Sat, Nov 27, 1971",/boxscores/index.cgi?month=11&day=27&year=1971,Box Score,/boxscores/197111270CAR.html,Indiana Pacers,/teams/INA/1972.html,116,Carolina Cougars,/teams/CAR/1972.html,110,,"at Charlotte, NC"
1972,"Sat, Nov 27, 1971",/boxscores/index.cgi?month=11&day=27&year=1971,Box Score,/boxscores/197111270DNR.html,Memphis Pros,/teams/MMP/1972.html,109,Denver Rockets,/teams/DNR/1972.html,128,,
1972,"Sat, Nov 27, 1971",/boxscores/index.cgi?month=11&day=27&year=1971,Box Score,/boxscores/197111270KEN.html,Utah Stars,/teams/UTS/1972.html,111,Kentucky Colonels,/teams/KEN/1972.html,106,,
1972,"Sat, Nov 27, 1971",/boxscores/index.cgi?month=11&day=27&year=1971,Box Score,/boxscores/197111270PTC.html,The Floridians,/teams/FLO/1972.html,106,Pittsburgh Condors,/teams/PTC/1972.html,110,,
1972,"Sat, Nov 27, 1971",/boxscores/index.cgi?month=11&day=27&year=1971,Box Score,/boxscores/197111270VIR.html,Dallas Chaparrals,/teams/DLC/1972.html,100,Virginia Squires,/teams/VIR/1972.html,111,,"at Norfolk, VA"
1972,"Sun, Nov 28, 1971",/boxscores/index.cgi?month=11&day=28&year=1971,Box Score,/boxscores/197111280FLO.html,Dallas Chaparrals,/teams/DLC/1972.html,106,The Floridians,/teams/FLO/1972.html,98,,
1972,"Sun, Nov 28, 1971",/boxscores/index.cgi?month=11&day=28&year=1971,Box Score,/boxscores/197111280NYA.html,Kentucky Colonels,/teams/KEN/1972.html,108,New York Nets,/teams/NYA/1972.html,106,OT,
1972,"Tue, Nov 30, 1971",/boxscores/index.cgi?month=11&day=30&year=1971,Box Score,/boxscores/197111300DNR.html,Dallas Chaparrals,/teams/DLC/1972.html,91,Denver Rockets,/teams/DNR/1972.html,106,,
1972,"Tue, Nov 30, 1971",/boxscores/index.cgi?month=11&day=30&year=1971,Box Score,/boxscores/197111300MMP.html,Indiana Pacers,/teams/INA/1972.html,114,Memphis Pros,/teams/MMP/1972.html,88,,
1972,"Tue, Nov 30, 1971",/boxscores/index.cgi?month=11&day=30&year=1971,Box Score,/boxscores/197111300PTC.html,Virginia Squires,/teams/VIR/1972.html,134,Pittsburgh Condors,/teams/PTC/1972.html,129,,
1972,"Tue, Nov 30, 1971",/boxscores/index.cgi?month=11&day=30&year=1971,Box Score,/boxscores/197111300UTS.html,The Floridians,/teams/FLO/1972.html,114,Utah Stars,/teams/UTS/1972.html,127,,
1972,"Wed, Dec 1, 1971",/boxscores/index.cgi?month=12&day=1&year=1971,Box Score,/boxscores/197112010CAR.html,Pittsburgh Condors,/teams/PTC/1972.html,117,Carolina Cougars,/teams/CAR/1972.html,118,,"at Charlotte, NC"
1972,"Wed, Dec 1, 1971",/boxscores/index.cgi?month=12&day=1&year=1971,Box Score,/boxscores/197112010DLC.html,The Floridians,/teams/FLO/1972.html,107,Dallas Chaparrals,/teams/DLC/1972.html,106,OT,
1972,"Thu, Dec 2, 1971",/boxscores/index.cgi?month=12&day=2&year=1971,Box Score,/boxscores/197112020FLO.html,Utah Stars,/teams/UTS/1972.html,98,The Floridians,/teams/FLO/1972.html,93,,
1972,"Fri, Dec 3, 1971",/boxscores/index.cgi?month=12&day=3&year=1971,Box Score,/boxscores/197112030DLC.html,Kentucky Colonels,/teams/KEN/1972.html,105,Dallas Chaparrals,/teams/DLC/1972.html,91,,
1972,"Fri, Dec 3, 1971",/boxscores/index.cgi?month=12&day=3&year=1971,Box Score,/boxscores/197112030INA.html,Virginia Squires,/teams/VIR/1972.html,128,Indiana Pacers,/teams/INA/1972.html,121,OT,
1972,"Fri, Dec 3, 1971",/boxscores/index.cgi?month=12&day=3&year=1971,Box Score,/boxscores/197112030MMP.html,Utah Stars,/teams/UTS/1972.html,114,Memphis Pros,/teams/MMP/1972.html,117,OT,"at Jackson, TN"
1972,"Fri, Dec 3, 1971",/boxscores/index.cgi?month=12&day=3&year=1971,Box Score,/boxscores/197112030NYA.html,Carolina Cougars,/teams/CAR/1972.html,122,New York Nets,/teams/NYA/1972.html,134,,
1972,"Sat, Dec 4, 1971",/boxscores/index.cgi?month=12&day=4&year=1971,Box Score,/boxscores/197112040DNR.html,Kentucky Colonels,/teams/KEN/1972.html,109,Denver Rockets,/teams/DNR/1972.html,102,,
1972,"Sat, Dec 4, 1971",/boxscores/index.cgi?month=12&day=4&year=1971,Box Score,/boxscores/197112040INA.html,Carolina Cougars,/teams/CAR/1972.html,108,Indiana Pacers,/teams/INA/1972.html,115,,
1972,"Sat, Dec 4, 1971",/boxscores/index.cgi?month=12&day=4&year=1971,Box Score,/boxscores/197112040VIR.html,New York Nets,/teams/NYA/1972.html,124,Virginia Squires,/teams/VIR/1972.html,126,,"at Roanoke, VA"
1972,"Sun, Dec 5, 1971",/boxscores/index.cgi?month=12&day=5&year=1971,Box Score,/boxscores/197112050MMP.html,Virginia Squires,/teams/VIR/1972.html,113,Memphis Pros,/teams/MMP/1972.html,117,,
1972,"Sun, Dec 5, 1971",/boxscores/index.cgi?month=12&day=5&year=1971,Box Score,/boxscores/197112050PTC.html,Denver Rockets,/teams/DNR/1972.html,118,Pittsburgh Condors,/teams/PTC/1972.html,114,,
1972,"Mon, Dec 6, 1971",/boxscores/index.cgi?month=12&day=6&year=1971,Box Score,/boxscores/197112060UTS.html,Kentucky Colonels,/teams/KEN/1972.html,100,Utah Stars,/teams/UTS/1972.html,104,,
1972,"Tue, Dec 7, 1971",/boxscores/index.cgi?month=12&day=7&year=1971,Box Score,/boxscores/197112070DLC.html,Virginia Squires,/teams/VIR/1972.html,103,Dallas Chaparrals,/teams/DLC/1972.html,113,,
1972,"Tue, Dec 7, 1971",/boxscores/index.cgi?month=12&day=7&year=1971,Box Score,/boxscores/197112070FLO.html,Denver Rockets,/teams/DNR/1972.html,105,The Floridians,/teams/FLO/1972.html,107,,
1972,"Tue, Dec 7, 1971",/boxscores/index.cgi?month=12&day=7&year=1971,Box Score,/boxscores/197112070NYA.html,Indiana Pacers,/teams/INA/1972.html,119,New York Nets,/teams/NYA/1972.html,114,,
1972,"Tue, Dec 7, 1971",/boxscores/index.cgi?month=12&day=7&year=1971,Box Score,/boxscores/197112070PTC.html,Carolina Cougars,/teams/CAR/1972.html,102,Pittsburgh Condors,/teams/PTC/1972.html,122,,
1972,"Wed, Dec 8, 1971",/boxscores/index.cgi?month=12&day=8&year=1971,Box Score,/boxscores/197112080CAR.html,Kentucky Colonels,/teams/KEN/1972.html,121,Carolina Cougars,/teams/CAR/1972.html,111,,"at Charlotte, NC"
1972,"Wed, Dec 8, 1971",/boxscores/index.cgi?month=12&day=8&year=1971,Box Score,/boxscores/197112080MMP.html,Denver Rockets,/teams/DNR/1972.html,91,Memphis Pros,/teams/MMP/1972.html,109,,
1972,"Wed, Dec 8, 1971",/boxscores/index.cgi?month=12&day=8&year=1971,Box Score,/boxscores/197112080UTS.html,Dallas Chaparrals,/teams/DLC/1972.html,97,Utah Stars,/teams/UTS/1972.html,116,,
1972,"Thu, Dec 9, 1971",/boxscores/index.cgi?month=12&day=9&year=1971,Box Score,/boxscores/197112090INA.html,Kentucky Colonels,/teams/KEN/1972.html,103,Indiana Pacers,/teams/INA/1972.html,101,,
1972,"Thu, Dec 9, 1971",/boxscores/index.cgi?month=12&day=9&year=1971,Box Score,/boxscores/197112090PTC.html,Dallas Chaparrals,/teams/DLC/1972.html,113,Pittsburgh Condors,/teams/PTC/1972.html,124,,
1972,"Thu, Dec 9, 1971",/boxscores/index.cgi?month=12&day=9&year=1971,Box Score,/boxscores/197112090VIR.html,New York Nets,/teams/NYA/1972.html,114,Virginia Squires,/teams/VIR/1972.html,115,OT,"at Richmond, VA"
1972,"Fri, Dec 10, 1971",/boxscores/index.cgi?month=12&day=10&year=1971,Box Score,/boxscores/197112100CAR.html,Pittsburgh Condors,/teams/PTC/1972.html,144,Carolina Cougars,/teams/CAR/1972.html,138,,"at Greensboro, NC"
1972,"Fri, Dec 10, 1971",/boxscores/index.cgi?month=12&day=10&year=1971,Box Score,/boxscores/197112100KEN.html,The Floridians,/teams/FLO/1972.html,100,Kentucky Colonels,/teams/KEN/1972.html,116,,
1972,"Fri, Dec 10, 1971",/boxscores/index.cgi?month=12&day=10&year=1971,Box Score,/boxscores/197112100NYA.html,Memphis Pros,/teams/MMP/1972.html,101,New York Nets,/teams/NYA/1972.html,103,,
1972,"Fri, Dec 10, 1971",/boxscores/index.cgi?month=12&day=10&year=1971,Box Score,/boxscores/197112100UTS.html,Denver Rockets,/teams/DNR/1972.html,102,Utah Stars,/teams/UTS/1972.html,110,,"at Logan, UT"
1972,"Fri, Dec 10, 1971",/boxscores/index.cgi?month=12&day=10&year=1971,Box Score,/boxscores/197112100VIR.html,Indiana Pacers,/teams/INA/1972.html,114,Virginia Squires,/teams/VIR/1972.html,118,,"at Norfolk, VA"
1972,"Sat, Dec 11, 1971",/boxscores/index.cgi?month=12&day=11&year=1971,Box Score,/boxscores/197112110DNR.html,Carolina Cougars,/teams/CAR/1972.html,125,Denver Rockets,/teams/DNR/1972.html,130,,
1972,"Sat, Dec 11, 1971",/boxscores/index.cgi?month=12&day=11&year=1971,Box Score,/boxscores/197112110INA.html,The Floridians,/teams/FLO/1972.html,96,Indiana Pacers,/teams/INA/1972.html,105,,
1972,"Sat, Dec 11, 1971",/boxscores/index.cgi?month=12&day=11&year=1971,Box Score,/boxscores/197112110MMP.html,Dallas Chaparrals,/teams/DLC/1972.html,105,Memphis Pros,/teams/MMP/1972.html,116,,
1972,"Sat, Dec 11, 1971",/boxscores/index.cgi?month=12&day=11&year=1971,Box Score,/boxscores/197112110UTS.html,New York Nets,/teams/NYA/1972.html,82,Utah Stars,/teams/UTS/1972.html,109,,
1972,"Sat, Dec 11, 1971",/boxscores/index.cgi?month=12&day=11&year=1971,Box Score,/boxscores/197112110VIR.html,Kentucky Colonels,/teams/KEN/1972.html,120,Virginia Squires,/teams/VIR/1972.html,128,OT,"at Hampton, VA"
1972,"Sun, Dec 12, 1971",/boxscores/index.cgi?month=12&day=12&year=1971,Box Score,/boxscores/197112120PTC.html,The Floridians,/teams/FLO/1972.html,95,Pittsburgh Condors,/teams/PTC/1972.html,98,,
1972,"Mon, Dec 13, 1971",/boxscores/index.cgi?month=12&day=13&year=1971,Box Score,/boxscores/197112130UTS.html,Carolina Cougars,/teams/CAR/1972.html,124,Utah Stars,/teams/UTS/1972.html,115,,
1972,"Mon, Dec 13, 1971",/boxscores/index.cgi?month=12&day=13&year=1971,Box Score,/boxscores/197112130VIR.html,The Floridians,/teams/FLO/1972.html,115,Virginia Squires,/teams/VIR/1972.html,123,,"at Norfolk, VA"
1972,"Tue, Dec 14, 1971",/boxscores/index.cgi?month=12&day=14&year=1971,Box Score,/boxscores/197112140CAR.html,Virginia Squires,/teams/VIR/1972.html,121,Carolina Cougars,/teams/CAR/1972.html,125,,"at Greensboro, NC"
1972,"Tue, Dec 14, 1971",/boxscores/index.cgi?month=12&day=14&year=1971,Box Score,/boxscores/197112140DLC.html,Indiana Pacers,/teams/INA/1972.html,107,Dallas Chaparrals,/teams/DLC/1972.html,98,,
1972,"Tue, Dec 14, 1971",/boxscores/index.cgi?month=12&day=14&year=1971,Box Score,/boxscores/197112140DNR.html,New York Nets,/teams/NYA/1972.html,118,Denver Rockets,/teams/DNR/1972.html,119,,
1972,"Tue, Dec 14, 1971",/boxscores/index.cgi?month=12&day=14&year=1971,Box Score,/boxscores/197112140PTC.html,Memphis Pros,/teams/MMP/1972.html,128,Pittsburgh Condors,/teams/PTC/1972.html,130,,
1972,"Wed, Dec 15, 1971",/boxscores/index.cgi?month=12&day=15&year=1971,Box Score,/boxscores/197112150FLO.html,Virginia Squires,/teams/VIR/1972.html,105,The Floridians,/teams/FLO/1972.html,119,,
1972,"Wed, Dec 15, 1971",/boxscores/index.cgi?month=12&day=15&year=1971,Box Score,/boxscores/197112150INA.html,Dallas Chaparrals,/teams/DLC/1972.html,110,Indiana Pacers,/teams/INA/1972.html,124,,
1972,"Wed, Dec 15, 1971",/boxscores/index.cgi?month=12&day=15&year=1971,Box Score,/boxscores/197112150KEN.html,Carolina Cougars,/teams/CAR/1972.html,93,Kentucky Colonels,/teams/KEN/1972.html,137,,
1972,"Wed, Dec 15, 1971",/boxscores/index.cgi?month=12&day=15&year=1971,Box Score,/boxscores/197112150MMP.html,New York Nets,/teams/NYA/1972.html,109,Memphis Pros,/teams/MMP/1972.html,100,,
1972,"Thu, Dec 16, 1971",/boxscores/index.cgi?month=12&day=16&year=1971,Box Score,/boxscores/197112160FLO.html,Pittsburgh Condors,/teams/PTC/1972.html,103,The Floridians,/teams/FLO/1972.html,129,,
1972,"Fri, Dec 17, 1971",/boxscores/index.cgi?month=12&day=17&year=1971,Box Score,/boxscores/197112170INA.html,Memphis Pros,/teams/MMP/1972.html,92,Indiana Pacers,/teams/INA/1972.html,94,,
1972,"Fri, Dec 17, 1971",/boxscores/index.cgi?month=12&day=17&year=1971,Box Score,/boxscores/197112170KEN.html,Virginia Squires,/teams/VIR/1972.html,104,Kentucky Colonels,/teams/KEN/1972.html,128,,
1972,"Fri, Dec 17, 1971",/boxscores/index.cgi?month=12&day=17&year=1971,Box Score,/boxscores/197112170NYA.html,Dallas Chaparrals,/teams/DLC/1972.html,83,New York Nets,/teams/NYA/1972.html,90,,
1972,"Fri, Dec 17, 1971",/boxscores/index.cgi?month=12&day=17&year=1971,Box Score,/boxscores/197112170PTC.html,Carolina Cougars,/teams/CAR/1972.html,146,Pittsburgh Condors,/teams/PTC/1972.html,143,OT,
1972,"Fri, Dec 17, 1971",/boxscores/index.cgi?month=12&day=17&year=1971,Box Score,/boxscores/197112170UTS.html,Denver Rockets,/teams/DNR/1972.html,109,Utah Stars,/teams/UTS/1972.html,136,,
1972,"Sat, Dec 18, 1971",/boxscores/index.cgi?month=12&day=18&year=1971,Box Score,/boxscores/197112180CAR.html,New York Nets,/teams/NYA/1972.html,118,Carolina Cougars,/teams/CAR/1972.html,106,,"at Charlotte, NC"
1972,"Sat, Dec 18, 1971",/boxscores/index.cgi?month=12&day=18&year=1971,Box Score,/boxscores/197112180FLO.html,Indiana Pacers,/teams/INA/1972.html,107,The Floridians,/teams/FLO/1972.html,117,,
1972,"Sat, Dec 18, 1971",/boxscores/index.cgi?month=12&day=18&year=1971,Box Score,/boxscores/197112180KEN.html,Dallas Chaparrals,/teams/DLC/1972.html,84,Kentucky Colonels,/teams/KEN/1972.html,94,,
1972,"Sat, Dec 18, 1971",/boxscores/index.cgi?month=12&day=18&year=1971,Box Score,/boxscores/197112180MMP.html,Denver Rockets,/teams/DNR/1972.html,94,Memphis Pros,/teams/MMP/1972.html,103,,
1972,"Sat, Dec 18, 1971",/boxscores/index.cgi?month=12&day=18&year=1971,Box Score,/boxscores/197112180VIR.html,Pittsburgh Condors,/teams/PTC/1972.html,124,Virginia Squires,/teams/VIR/1972.html,134,,"at Norfolk, VA"
1972,"Sun, Dec 19, 1971",/boxscores/index.cgi?month=12&day=19&year=1971,Box Score,/boxscores/197112190PTC.html,Dallas Chaparrals,/teams/DLC/1972.html,137,Pittsburgh Condors,/teams/PTC/1972.html,121,,
1972,"Tue, Dec 21, 1971",/boxscores/index.cgi?month=12&day=21&year=1971,Box Score,/boxscores/197112210DLC.html,Utah Stars,/teams/UTS/1972.html,106,Dallas Chaparrals,/teams/DLC/1972.html,96,,
1972,"Tue, Dec 21, 1971",/boxscores/index.cgi?month=12&day=21&year=1971,Box Score,/boxscores/197112210DNR.html,Indiana Pacers,/teams/INA/1972.html,109,Denver Rockets,/teams/DNR/1972.html,113,,
1972,"Tue, Dec 21, 1971",/boxscores/index.cgi?month=12&day=21&year=1971,Box Score,/boxscores/197112210PTC.html,Kentucky Colonels,/teams/KEN/1972.html,113,Pittsburgh Condors,/teams/PTC/1972.html,111,,
1972,"Wed, Dec 22, 1971",/boxscores/index.cgi?month=12&day=22&year=1971,Box Score,/boxscores/197112220CAR.html,Memphis Pros,/teams/MMP/1972.html,113,Carolina Cougars,/teams/CAR/1972.html,102,,"at Greensboro, NC"
1972,"Wed, Dec 22, 1971",/boxscores/index.cgi?month=12&day=22&year=1971,Box Score,/boxscores/197112220DLC.html,Indiana Pacers,/teams/INA/1972.html,120,Dallas Chaparrals,/teams/DLC/1972.html,123,2OT,
1972,"Wed, Dec 22, 1971",/boxscores/index.cgi?month=12&day=22&year=1971,Box Score,/boxscores/197112220NYA.html,Kentucky Colonels,/teams/KEN/1972.html,95,New York Nets,/teams/NYA/1972.html,91,,
1972,"Thu, Dec 23, 1971",/boxscores/index.cgi?month=12&day=23&year=1971,Box Score,/boxscores/197112230CAR.html,The Floridians,/teams/FLO/1972.html,125,Carolina Cougars,/teams/CAR/1972.html,109,,"at New York, NY"
1972,"Thu, Dec 23, 1971",/boxscores/index.cgi?month=12&day=23&year=1971,Box Score,/boxscores/197112230INA.html,Denver Rockets,/teams/DNR/1972.html,101,Indiana Pacers,/teams/INA/1972.html,104,,
1972,"Thu, Dec 23, 1971",/boxscores/index.cgi?month=12&day=23&year=1971,Box Score,/boxscores/197112230MMP.html,Utah Stars,/teams/UTS/1972.html,112,Memphis Pros,/teams/MMP/1972.html,104,,
1972,"Thu, Dec 23, 1971",/boxscores/index.cgi?month=12&day=23&year=1971,Box Score,/boxscores/197112230NYA.html,Pittsburgh Condors,/teams/PTC/1972.html,124,New York Nets,/teams/NYA/1972.html,123,OT,"at New York, NY"
1972,"Thu, Dec 23, 1971",/boxscores/index.cgi?month=12&day=23&year=1971,Box Score,/boxscores/197112230VIR.html,Kentucky Colonels,/teams/KEN/1972.html,139,Virginia Squires,/teams/VIR/1972.html,123,,
1972,"Sat, Dec 25, 1971",/boxscores/index.cgi?month=12&day=25&year=1971,Box Score,/boxscores/197112250MMP.html,Carolina Cougars,/teams/CAR/1972.html,102,Memphis Pros,/teams/MMP/1972.html,110,,
1972,"Sat, Dec 25, 1971",/boxscores/index.cgi?month=12&day=25&year=1971,Box Score,/boxscores/197112250UTS.html,Indiana Pacers,/teams/INA/1972.html,129,Utah Stars,/teams/UTS/1972.html,150,,
1972,"Sat, Dec 25, 1971",/boxscores/index.cgi?month=12&day=25&year=1971,Box Score,/boxscores/197112250VIR.html,Pittsburgh Condors,/teams/PTC/1972.html,126,Virginia Squires,/teams/VIR/1972.html,133,,"at Hampton, VA"
1972,"Sun, Dec 26, 1971",/boxscores/index.cgi?month=12&day=26&year=1971,Box Score,/boxscores/197112260CAR.html,New York Nets,/teams/NYA/1972.html,117,Carolina Cougars,/teams/CAR/1972.html,123,,"at Raleigh, NC"
1972,"Sun, Dec 26, 1971",/boxscores/index.cgi?month=12&day=26&year=1971,Box Score,/boxscores/197112260KEN.html,Indiana Pacers,/teams/INA/1972.html,117,Kentucky Colonels,/teams/KEN/1972.html,111,,
1972,"Mon, Dec 27, 1971",/boxscores/index.cgi?month=12&day=27&year=1971,Box Score,/boxscores/197112270DLC.html,Pittsburgh Condors,/teams/PTC/1972.html,92,Dallas Chaparrals,/teams/DLC/1972.html,97,,
1972,"Mon, Dec 27, 1971",/boxscores/index.cgi?month=12&day=27&year=1971,Box Score,/boxscores/197112270FLO.html,New York Nets,/teams/NYA/1972.html,113,The Floridians,/teams/FLO/1972.html,111,,
1972,"Tue, Dec 28, 1971",/boxscores/index.cgi?month=12&day=28&year=1971,Box Score,/boxscores/197112280DNR.html,Pittsburgh Condors,/teams/PTC/1972.html,105,Denver Rockets,/teams/DNR/1972.html,114,,
1972,"Tue, Dec 28, 1971",/boxscores/index.cgi?month=12&day=28&year=1971,Box Score,/boxscores/197112280MMP.html,Indiana Pacers,/teams/INA/1972.html,111,Memphis Pros,/teams/MMP/1972.html,104,,
1972,"Tue, Dec 28, 1971",/boxscores/index.cgi?month=12&day=28&year=1971,Box Score,/boxscores/197112280VIR.html,Carolina Cougars,/teams/CAR/1972.html,126,Virginia Squires,/teams/VIR/1972.html,129,,"at Richmond, VA"
1972,"Wed, Dec 29, 1971",/boxscores/index.cgi?month=12&day=29&year=1971,Box Score,/boxscores/197112290CAR.html,Virginia Squires,/teams/VIR/1972.html,126,Carolina Cougars,/teams/CAR/1972.html,117,,"at Raleigh, NC"
1972,"Wed, Dec 29, 1971",/boxscores/index.cgi?month=12&day=29&year=1971,Box Score,/boxscores/197112290FLO.html,Indiana Pacers,/teams/INA/1972.html,112,The Floridians,/teams/FLO/1972.html,123,,
1972,"Wed, Dec 29, 1971",/boxscores/index.cgi?month=12&day=29&year=1971,Box Score,/boxscores/197112290KEN.html,Memphis Pros,/teams/MMP/1972.html,111,Kentucky Colonels,/teams/KEN/1972.html,125,,
1972,"Wed, Dec 29, 1971",/boxscores/index.cgi?month=12&day=29&year=1971,Box Score,/boxscores/197112290NYA.html,Pittsburgh Condors,/teams/PTC/1972.html,102,New York Nets,/teams/NYA/1972.html,105,,
1972,"Wed, Dec 29, 1971",/boxscores/index.cgi?month=12&day=29&year=1971,Box Score,/boxscores/197112290UTS.html,Dallas Chaparrals,/teams/DLC/1972.html,102,Utah Stars,/teams/UTS/1972.html,106,,
1972,"Thu, Dec 30, 1971",/boxscores/index.cgi?month=12&day=30&year=1971,Box Score,/boxscores/197112300DLC.html,Memphis Pros,/teams/MMP/1972.html,99,Dallas Chaparrals,/teams/DLC/1972.html,102,,"at Denver, CO"
1972,"Thu, Dec 30, 1971",/boxscores/index.cgi?month=12&day=30&year=1971,Box Score,/boxscores/197112300DNR.html,Utah Stars,/teams/UTS/1972.html,103,Denver Rockets,/teams/DNR/1972.html,98,,
1972,"Thu, Dec 30, 1971",/boxscores/index.cgi?month=12&day=30&year=1971,Box Score,/boxscores/197112300FLO.html,Kentucky Colonels,/teams/KEN/1972.html,111,The Floridians,/teams/FLO/1972.html,89,,
1972,"Thu, Dec 30, 1971",/boxscores/index.cgi?month=12&day=30&year=1971,Box Score,/boxscores/197112300VIR.html,Carolina Cougars,/teams/CAR/1972.html,120,Virginia Squires,/teams/VIR/1972.html,124,,"at Hampton, VA"
1972,"Fri, Dec 31, 1971",/boxscores/index.cgi?month=12&day=31&year=1971,Box Score,/boxscores/197112310CAR.html,Kentucky Colonels,/teams/KEN/1972.html,124,Carolina Cougars,/teams/CAR/1972.html,106,,"at Greensboro, NC"
1972,"Fri, Dec 31, 1971",/boxscores/index.cgi?month=12&day=31&year=1971,Box Score,/boxscores/197112310DLC.html,Utah Stars,/teams/UTS/1972.html,115,Dallas Chaparrals,/teams/DLC/1972.html,103,,
1972,"Fri, Dec 31, 1971",/boxscores/index.cgi?month=12&day=31&year=1971,Box Score,/boxscores/197112310DNR.html,Memphis Pros,/teams/MMP/1972.html,91,Denver Rockets,/teams/DNR/1972.html,108,,"at Dallas, TX"
1972,"Fri, Dec 31, 1971",/boxscores/index.cgi?month=12&day=31&year=1971,Box Score,/boxscores/197112310INA.html,New York Nets,/teams/NYA/1972.html,100,Indiana Pacers,/teams/INA/1972.html,104,,
1972,"Sun, Jan 2, 1972",/boxscores/index.cgi?month=1&day=2&year=1972,Box Score,/boxscores/197201020DNR.html,Dallas Chaparrals,/teams/DLC/1972.html,84,Denver Rockets,/teams/DNR/1972.html,103,,
1972,"Sun, Jan 2, 1972",/boxscores/index.cgi?month=1&day=2&year=1972,Box Score,/boxscores/197201020FLO.html,Utah Stars,/teams/UTS/1972.html,113,The Floridians,/teams/FLO/1972.html,119,,
1972,"Sun, Jan 2, 1972",/boxscores/index.cgi?month=1&day=2&year=1972,Box Score,/boxscores/197201020KEN.html,New York Nets,/teams/NYA/1972.html,84,Kentucky Colonels,/teams/KEN/1972.html,116,,
1972,"Mon, Jan 3, 1972",/boxscores/index.cgi?month=1&day=3&year=1972,Box Score,/boxscores/197201030DLC.html,Indiana Pacers,/teams/INA/1972.html,101,Dallas Chaparrals,/teams/DLC/1972.html,102,,
1972,"Tue, Jan 4, 1972",/boxscores/index.cgi?month=1&day=4&year=1972,Box Score,/boxscores/197201040DNR.html,Kentucky Colonels,/teams/KEN/1972.html,106,Denver Rockets,/teams/DNR/1972.html,103,,
1972,"Tue, Jan 4, 1972",/boxscores/index.cgi?month=1&day=4&year=1972,Box Score,/boxscores/197201040FLO.html,Virginia Squires,/teams/VIR/1972.html,113,The Floridians,/teams/FLO/1972.html,124,,
1972,"Tue, Jan 4, 1972",/boxscores/index.cgi?month=1&day=4&year=1972,Box Score,/boxscores/197201040MMP.html,Utah Stars,/teams/UTS/1972.html,114,Memphis Pros,/teams/MMP/1972.html,89,,
1972,"Tue, Jan 4, 1972",/boxscores/index.cgi?month=1&day=4&year=1972,Box Score,/boxscores/197201040PTC.html,Carolina Cougars,/teams/CAR/1972.html,130,Pittsburgh Condors,/teams/PTC/1972.html,116,,
1972,"Wed, Jan 5, 1972",/boxscores/index.cgi?month=1&day=5&year=1972,Box Score,/boxscores/197201050NYA.html,Carolina Cougars,/teams/CAR/1972.html,116,New York Nets,/teams/NYA/1972.html,125,,
1972,"Wed, Jan 5, 1972",/boxscores/index.cgi?month=1&day=5&year=1972,Box Score,/boxscores/197201050UTS.html,Kentucky Colonels,/teams/KEN/1972.html,129,Utah Stars,/teams/UTS/1972.html,123,,
1972,"Thu, Jan 6, 1972",/boxscores/index.cgi?month=1&day=6&year=1972,Box Score,/boxscores/197201060MMP.html,Dallas Chaparrals,/teams/DLC/1972.html,104,Memphis Pros,/teams/MMP/1972.html,103,,
1972,"Thu, Jan 6, 1972",/boxscores/index.cgi?month=1&day=6&year=1972,Box Score,/boxscores/197201060VIR.html,Pittsburgh Condors,/teams/PTC/1972.html,130,Virginia Squires,/teams/VIR/1972.html,137,,"at Norfolk, VA"
1972,"Fri, Jan 7, 1972",/boxscores/index.cgi?month=1&day=7&year=1972,Box Score,/boxscores/197201070CAR.html,Virginia Squires,/teams/VIR/1972.html,106,Carolina Cougars,/teams/CAR/1972.html,99,,"at Winston-Salem, NC"
1972,"Fri, Jan 7, 1972",/boxscores/index.cgi?month=1&day=7&year=1972,Box Score,/boxscores/197201070INA.html,Dallas Chaparrals,/teams/DLC/1972.html,104,Indiana Pacers,/teams/INA/1972.html,101,,
1972,"Fri, Jan 7, 1972",/boxscores/index.cgi?month=1&day=7&year=1972,Box Score,/boxscores/197201070NYA.html,Denver Rockets,/teams/DNR/1972.html,107,New York Nets,/teams/NYA/1972.html,104,,
1972,"Fri, Jan 7, 1972",/boxscores/index.cgi?month=1&day=7&year=1972,Box Score,/boxscores/197201070PTC.html,Kentucky Colonels,/teams/KEN/1972.html,120,Pittsburgh Condors,/teams/PTC/1972.html,102,,
1972,"Fri, Jan 7, 1972",/boxscores/index.cgi?month=1&day=7&year=1972,Box Score,/boxscores/197201070UTS.html,The Floridians,/teams/FLO/1972.html,108,Utah Stars,/teams/UTS/1972.html,124,,
1972,"Sat, Jan 8, 1972",/boxscores/index.cgi?month=1&day=8&year=1972,Box Score,/boxscores/197201080CAR.html,New York Nets,/teams/NYA/1972.html,115,Carolina Cougars,/teams/CAR/1972.html,118,,"at Winston-Salem, NC"
1972,"Sat, Jan 8, 1972",/boxscores/index.cgi?month=1&day=8&year=1972,Box Score,/boxscores/197201080DLC.html,The Floridians,/teams/FLO/1972.html,90,Dallas Chaparrals,/teams/DLC/1972.html,103,,
1972,"Sat, Jan 8, 1972",/boxscores/index.cgi?month=1&day=8&year=1972,Box Score,/boxscores/197201080KEN.html,Utah Stars,/teams/UTS/1972.html,96,Kentucky Colonels,/teams/KEN/1972.html,107,,
1972,"Sat, Jan 8, 1972",/boxscores/index.cgi?month=1&day=8&year=1972,Box Score,/boxscores/197201080MMP.html,Denver Rockets,/teams/DNR/1972.html,122,Memphis Pros,/teams/MMP/1972.html,134,,
1972,"Sat, Jan 8, 1972",/boxscores/index.cgi?month=1&day=8&year=1972,Box Score,/boxscores/197201080VIR.html,Pittsburgh Condors,/teams/PTC/1972.html,103,Virginia Squires,/teams/VIR/1972.html,92,,"at Roanoke, VA"
1972,"Sun, Jan 9, 1972",/boxscores/index.cgi?month=1&day=9&year=1972,Box Score,/boxscores/197201090DLC.html,New York Nets,/teams/NYA/1972.html,105,Dallas Chaparrals,/teams/DLC/1972.html,97,,
1972,"Sun, Jan 9, 1972",/boxscores/index.cgi?month=1&day=9&year=1972,Box Score,/boxscores/197201090INA.html,Utah Stars,/teams/UTS/1972.html,97,Indiana Pacers,/teams/INA/1972.html,100,,
1972,"Sun, Jan 9, 1972",/boxscores/index.cgi?month=1&day=9&year=1972,Box Score,/boxscores/197201090MMP.html,The Floridians,/teams/FLO/1972.html,108,Memphis Pros,/teams/MMP/1972.html,118,,
1972,"Tue, Jan 11, 1972",/boxscores/index.cgi?month=1&day=11&year=1972,Box Score,/boxscores/197201110DNR.html,Indiana Pacers,/teams/INA/1972.html,114,Denver Rockets,/teams/DNR/1972.html,99,,
1972,"Tue, Jan 11, 1972",/boxscores/index.cgi?month=1&day=11&year=1972,Box Score,/boxscores/197201110MMP.html,Dallas Chaparrals,/teams/DLC/1972.html,86,Memphis Pros,/teams/MMP/1972.html,88,,
1972,"Tue, Jan 11, 1972",/boxscores/index.cgi?month=1&day=11&year=1972,Box Score,/boxscores/197201110NYA.html,Utah Stars,/teams/UTS/1972.html,104,New York Nets,/teams/NYA/1972.html,110,,
1972,"Wed, Jan 12, 1972",/boxscores/index.cgi?month=1&day=12&year=1972,Box Score,/boxscores/197201120DLC.html,Denver Rockets,/teams/DNR/1972.html,102,Dallas Chaparrals,/teams/DLC/1972.html,107,,
1972,"Thu, Jan 13, 1972",/boxscores/index.cgi?month=1&day=13&year=1972,Box Score,/boxscores/197201130NYA.html,The Floridians,/teams/FLO/1972.html,94,New York Nets,/teams/NYA/1972.html,110,,
1972,"Thu, Jan 13, 1972",/boxscores/index.cgi?month=1&day=13&year=1972,Box Score,/boxscores/197201130PTC.html,Denver Rockets,/teams/DNR/1972.html,116,Pittsburgh Condors,/teams/PTC/1972.html,118,,
1972,"Thu, Jan 13, 1972",/boxscores/index.cgi?month=1&day=13&year=1972,Box Score,/boxscores/197201130VIR.html,Utah Stars,/teams/UTS/1972.html,128,Virginia Squires,/teams/VIR/1972.html,119,,"at Norfolk, VA"
1972,"Fri, Jan 14, 1972",/boxscores/index.cgi?month=1&day=14&year=1972,Box Score,/boxscores/197201140CAR.html,The Floridians,/teams/FLO/1972.html,98,Carolina Cougars,/teams/CAR/1972.html,105,,"at Greensboro, NC"
1972,"Fri, Jan 14, 1972",/boxscores/index.cgi?month=1&day=14&year=1972,Box Score,/boxscores/197201140DLC.html,Kentucky Colonels,/teams/KEN/1972.html,120,Dallas Chaparrals,/teams/DLC/1972.html,104,,"at Toronto, Canada"
1972,"Fri, Jan 14, 1972",/boxscores/index.cgi?month=1&day=14&year=1972,Box Score,/boxscores/197201140INA.html,Memphis Pros,/teams/MMP/1972.html,120,Indiana Pacers,/teams/INA/1972.html,135,,"at Toronto, Canada"
1972,"Fri, Jan 14, 1972",/boxscores/index.cgi?month=1&day=14&year=1972,Box Score,/boxscores/197201140VIR.html,New York Nets,/teams/NYA/1972.html,104,Virginia Squires,/teams/VIR/1972.html,114,,"at Hampton, VA"
1972,"Sat, Jan 15, 1972",/boxscores/index.cgi?month=1&day=15&year=1972,Box Score,/boxscores/197201150FLO.html,Dallas Chaparrals,/teams/DLC/1972.html,105,The Floridians,/teams/FLO/1972.html,110,,"at Miami, FL"
1972,"Sat, Jan 15, 1972",/boxscores/index.cgi?month=1&day=15&year=1972,Box Score,/boxscores/197201150INA.html,Memphis Pros,/teams/MMP/1972.html,106,Indiana Pacers,/teams/INA/1972.html,117,,
1972,"Sat, Jan 15, 1972",/boxscores/index.cgi?month=1&day=15&year=1972,Box Score,/boxscores/197201150KEN.html,Pittsburgh Condors,/teams/PTC/1972.html,115,Kentucky Colonels,/teams/KEN/1972.html,123,,
1972,"Sat, Jan 15, 1972",/boxscores/index.cgi?month=1&day=15&year=1972,Box Score,/boxscores/197201150NYA.html,Carolina Cougars,/teams/CAR/1972.html,98,New York Nets,/teams/NYA/1972.html,109,,
1972,"Sat, Jan 15, 1972",/boxscores/index.cgi?month=1&day=15&year=1972,Box Score,/boxscores/197201150VIR.html,Denver Rockets,/teams/DNR/1972.html,107,Virginia Squires,/teams/VIR/1972.html,116,,"at Richmond, VA"
1972,"Sun, Jan 16, 1972",/boxscores/index.cgi?month=1&day=16&year=1972,Box Score,/boxscores/197201160DNR.html,Utah Stars,/teams/UTS/1972.html,102,Denver Rockets,/teams/DNR/1972.html,110,,
1972,"Sun, Jan 16, 1972",/boxscores/index.cgi?month=1&day=16&year=1972,Box Score,/boxscores/197201160MMP.html,New York Nets,/teams/NYA/1972.html,123,Memphis Pros,/teams/MMP/1972.html,129,,
1972,"Tue, Jan 18, 1972",/boxscores/index.cgi?month=1&day=18&year=1972,Box Score,/boxscores/197201180DLC.html,Memphis Pros,/teams/MMP/1972.html,96,Dallas Chaparrals,/teams/DLC/1972.html,94,,
1972,"Tue, Jan 18, 1972",/boxscores/index.cgi?month=1&day=18&year=1972,Box Score,/boxscores/197201180INA.html,Pittsburgh Condors,/teams/PTC/1972.html,116,Indiana Pacers,/teams/INA/1972.html,130,,
1972,"Tue, Jan 18, 1972",/boxscores/index.cgi?month=1&day=18&year=1972,Box Score,/boxscores/197201180NYA.html,The Floridians,/teams/FLO/1972.html,102,New York Nets,/teams/NYA/1972.html,123,,
1972,"Wed, Jan 19, 1972",/boxscores/index.cgi?month=1&day=19&year=1972,Box Score,/boxscores/197201190CAR.html,The Floridians,/teams/FLO/1972.html,104,Carolina Cougars,/teams/CAR/1972.html,108,,"at Charlotte, NC"
1972,"Wed, Jan 19, 1972",/boxscores/index.cgi?month=1&day=19&year=1972,Box Score,/boxscores/197201190DNR.html,Dallas Chaparrals,/teams/DLC/1972.html,92,Denver Rockets,/teams/DNR/1972.html,116,,
1972,"Wed, Jan 19, 1972",/boxscores/index.cgi?month=1&day=19&year=1972,Box Score,/boxscores/197201190KEN.html,Virginia Squires,/teams/VIR/1972.html,138,Kentucky Colonels,/teams/KEN/1972.html,132,,
1972,"Wed, Jan 19, 1972",/boxscores/index.cgi?month=1&day=19&year=1972,Box Score,/boxscores/197201190UTS.html,Memphis Pros,/teams/MMP/1972.html,118,Utah Stars,/teams/UTS/1972.html,143,,
1972,"Thu, Jan 20, 1972",/boxscores/index.cgi?month=1&day=20&year=1972,Box Score,/boxscores/197201200FLO.html,Pittsburgh Condors,/teams/PTC/1972.html,120,The Floridians,/teams/FLO/1972.html,138,,"at Tampa, FL"
1972,"Thu, Jan 20, 1972",/boxscores/index.cgi?month=1&day=20&year=1972,Box Score,/boxscores/197201200INA.html,Memphis Pros,/teams/MMP/1972.html,107,Indiana Pacers,/teams/INA/1972.html,109,,
1972,"Thu, Jan 20, 1972",/boxscores/index.cgi?month=1&day=20&year=1972,Box Score,/boxscores/197201200NYA.html,Carolina Cougars,/teams/CAR/1972.html,122,New York Nets,/teams/NYA/1972.html,124,,
1972,"Thu, Jan 20, 1972",/boxscores/index.cgi?month=1&day=20&year=1972,Box Score,/boxscores/197201200VIR.html,Kentucky Colonels,/teams/KEN/1972.html,118,Virginia Squires,/teams/VIR/1972.html,115,,"at Norfolk, VA"
1972,"Fri, Jan 21, 1972",/boxscores/index.cgi?month=1&day=21&year=1972,Box Score,/boxscores/197201210CAR.html,Pittsburgh Condors,/teams/PTC/1972.html,98,Carolina Cougars,/teams/CAR/1972.html,122,,"at Greensboro, NC"
1972,"Fri, Jan 21, 1972",/boxscores/index.cgi?month=1&day=21&year=1972,Box Score,/boxscores/197201210KEN.html,Indiana Pacers,/teams/INA/1972.html,88,Kentucky Colonels,/teams/KEN/1972.html,108,,
1972,"Fri, Jan 21, 1972",/boxscores/index.cgi?month=1&day=21&year=1972,Box Score,/boxscores/197201210MMP.html,Denver Rockets,/teams/DNR/1972.html,110,Memphis Pros,/teams/MMP/1972.html,98,,
1972,"Fri, Jan 21, 1972",/boxscores/index.cgi?month=1&day=21&year=1972,Box Score,/boxscores/197201210UTS.html,Dallas Chaparrals,/teams/DLC/1972.html,129,Utah Stars,/teams/UTS/1972.html,116,,
1972,"Sat, Jan 22, 1972",/boxscores/index.cgi?month=1&day=22&year=1972,Box Score,/boxscores/197201220DLC.html,Denver Rockets,/teams/DNR/1972.html,93,Dallas Chaparrals,/teams/DLC/1972.html,94,,
1972,"Sat, Jan 22, 1972",/boxscores/index.cgi?month=1&day=22&year=1972,Box Score,/boxscores/197201220INA.html,Utah Stars,/teams/UTS/1972.html,113,Indiana Pacers,/teams/INA/1972.html,119,,
1972,"Sat, Jan 22, 1972",/boxscores/index.cgi?month=1&day=22&year=1972,Box Score,/boxscores/197201220VIR.html,The Floridians,/teams/FLO/1972.html,117,Virginia Squires,/teams/VIR/1972.html,121,OT,"at Richmond, VA"
1972,"Sun, Jan 23, 1972",/boxscores/index.cgi?month=1&day=23&year=1972,Box Score,/boxscores/197201230DNR.html,Virginia Squires,/teams/VIR/1972.html,123,Denver Rockets,/teams/DNR/1972.html,130,,
1972,"Sun, Jan 23, 1972",/boxscores/index.cgi?month=1&day=23&year=1972,Box Score,/boxscores/197201230FLO.html,New York Nets,/teams/NYA/1972.html,116,The Floridians,/teams/FLO/1972.html,105,,
1972,"Sun, Jan 23, 1972",/boxscores/index.cgi?month=1&day=23&year=1972,Box Score,/boxscores/197201230INA.html,Dallas Chaparrals,/teams/DLC/1972.html,113,Indiana Pacers,/teams/INA/1972.html,110,OT,
1972,"Sun, Jan 23, 1972",/boxscores/index.cgi?month=1&day=23&year=1972,Box Score,/boxscores/197201230KEN.html,Utah Stars,/teams/UTS/1972.html,94,Kentucky Colonels,/teams/KEN/1972.html,130,,
1972,"Tue, Jan 25, 1972",/boxscores/index.cgi?month=1&day=25&year=1972,Box Score,/boxscores/197201250CAR.html,Dallas Chaparrals,/teams/DLC/1972.html,117,Carolina Cougars,/teams/CAR/1972.html,97,,"at Greensboro, NC"
1972,"Tue, Jan 25, 1972",/boxscores/index.cgi?month=1&day=25&year=1972,Box Score,/boxscores/197201250FLO.html,Indiana Pacers,/teams/INA/1972.html,113,The Floridians,/teams/FLO/1972.html,107,,
1972,"Tue, Jan 25, 1972",/boxscores/index.cgi?month=1&day=25&year=1972,Box Score,/boxscores/197201250MMP.html,Kentucky Colonels,/teams/KEN/1972.html,99,Memphis Pros,/teams/MMP/1972.html,107,,
1972,"Tue, Jan 25, 1972",/boxscores/index.cgi?month=1&day=25&year=1972,Box Score,/boxscores/197201250PTC.html,New York Nets,/teams/NYA/1972.html,116,Pittsburgh Condors,/teams/PTC/1972.html,123,OT,
1972,"Tue, Jan 25, 1972",/boxscores/index.cgi?month=1&day=25&year=1972,Box Score,/boxscores/197201250UTS.html,Virginia Squires,/teams/VIR/1972.html,135,Utah Stars,/teams/UTS/1972.html,136,OT,
1972,"Wed, Jan 26, 1972",/boxscores/index.cgi?month=1&day=26&year=1972,Box Score,/boxscores/197201260NYA.html,Kentucky Colonels,/teams/KEN/1972.html,105,New York Nets,/teams/NYA/1972.html,118,,
1972,"Thu, Jan 27, 1972",/boxscores/index.cgi?month=1&day=27&year=1972,Box Score,/boxscores/197201270DNR.html,Dallas Chaparrals,/teams/DLC/1972.html,99,Denver Rockets,/teams/DNR/1972.html,98,,
1972,"Thu, Jan 27, 1972",/boxscores/index.cgi?month=1&day=27&year=1972,Box Score,/boxscores/197201270FLO.html,Carolina Cougars,/teams/CAR/1972.html,102,The Floridians,/teams/FLO/1972.html,101,,
1972,"Thu, Jan 27, 1972",/boxscores/index.cgi?month=1&day=27&year=1972,Box Score,/boxscores/197201270INA.html,Kentucky Colonels,/teams/KEN/1972.html,98,Indiana Pacers,/teams/INA/1972.html,94,,
1972,"Thu, Jan 27, 1972",/boxscores/index.cgi?month=1&day=27&year=1972,Box Score,/boxscores/197201270UTS.html,Memphis Pros,/teams/MMP/1972.html,120,Utah Stars,/teams/UTS/1972.html,127,,
1972,"Thu, Jan 27, 1972",/boxscores/index.cgi?month=1&day=27&year=1972,Box Score,/boxscores/197201270VIR.html,New York Nets,/teams/NYA/1972.html,114,Virginia Squires,/teams/VIR/1972.html,112,,"at Norfolk, VA"
1972,"Mon, Jan 31, 1972",/boxscores/index.cgi?month=1&day=31&year=1972,Box Score,/boxscores/197201310UTS.html,Carolina Cougars,/teams/CAR/1972.html,115,Utah Stars,/teams/UTS/1972.html,135,,
1972,"Mon, Jan 31, 1972",/boxscores/index.cgi?month=1&day=31&year=1972,Box Score,/boxscores/197201310VIR.html,Indiana Pacers,/teams/INA/1972.html,123,Virginia Squires,/teams/VIR/1972.html,115,,"at Hampton, VA"
1972,"Tue, Feb 1, 1972",/boxscores/index.cgi?month=2&day=1&year=1972,Box Score,/boxscores/197202010DNR.html,Carolina Cougars,/teams/CAR/1972.html,117,Denver Rockets,/teams/DNR/1972.html,108,,
1972,"Tue, Feb 1, 1972",/boxscores/index.cgi?month=2&day=1&year=1972,Box Score,/boxscores/197202010MMP.html,Dallas Chaparrals,/teams/DLC/1972.html,87,Memphis Pros,/teams/MMP/1972.html,98,,
1972,"Tue, Feb 1, 1972",/boxscores/index.cgi?month=2&day=1&year=1972,Box Score,/boxscores/197202010NYA.html,Virginia Squires,/teams/VIR/1972.html,117,New York Nets,/teams/NYA/1972.html,105,,
1972,"Wed, Feb 2, 1972",/boxscores/index.cgi?month=2&day=2&year=1972,Box Score,/boxscores/197202020DLC.html,Carolina Cougars,/teams/CAR/1972.html,110,Dallas Chaparrals,/teams/DLC/1972.html,101,,
1972,"Wed, Feb 2, 1972",/boxscores/index.cgi?month=2&day=2&year=1972,Box Score,/boxscores/197202020UTS.html,Denver Rockets,/teams/DNR/1972.html,122,Utah Stars,/teams/UTS/1972.html,116,,
1972,"Thu, Feb 3, 1972",/boxscores/index.cgi?month=2&day=3&year=1972,Box Score,/boxscores/197202030NYA.html,The Floridians,/teams/FLO/1972.html,120,New York Nets,/teams/NYA/1972.html,122,,
1972,"Fri, Feb 4, 1972",/boxscores/index.cgi?month=2&day=4&year=1972,Box Score,/boxscores/197202040DLC.html,Denver Rockets,/teams/DNR/1972.html,102,Dallas Chaparrals,/teams/DLC/1972.html,118,,
1972,"Fri, Feb 4, 1972",/boxscores/index.cgi?month=2&day=4&year=1972,Box Score,/boxscores/197202040KEN.html,Pittsburgh Condors,/teams/PTC/1972.html,111,Kentucky Colonels,/teams/KEN/1972.html,131,,
1972,"Fri, Feb 4, 1972",/boxscores/index.cgi?month=2&day=4&year=1972,Box Score,/boxscores/197202040MMP.html,Carolina Cougars,/teams/CAR/1972.html,106,Memphis Pros,/teams/MMP/1972.html,100,,
1972,"Fri, Feb 4, 1972",/boxscores/index.cgi?month=2&day=4&year=1972,Box Score,/boxscores/197202040UTS.html,Indiana Pacers,/teams/INA/1972.html,110,Utah Stars,/teams/UTS/1972.html,121,,
1972,"Fri, Feb 4, 1972",/boxscores/index.cgi?month=2&day=4&year=1972,Box Score,/boxscores/197202040VIR.html,The Floridians,/teams/FLO/1972.html,107,Virginia Squires,/teams/VIR/1972.html,115,,"at Roanoke, VA"
1972,"Sat, Feb 5, 1972",/boxscores/index.cgi?month=2&day=5&year=1972,Box Score,/boxscores/197202050CAR.html,Pittsburgh Condors,/teams/PTC/1972.html,136,Carolina Cougars,/teams/CAR/1972.html,129,,"at Greensboro, NC"
1972,"Sat, Feb 5, 1972",/boxscores/index.cgi?month=2&day=5&year=1972,Box Score,/boxscores/197202050KEN.html,Denver Rockets,/teams/DNR/1972.html,106,Kentucky Colonels,/teams/KEN/1972.html,117,,
1972,"Sat, Feb 5, 1972",/boxscores/index.cgi?month=2&day=5&year=1972,Box Score,/boxscores/197202050NYA.html,Virginia Squires,/teams/VIR/1972.html,126,New York Nets,/teams/NYA/1972.html,117,,
1972,"Sun, Feb 6, 1972",/boxscores/index.cgi?month=2&day=6&year=1972,Box Score,/boxscores/197202060DLC.html,Memphis Pros,/teams/MMP/1972.html,84,Dallas Chaparrals,/teams/DLC/1972.html,107,,"at Denver, CO"
1972,"Sun, Feb 6, 1972",/boxscores/index.cgi?month=2&day=6&year=1972,Box Score,/boxscores/197202060DNR.html,Indiana Pacers,/teams/INA/1972.html,107,Denver Rockets,/teams/DNR/1972.html,115,,
1972,"Sun, Feb 6, 1972",/boxscores/index.cgi?month=2&day=6&year=1972,Box Score,/boxscores/197202060FLO.html,Pittsburgh Condors,/teams/PTC/1972.html,117,The Floridians,/teams/FLO/1972.html,144,,"at Miami, FL"
1972,"Sun, Feb 6, 1972",/boxscores/index.cgi?month=2&day=6&year=1972,Box Score,/boxscores/197202060KEN.html,New York Nets,/teams/NYA/1972.html,106,Kentucky Colonels,/teams/KEN/1972.html,118,,
1972,"Tue, Feb 8, 1972",/boxscores/index.cgi?month=2&day=8&year=1972,Box Score,/boxscores/197202080DLC.html,Utah Stars,/teams/UTS/1972.html,99,Dallas Chaparrals,/teams/DLC/1972.html,102,,
1972,"Tue, Feb 8, 1972",/boxscores/index.cgi?month=2&day=8&year=1972,Box Score,/boxscores/197202080DNR.html,Memphis Pros,/teams/MMP/1972.html,124,Denver Rockets,/teams/DNR/1972.html,136,,
1972,"Wed, Feb 9, 1972",/boxscores/index.cgi?month=2&day=9&year=1972,Box Score,/boxscores/197202090CAR.html,Kentucky Colonels,/teams/KEN/1972.html,126,Carolina Cougars,/teams/CAR/1972.html,106,,"at Charlotte, NC"
1972,"Wed, Feb 9, 1972",/boxscores/index.cgi?month=2&day=9&year=1972,Box Score,/boxscores/197202090INA.html,The Floridians,/teams/FLO/1972.html,111,Indiana Pacers,/teams/INA/1972.html,128,,
1972,"Wed, Feb 9, 1972",/boxscores/index.cgi?month=2&day=9&year=1972,Box Score,/boxscores/197202090PTC.html,Utah Stars,/teams/UTS/1972.html,154,Pittsburgh Condors,/teams/PTC/1972.html,131,,"at Uniontown, PA"
1972,"Wed, Feb 9, 1972",/boxscores/index.cgi?month=2&day=9&year=1972,Box Score,/boxscores/197202090VIR.html,Denver Rockets,/teams/DNR/1972.html,111,Virginia Squires,/teams/VIR/1972.html,124,,"at Norfolk, VA"
1972,"Thu, Feb 10, 1972",/boxscores/index.cgi?month=2&day=10&year=1972,Box Score,/boxscores/197202100FLO.html,Kentucky Colonels,/teams/KEN/1972.html,119,The Floridians,/teams/FLO/1972.html,101,,
1972,"Thu, Feb 10, 1972",/boxscores/index.cgi?month=2&day=10&year=1972,Box Score,/boxscores/197202100VIR.html,Pittsburgh Condors,/teams/PTC/1972.html,111,Virginia Squires,/teams/VIR/1972.html,131,,"at Richmond, VA"
1972,"Fri, Feb 11, 1972",/boxscores/index.cgi?month=2&day=11&year=1972,Box Score,/boxscores/197202110CAR.html,Denver Rockets,/teams/DNR/1972.html,105,Carolina Cougars,/teams/CAR/1972.html,110,,"at Winston-Salem, NC"
1972,"Fri, Feb 11, 1972",/boxscores/index.cgi?month=2&day=11&year=1972,Box Score,/boxscores/197202110FLO.html,Memphis Pros,/teams/MMP/1972.html,119,The Floridians,/teams/FLO/1972.html,129,,
1972,"Fri, Feb 11, 1972",/boxscores/index.cgi?month=2&day=11&year=1972,Box Score,/boxscores/197202110INA.html,Utah Stars,/teams/UTS/1972.html,119,Indiana Pacers,/teams/INA/1972.html,115,,
1972,"Fri, Feb 11, 1972",/boxscores/index.cgi?month=2&day=11&year=1972,Box Score,/boxscores/197202110NYA.html,Pittsburgh Condors,/teams/PTC/1972.html,121,New York Nets,/teams/NYA/1972.html,129,,"at Uniondale, NY"
1972,"Sat, Feb 12, 1972",/boxscores/index.cgi?month=2&day=12&year=1972,Box Score,/boxscores/197202120INA.html,Denver Rockets,/teams/DNR/1972.html,111,Indiana Pacers,/teams/INA/1972.html,133,,
1972,"Sat, Feb 12, 1972",/boxscores/index.cgi?month=2&day=12&year=1972,Box Score,/boxscores/197202120UTS.html,Virginia Squires,/teams/VIR/1972.html,116,Utah Stars,/teams/UTS/1972.html,127,,
1972,"Sun, Feb 13, 1972",/boxscores/index.cgi?month=2&day=13&year=1972,Box Score,/boxscores/197202130DLC.html,New York Nets,/teams/NYA/1972.html,117,Dallas Chaparrals,/teams/DLC/1972.html,123,2OT,
1972,"Sun, Feb 13, 1972",/boxscores/index.cgi?month=2&day=13&year=1972,Box Score,/boxscores/197202130DNR.html,Virginia Squires,/teams/VIR/1972.html,124,Denver Rockets,/teams/DNR/1972.html,123,,
1972,"Sun, Feb 13, 1972",/boxscores/index.cgi?month=2&day=13&year=1972,Box Score,/boxscores/197202130INA.html,Memphis Pros,/teams/MMP/1972.html,110,Indiana Pacers,/teams/INA/1972.html,123,,
1972,"Sun, Feb 13, 1972",/boxscores/index.cgi?month=2&day=13&year=1972,Box Score,/boxscores/197202130KEN.html,Carolina Cougars,/teams/CAR/1972.html,98,Kentucky Colonels,/teams/KEN/1972.html,121,,
1972,"Mon, Feb 14, 1972",/boxscores/index.cgi?month=2&day=14&year=1972,Box Score,/boxscores/197202140UTS.html,The Floridians,/teams/FLO/1972.html,112,Utah Stars,/teams/UTS/1972.html,134,,
1972,"Tue, Feb 15, 1972",/boxscores/index.cgi?month=2&day=15&year=1972,Box Score,/boxscores/197202150CAR.html,Pittsburgh Condors,/teams/PTC/1972.html,113,Carolina Cougars,/teams/CAR/1972.html,126,,"at Fort Bragg, NC"
1972,"Tue, Feb 15, 1972",/boxscores/index.cgi?month=2&day=15&year=1972,Box Score,/boxscores/197202150DLC.html,Virginia Squires,/teams/VIR/1972.html,111,Dallas Chaparrals,/teams/DLC/1972.html,116,,
1972,"Tue, Feb 15, 1972",/boxscores/index.cgi?month=2&day=15&year=1972,Box Score,/boxscores/197202150DNR.html,The Floridians,/teams/FLO/1972.html,125,Denver Rockets,/teams/DNR/1972.html,124,OT,
1972,"Tue, Feb 15, 1972",/boxscores/index.cgi?month=2&day=15&year=1972,Box Score,/boxscores/197202150INA.html,Kentucky Colonels,/teams/KEN/1972.html,101,Indiana Pacers,/teams/INA/1972.html,99,,
1972,"Tue, Feb 15, 1972",/boxscores/index.cgi?month=2&day=15&year=1972,Box Score,/boxscores/197202150MMP.html,Utah Stars,/teams/UTS/1972.html,118,Memphis Pros,/teams/MMP/1972.html,99,,
1972,"Wed, Feb 16, 1972",/boxscores/index.cgi?month=2&day=16&year=1972,Box Score,/boxscores/197202160KEN.html,Pittsburgh Condors,/teams/PTC/1972.html,105,Kentucky Colonels,/teams/KEN/1972.html,129,,
1972,"Wed, Feb 16, 1972",/boxscores/index.cgi?month=2&day=16&year=1972,Box Score,/boxscores/197202160NYA.html,Utah Stars,/teams/UTS/1972.html,119,New York Nets,/teams/NYA/1972.html,114,,"at Uniondale, NY"
1972,"Thu, Feb 17, 1972",/boxscores/index.cgi?month=2&day=17&year=1972,Box Score,/boxscores/197202170CAR.html,Virginia Squires,/teams/VIR/1972.html,122,Carolina Cougars,/teams/CAR/1972.html,145,,"at Charlotte, NC"
1972,"Fri, Feb 18, 1972",/boxscores/index.cgi?month=2&day=18&year=1972,Box Score,/boxscores/197202180CAR.html,Kentucky Colonels,/teams/KEN/1972.html,119,Carolina Cougars,/teams/CAR/1972.html,111,,"at Greensboro, NC"
1972,"Fri, Feb 18, 1972",/boxscores/index.cgi?month=2&day=18&year=1972,Box Score,/boxscores/197202180NYA.html,The Floridians,/teams/FLO/1972.html,143,New York Nets,/teams/NYA/1972.html,122,,"at Uniondale, NY"
1972,"Fri, Feb 18, 1972",/boxscores/index.cgi?month=2&day=18&year=1972,Box Score,/boxscores/197202180PTC.html,Memphis Pros,/teams/MMP/1972.html,116,Pittsburgh Condors,/teams/PTC/1972.html,124,,
1972,"Sat, Feb 19, 1972",/boxscores/index.cgi?month=2&day=19&year=1972,Box Score,/boxscores/197202190DLC.html,Indiana Pacers,/teams/INA/1972.html,102,Dallas Chaparrals,/teams/DLC/1972.html,115,,
1972,"Sat, Feb 19, 1972",/boxscores/index.cgi?month=2&day=19&year=1972,Box Score,/boxscores/197202190KEN.html,The Floridians,/teams/FLO/1972.html,102,Kentucky Colonels,/teams/KEN/1972.html,130,,
1972,"Sat, Feb 19, 1972",/boxscores/index.cgi?month=2&day=19&year=1972,Box Score,/boxscores/197202190VIR.html,Memphis Pros,/teams/MMP/1972.html,109,Virginia Squires,/teams/VIR/1972.html,124,,"at Hampton, VA"
1972,"Sun, Feb 20, 1972",/boxscores/index.cgi?month=2&day=20&year=1972,Box Score,/boxscores/197202200DNR.html,Pittsburgh Condors,/teams/PTC/1972.html,123,Denver Rockets,/teams/DNR/1972.html,146,,
1972,"Sun, Feb 20, 1972",/boxscores/index.cgi?month=2&day=20&year=1972,Box Score,/boxscores/197202200FLO.html,New York Nets,/teams/NYA/1972.html,105,The Floridians,/teams/FLO/1972.html,111,,"at Tampa, FL"
1972,"Sun, Feb 20, 1972",/boxscores/index.cgi?month=2&day=20&year=1972,Box Score,/boxscores/197202200KEN.html,Carolina Cougars,/teams/CAR/1972.html,113,Kentucky Colonels,/teams/KEN/1972.html,134,,
1972,"Sun, Feb 20, 1972",/boxscores/index.cgi?month=2&day=20&year=1972,Box Score,/boxscores/197202200MMP.html,Indiana Pacers,/teams/INA/1972.html,131,Memphis Pros,/teams/MMP/1972.html,127,2OT,
1972,"Mon, Feb 21, 1972",/boxscores/index.cgi?month=2&day=21&year=1972,Box Score,/boxscores/197202210NYA.html,Dallas Chaparrals,/teams/DLC/1972.html,95,New York Nets,/teams/NYA/1972.html,104,,"at Uniondale, NY"
1972,"Mon, Feb 21, 1972",/boxscores/index.cgi?month=2&day=21&year=1972,Box Score,/boxscores/197202210UTS.html,Pittsburgh Condors,/teams/PTC/1972.html,140,Utah Stars,/teams/UTS/1972.html,149,,
1972,"Tue, Feb 22, 1972",/boxscores/index.cgi?month=2&day=22&year=1972,Box Score,/boxscores/197202220DNR.html,Virginia Squires,/teams/VIR/1972.html,105,Denver Rockets,/teams/DNR/1972.html,121,,
1972,"Tue, Feb 22, 1972",/boxscores/index.cgi?month=2&day=22&year=1972,Box Score,/boxscores/197202220PTC.html,Dallas Chaparrals,/teams/DLC/1972.html,105,Pittsburgh Condors,/teams/PTC/1972.html,112,,
1972,"Wed, Feb 23, 1972",/boxscores/index.cgi?month=2&day=23&year=1972,Box Score,/boxscores/197202230CAR.html,The Floridians,/teams/FLO/1972.html,118,Carolina Cougars,/teams/CAR/1972.html,132,,"at Charlotte, NC"
1972,"Wed, Feb 23, 1972",/boxscores/index.cgi?month=2&day=23&year=1972,Box Score,/boxscores/197202230NYA.html,Indiana Pacers,/teams/INA/1972.html,106,New York Nets,/teams/NYA/1972.html,108,,"at Uniondale, NY"
1972,"Wed, Feb 23, 1972",/boxscores/index.cgi?month=2&day=23&year=1972,Box Score,/boxscores/197202230UTS.html,Kentucky Colonels,/teams/KEN/1972.html,116,Utah Stars,/teams/UTS/1972.html,133,,
1972,"Wed, Feb 23, 1972",/boxscores/index.cgi?month=2&day=23&year=1972,Box Score,/boxscores/197202230VIR.html,Memphis Pros,/teams/MMP/1972.html,105,Virginia Squires,/teams/VIR/1972.html,121,,"at Norfolk, VA"
1972,"Thu, Feb 24, 1972",/boxscores/index.cgi?month=2&day=24&year=1972,Box Score,/boxscores/197202240FLO.html,Denver Rockets,/teams/DNR/1972.html,118,The Floridians,/teams/FLO/1972.html,130,,"at Miami, FL"
1972,"Fri, Feb 25, 1972",/boxscores/index.cgi?month=2&day=25&year=1972,Box Score,/boxscores/197202250DLC.html,Kentucky Colonels,/teams/KEN/1972.html,92,Dallas Chaparrals,/teams/DLC/1972.html,100,,
1972,"Fri, Feb 25, 1972",/boxscores/index.cgi?month=2&day=25&year=1972,Box Score,/boxscores/197202250NYA.html,Denver Rockets,/teams/DNR/1972.html,116,New York Nets,/teams/NYA/1972.html,124,,"at Uniondale, NY"
1972,"Fri, Feb 25, 1972",/boxscores/index.cgi?month=2&day=25&year=1972,Box Score,/boxscores/197202250PTC.html,Memphis Pros,/teams/MMP/1972.html,115,Pittsburgh Condors,/teams/PTC/1972.html,111,,
1972,"Fri, Feb 25, 1972",/boxscores/index.cgi?month=2&day=25&year=1972,Box Score,/boxscores/197202250UTS.html,Indiana Pacers,/teams/INA/1972.html,107,Utah Stars,/teams/UTS/1972.html,117,,
1972,"Sat, Feb 26, 1972",/boxscores/index.cgi?month=2&day=26&year=1972,Box Score,/boxscores/197202260CAR.html,Pittsburgh Condors,/teams/PTC/1972.html,130,Carolina Cougars,/teams/CAR/1972.html,146,,"at Charlotte, NC"
1972,"Sat, Feb 26, 1972",/boxscores/index.cgi?month=2&day=26&year=1972,Box Score,/boxscores/197202260DLC.html,Indiana Pacers,/teams/INA/1972.html,115,Dallas Chaparrals,/teams/DLC/1972.html,113,OT,
1972,"Sat, Feb 26, 1972",/boxscores/index.cgi?month=2&day=26&year=1972,Box Score,/boxscores/197202260KEN.html,Memphis Pros,/teams/MMP/1972.html,100,Kentucky Colonels,/teams/KEN/1972.html,123,,
1972,"Sat, Feb 26, 1972",/boxscores/index.cgi?month=2&day=26&year=1972,Box Score,/boxscores/197202260VIR.html,New York Nets,/teams/NYA/1972.html,119,Virginia Squires,/teams/VIR/1972.html,121,,
1972,"Sun, Feb 27, 1972",/boxscores/index.cgi?month=2&day=27&year=1972,Box Score,/boxscores/197202270CAR.html,Denver Rockets,/teams/DNR/1972.html,113,Carolina Cougars,/teams/CAR/1972.html,105,,"at Greensboro, NC"
1972,"Sun, Feb 27, 1972",/boxscores/index.cgi?month=2&day=27&year=1972,Box Score,/boxscores/197202270FLO.html,Kentucky Colonels,/teams/KEN/1972.html,135,The Floridians,/teams/FLO/1972.html,112,,"at Tampa, FL"
1972,"Sun, Feb 27, 1972",/boxscores/index.cgi?month=2&day=27&year=1972,Box Score,/boxscores/197202270PTC.html,New York Nets,/teams/NYA/1972.html,131,Pittsburgh Condors,/teams/PTC/1972.html,123,,
1972,"Tue, Feb 29, 1972",/boxscores/index.cgi?month=2&day=29&year=1972,Box Score,/boxscores/197202290MMP.html,Utah Stars,/teams/UTS/1972.html,125,Memphis Pros,/teams/MMP/1972.html,115,,
1972,"Tue, Feb 29, 1972",/boxscores/index.cgi?month=2&day=29&year=1972,Box Score,/boxscores/197202290PTC.html,The Floridians,/teams/FLO/1972.html,134,Pittsburgh Condors,/teams/PTC/1972.html,126,,
1972,"Wed, Mar 1, 1972",/boxscores/index.cgi?month=3&day=1&year=1972,Box Score,/boxscores/197203010DLC.html,Memphis Pros,/teams/MMP/1972.html,86,Dallas Chaparrals,/teams/DLC/1972.html,125,,
1972,"Wed, Mar 1, 1972",/boxscores/index.cgi?month=3&day=1&year=1972,Box Score,/boxscores/197203010DNR.html,The Floridians,/teams/FLO/1972.html,125,Denver Rockets,/teams/DNR/1972.html,138,,
1972,"Wed, Mar 1, 1972",/boxscores/index.cgi?month=3&day=1&year=1972,Box Score,/boxscores/197203010INA.html,Utah Stars,/teams/UTS/1972.html,98,Indiana Pacers,/teams/INA/1972.html,111,,
1972,"Wed, Mar 1, 1972",/boxscores/index.cgi?month=3&day=1&year=1972,Box Score,/boxscores/197203010KEN.html,Carolina Cougars,/teams/CAR/1972.html,125,Kentucky Colonels,/teams/KEN/1972.html,134,,
1972,"Wed, Mar 1, 1972",/boxscores/index.cgi?month=3&day=1&year=1972,Box Score,/boxscores/197203010NYA.html,Virginia Squires,/teams/VIR/1972.html,111,New York Nets,/teams/NYA/1972.html,114,,"at Uniondale, NY"
1972,"Thu, Mar 2, 1972",/boxscores/index.cgi?month=3&day=2&year=1972,Box Score,/boxscores/197203020UTS.html,Dallas Chaparrals,/teams/DLC/1972.html,121,Utah Stars,/teams/UTS/1972.html,123,OT,
1972,"Thu, Mar 2, 1972",/boxscores/index.cgi?month=3&day=2&year=1972,Box Score,/boxscores/197203020VIR.html,Kentucky Colonels,/teams/KEN/1972.html,135,Virginia Squires,/teams/VIR/1972.html,130,OT,"at Richmond, VA"
1972,"Fri, Mar 3, 1972",/boxscores/index.cgi?month=3&day=3&year=1972,Box Score,/boxscores/197203030FLO.html,Carolina Cougars,/teams/CAR/1972.html,127,The Floridians,/teams/FLO/1972.html,130,,
1972,"Fri, Mar 3, 1972",/boxscores/index.cgi?month=3&day=3&year=1972,Box Score,/boxscores/197203030INA.html,Virginia Squires,/teams/VIR/1972.html,121,Indiana Pacers,/teams/INA/1972.html,116,,
1972,"Fri, Mar 3, 1972",/boxscores/index.cgi?month=3&day=3&year=1972,Box Score,/boxscores/197203030MMP.html,Pittsburgh Condors,/teams/PTC/1972.html,115,Memphis Pros,/teams/MMP/1972.html,114,,
1972,"Sat, Mar 4, 1972",/boxscores/index.cgi?month=3&day=4&year=1972,Box Score,/boxscores/197203040CAR.html,Memphis Pros,/teams/MMP/1972.html,123,Carolina Cougars,/teams/CAR/1972.html,124,,"at Greensboro, NC"
1972,"Sat, Mar 4, 1972",/boxscores/index.cgi?month=3&day=4&year=1972,Box Score,/boxscores/197203040FLO.html,Virginia Squires,/teams/VIR/1972.html,117,The Floridians,/teams/FLO/1972.html,124,,
1972,"Sat, Mar 4, 1972",/boxscores/index.cgi?month=3&day=4&year=1972,Box Score,/boxscores/197203040KEN.html,Dallas Chaparrals,/teams/DLC/1972.html,88,Kentucky Colonels,/teams/KEN/1972.html,98,,
1972,"Sat, Mar 4, 1972",/boxscores/index.cgi?month=3&day=4&year=1972,Box Score,/boxscores/197203040NYA.html,Pittsburgh Condors,/teams/PTC/1972.html,123,New York Nets,/teams/NYA/1972.html,133,,"at Uniondale, NY"
1972,"Sat, Mar 4, 1972",/boxscores/index.cgi?month=3&day=4&year=1972,Box Score,/boxscores/197203040UTS.html,Denver Rockets,/teams/DNR/1972.html,130,Utah Stars,/teams/UTS/1972.html,136,,
1972,"Sun, Mar 5, 1972",/boxscores/index.cgi?month=3&day=5&year=1972,Box Score,/boxscores/197203050CAR.html,New York Nets,/teams/NYA/1972.html,114,Carolina Cougars,/teams/CAR/1972.html,96,,"at Raleigh, NC"
1972,"Sun, Mar 5, 1972",/boxscores/index.cgi?month=3&day=5&year=1972,Box Score,/boxscores/197203050DNR.html,Memphis Pros,/teams/MMP/1972.html,129,Denver Rockets,/teams/DNR/1972.html,137,,
1972,"Sun, Mar 5, 1972",/boxscores/index.cgi?month=3&day=5&year=1972,Box Score,/boxscores/197203050INA.html,Dallas Chaparrals,/teams/DLC/1972.html,99,Indiana Pacers,/teams/INA/1972.html,110,,
1972,"Sun, Mar 5, 1972",/boxscores/index.cgi?month=3&day=5&year=1972,Box Score,/boxscores/197203050KEN.html,Pittsburgh Condors,/teams/PTC/1972.html,124,Kentucky Colonels,/teams/KEN/1972.html,134,,
1972,"Tue, Mar 7, 1972",/boxscores/index.cgi?month=3&day=7&year=1972,Box Score,/boxscores/197203070DLC.html,Pittsburgh Condors,/teams/PTC/1972.html,108,Dallas Chaparrals,/teams/DLC/1972.html,143,,
1972,"Tue, Mar 7, 1972",/boxscores/index.cgi?month=3&day=7&year=1972,Box Score,/boxscores/197203070DNR.html,Utah Stars,/teams/UTS/1972.html,116,Denver Rockets,/teams/DNR/1972.html,108,,
1972,"Tue, Mar 7, 1972",/boxscores/index.cgi?month=3&day=7&year=1972,Box Score,/boxscores/197203070FLO.html,Carolina Cougars,/teams/CAR/1972.html,116,The Floridians,/teams/FLO/1972.html,108,,
1972,"Tue, Mar 7, 1972",/boxscores/index.cgi?month=3&day=7&year=1972,Box Score,/boxscores/197203070NYA.html,Kentucky Colonels,/teams/KEN/1972.html,117,New York Nets,/teams/NYA/1972.html,112,OT,"at Uniondale, NY"
1972,"Wed, Mar 8, 1972",/boxscores/index.cgi?month=3&day=8&year=1972,Box Score,/boxscores/197203080CAR.html,Kentucky Colonels,/teams/KEN/1972.html,98,Carolina Cougars,/teams/CAR/1972.html,96,,"at Raleigh, NC"
1972,"Wed, Mar 8, 1972",/boxscores/index.cgi?month=3&day=8&year=1972,Box Score,/boxscores/197203080UTS.html,Pittsburgh Condors,/teams/PTC/1972.html,113,Utah Stars,/teams/UTS/1972.html,114,,
1972,"Wed, Mar 8, 1972",/boxscores/index.cgi?month=3&day=8&year=1972,Box Score,/boxscores/197203080VIR.html,The Floridians,/teams/FLO/1972.html,117,Virginia Squires,/teams/VIR/1972.html,127,,"at Norfolk, VA"
1972,"Thu, Mar 9, 1972",/boxscores/index.cgi?month=3&day=9&year=1972,Box Score,/boxscores/197203090MMP.html,Denver Rockets,/teams/DNR/1972.html,102,Memphis Pros,/teams/MMP/1972.html,113,,
1972,"Thu, Mar 9, 1972",/boxscores/index.cgi?month=3&day=9&year=1972,Box Score,/boxscores/197203090NYA.html,Virginia Squires,/teams/VIR/1972.html,99,New York Nets,/teams/NYA/1972.html,113,,"at Uniondale, NY"
1972,"Fri, Mar 10, 1972",/boxscores/index.cgi?month=3&day=10&year=1972,Box Score,/boxscores/197203100INA.html,Denver Rockets,/teams/DNR/1972.html,115,Indiana Pacers,/teams/INA/1972.html,127,,
1972,"Fri, Mar 10, 1972",/boxscores/index.cgi?month=3&day=10&year=1972,Box Score,/boxscores/197203100UTS.html,Memphis Pros,/teams/MMP/1972.html,112,Utah Stars,/teams/UTS/1972.html,129,,
1972,"Sat, Mar 11, 1972",/boxscores/index.cgi?month=3&day=11&year=1972,Box Score,/boxscores/197203110CAR.html,Indiana Pacers,/teams/INA/1972.html,112,Carolina Cougars,/teams/CAR/1972.html,122,,"at Charlotte, NC"
1972,"Sat, Mar 11, 1972",/boxscores/index.cgi?month=3&day=11&year=1972,Box Score,/boxscores/197203110DLC.html,Memphis Pros,/teams/MMP/1972.html,91,Dallas Chaparrals,/teams/DLC/1972.html,95,,
1972,"Sat, Mar 11, 1972",/boxscores/index.cgi?month=3&day=11&year=1972,Box Score,/boxscores/197203110NYA.html,Denver Rockets,/teams/DNR/1972.html,114,New York Nets,/teams/NYA/1972.html,132,,"at Uniondale, NY"
1972,"Sat, Mar 11, 1972",/boxscores/index.cgi?month=3&day=11&year=1972,Box Score,/boxscores/197203110PTC.html,The Floridians,/teams/FLO/1972.html,133,Pittsburgh Condors,/teams/PTC/1972.html,125,,
1972,"Sat, Mar 11, 1972",/boxscores/index.cgi?month=3&day=11&year=1972,Box Score,/boxscores/197203110VIR.html,Utah Stars,/teams/UTS/1972.html,111,Virginia Squires,/teams/VIR/1972.html,110,OT,"at Norfolk, VA"
1972,"Sun, Mar 12, 1972",/boxscores/index.cgi?month=3&day=12&year=1972,Box Score,/boxscores/197203120CAR.html,Utah Stars,/teams/UTS/1972.html,123,Carolina Cougars,/teams/CAR/1972.html,111,,"at Raleigh, NC"
1972,"Sun, Mar 12, 1972",/boxscores/index.cgi?month=3&day=12&year=1972,Box Score,/boxscores/197203120DNR.html,Memphis Pros,/teams/MMP/1972.html,105,Denver Rockets,/teams/DNR/1972.html,100,,
1972,"Sun, Mar 12, 1972",/boxscores/index.cgi?month=3&day=12&year=1972,Box Score,/boxscores/197203120INA.html,The Floridians,/teams/FLO/1972.html,92,Indiana Pacers,/teams/INA/1972.html,103,,
1972,"Sun, Mar 12, 1972",/boxscores/index.cgi?month=3&day=12&year=1972,Box Score,/boxscores/197203120KEN.html,Virginia Squires,/teams/VIR/1972.html,101,Kentucky Colonels,/teams/KEN/1972.html,104,,
1972,"Sun, Mar 12, 1972",/boxscores/index.cgi?month=3&day=12&year=1972,Box Score,/boxscores/197203120PTC.html,New York Nets,/teams/NYA/1972.html,125,Pittsburgh Condors,/teams/PTC/1972.html,116,,
1972,"Tue, Mar 14, 1972",/boxscores/index.cgi?month=3&day=14&year=1972,Box Score,/boxscores/197203140DLC.html,Carolina Cougars,/teams/CAR/1972.html,105,Dallas Chaparrals,/teams/DLC/1972.html,113,,
1972,"Tue, Mar 14, 1972",/boxscores/index.cgi?month=3&day=14&year=1972,Box Score,/boxscores/197203140DNR.html,Indiana Pacers,/teams/INA/1972.html,106,Denver Rockets,/teams/DNR/1972.html,123,,
1972,"Tue, Mar 14, 1972",/boxscores/index.cgi?month=3&day=14&year=1972,Box Score,/boxscores/197203140PTC.html,Virginia Squires,/teams/VIR/1972.html,156,Pittsburgh Condors,/teams/PTC/1972.html,133,,"at Connellsville, PA"
1972,"Wed, Mar 15, 1972",/boxscores/index.cgi?month=3&day=15&year=1972,Box Score,/boxscores/197203150INA.html,Utah Stars,/teams/UTS/1972.html,109,Indiana Pacers,/teams/INA/1972.html,108,,
1972,"Wed, Mar 15, 1972",/boxscores/index.cgi?month=3&day=15&year=1972,Box Score,/boxscores/197203150NYA.html,Memphis Pros,/teams/MMP/1972.html,112,New York Nets,/teams/NYA/1972.html,119,,"at Uniondale, NY"
1972,"Thu, Mar 16, 1972",/boxscores/index.cgi?month=3&day=16&year=1972,Box Score,/boxscores/197203160DNR.html,Carolina Cougars,/teams/CAR/1972.html,121,Denver Rockets,/teams/DNR/1972.html,131,,
1972,"Thu, Mar 16, 1972",/boxscores/index.cgi?month=3&day=16&year=1972,Box Score,/boxscores/197203160FLO.html,Utah Stars,/teams/UTS/1972.html,106,The Floridians,/teams/FLO/1972.html,116,,"at Tampa, FL"
1972,"Fri, Mar 17, 1972",/boxscores/index.cgi?month=3&day=17&year=1972,Box Score,/boxscores/197203170DLC.html,Denver Rockets,/teams/DNR/1972.html,91,Dallas Chaparrals,/teams/DLC/1972.html,87,,
1972,"Fri, Mar 17, 1972",/boxscores/index.cgi?month=3&day=17&year=1972,Box Score,/boxscores/197203170INA.html,Memphis Pros,/teams/MMP/1972.html,93,Indiana Pacers,/teams/INA/1972.html,111,,
1972,"Fri, Mar 17, 1972",/boxscores/index.cgi?month=3&day=17&year=1972,Box Score,/boxscores/197203170NYA.html,Carolina Cougars,/teams/CAR/1972.html,127,New York Nets,/teams/NYA/1972.html,147,,"at Uniondale, NY"
1972,"Fri, Mar 17, 1972",/boxscores/index.cgi?month=3&day=17&year=1972,Box Score,/boxscores/197203170VIR.html,Kentucky Colonels,/teams/KEN/1972.html,112,Virginia Squires,/teams/VIR/1972.html,104,,"at Hampton, VA"
1972,"Sat, Mar 18, 1972",/boxscores/index.cgi?month=3&day=18&year=1972,Box Score,/boxscores/197203180CAR.html,Memphis Pros,/teams/MMP/1972.html,125,Carolina Cougars,/teams/CAR/1972.html,139,,"at Greensboro, NC"
1972,"Sat, Mar 18, 1972",/boxscores/index.cgi?month=3&day=18&year=1972,Box Score,/boxscores/197203180DLC.html,Utah Stars,/teams/UTS/1972.html,110,Dallas Chaparrals,/teams/DLC/1972.html,117,,
1972,"Sat, Mar 18, 1972",/boxscores/index.cgi?month=3&day=18&year=1972,Box Score,/boxscores/197203180FLO.html,Pittsburgh Condors,/teams/PTC/1972.html,139,The Floridians,/teams/FLO/1972.html,155,,
1972,"Sat, Mar 18, 1972",/boxscores/index.cgi?month=3&day=18&year=1972,Box Score,/boxscores/197203180NYA.html,Kentucky Colonels,/teams/KEN/1972.html,108,New York Nets,/teams/NYA/1972.html,109,,"at Uniondale, NY"
1972,"Sat, Mar 18, 1972",/boxscores/index.cgi?month=3&day=18&year=1972,Box Score,/boxscores/197203180VIR.html,Indiana Pacers,/teams/INA/1972.html,117,Virginia Squires,/teams/VIR/1972.html,112,,"at Richmond, VA"
1972,"Sun, Mar 19, 1972",/boxscores/index.cgi?month=3&day=19&year=1972,Box Score,/boxscores/197203190DNR.html,Utah Stars,/teams/UTS/1972.html,125,Denver Rockets,/teams/DNR/1972.html,113,,
1972,"Sun, Mar 19, 1972",/boxscores/index.cgi?month=3&day=19&year=1972,Box Score,/boxscores/197203190INA.html,New York Nets,/teams/NYA/1972.html,121,Indiana Pacers,/teams/INA/1972.html,117,,
1972,"Sun, Mar 19, 1972",/boxscores/index.cgi?month=3&day=19&year=1972,Box Score,/boxscores/197203190KEN.html,Carolina Cougars,/teams/CAR/1972.html,121,Kentucky Colonels,/teams/KEN/1972.html,113,,
1972,"Tue, Mar 21, 1972",/boxscores/index.cgi?month=3&day=21&year=1972,Box Score,/boxscores/197203210FLO.html,Dallas Chaparrals,/teams/DLC/1972.html,107,The Floridians,/teams/FLO/1972.html,90,,
1972,"Tue, Mar 21, 1972",/boxscores/index.cgi?month=3&day=21&year=1972,Box Score,/boxscores/197203210MMP.html,Kentucky Colonels,/teams/KEN/1972.html,102,Memphis Pros,/teams/MMP/1972.html,99,,
1972,"Tue, Mar 21, 1972",/boxscores/index.cgi?month=3&day=21&year=1972,Box Score,/boxscores/197203210PTC.html,Indiana Pacers,/teams/INA/1972.html,139,Pittsburgh Condors,/teams/PTC/1972.html,116,,
1972,"Tue, Mar 21, 1972",/boxscores/index.cgi?month=3&day=21&year=1972,Box Score,/boxscores/197203210UTS.html,Denver Rockets,/teams/DNR/1972.html,120,Utah Stars,/teams/UTS/1972.html,132,,
1972,"Wed, Mar 22, 1972",/boxscores/index.cgi?month=3&day=22&year=1972,Box Score,/boxscores/197203220DLC.html,Denver Rockets,/teams/DNR/1972.html,96,Dallas Chaparrals,/teams/DLC/1972.html,105,,
1972,"Wed, Mar 22, 1972",/boxscores/index.cgi?month=3&day=22&year=1972,Box Score,/boxscores/197203220INA.html,Virginia Squires,/teams/VIR/1972.html,118,Indiana Pacers,/teams/INA/1972.html,129,,
1972,"Wed, Mar 22, 1972",/boxscores/index.cgi?month=3&day=22&year=1972,Box Score,/boxscores/197203220KEN.html,Pittsburgh Condors,/teams/PTC/1972.html,121,Kentucky Colonels,/teams/KEN/1972.html,125,,
1972,"Wed, Mar 22, 1972",/boxscores/index.cgi?month=3&day=22&year=1972,Box Score,/boxscores/197203220NYA.html,Carolina Cougars,/teams/CAR/1972.html,117,New York Nets,/teams/NYA/1972.html,113,,"at Uniondale, NY"
1972,"Thu, Mar 23, 1972",/boxscores/index.cgi?month=3&day=23&year=1972,Box Score,/boxscores/197203230FLO.html,Pittsburgh Condors,/teams/PTC/1972.html,115,The Floridians,/teams/FLO/1972.html,126,,
1972,"Thu, Mar 23, 1972",/boxscores/index.cgi?month=3&day=23&year=1972,Box Score,/boxscores/197203230UTS.html,Memphis Pros,/teams/MMP/1972.html,117,Utah Stars,/teams/UTS/1972.html,137,,
1972,"Fri, Mar 24, 1972",/boxscores/index.cgi?month=3&day=24&year=1972,Box Score,/boxscores/197203240CAR.html,The Floridians,/teams/FLO/1972.html,116,Carolina Cougars,/teams/CAR/1972.html,115,OT,"at Greensboro, NC"
1972,"Fri, Mar 24, 1972",/boxscores/index.cgi?month=3&day=24&year=1972,Box Score,/boxscores/197203240DLC.html,Memphis Pros,/teams/MMP/1972.html,88,Dallas Chaparrals,/teams/DLC/1972.html,107,,
1972,"Fri, Mar 24, 1972",/boxscores/index.cgi?month=3&day=24&year=1972,Box Score,/boxscores/197203240INA.html,Denver Rockets,/teams/DNR/1972.html,93,Indiana Pacers,/teams/INA/1972.html,92,,"at Fort Wayne, IN"
1972,"Fri, Mar 24, 1972",/boxscores/index.cgi?month=3&day=24&year=1972,Box Score,/boxscores/197203240KEN.html,Pittsburgh Condors,/teams/PTC/1972.html,107,Kentucky Colonels,/teams/KEN/1972.html,134,,"at Birmingham, AL"
1972,"Fri, Mar 24, 1972",/boxscores/index.cgi?month=3&day=24&year=1972,Box Score,/boxscores/197203240VIR.html,New York Nets,/teams/NYA/1972.html,105,Virginia Squires,/teams/VIR/1972.html,104,,"at Norfolk, VA"
1972,"Sat, Mar 25, 1972",/boxscores/index.cgi?month=3&day=25&year=1972,Box Score,/boxscores/197203250CAR.html,Indiana Pacers,/teams/INA/1972.html,104,Carolina Cougars,/teams/CAR/1972.html,121,,"at Greensboro, NC"
1972,"Sat, Mar 25, 1972",/boxscores/index.cgi?month=3&day=25&year=1972,Box Score,/boxscores/197203250KEN.html,Denver Rockets,/teams/DNR/1972.html,117,Kentucky Colonels,/teams/KEN/1972.html,134,,
1972,"Sat, Mar 25, 1972",/boxscores/index.cgi?month=3&day=25&year=1972,Box Score,/boxscores/197203250MMP.html,Dallas Chaparrals,/teams/DLC/1972.html,118,Memphis Pros,/teams/MMP/1972.html,99,,
1972,"Sat, Mar 25, 1972",/boxscores/index.cgi?month=3&day=25&year=1972,Box Score,/boxscores/197203250UTS.html,New York Nets,/teams/NYA/1972.html,113,Utah Stars,/teams/UTS/1972.html,125,,
1972,"Sat, Mar 25, 1972",/boxscores/index.cgi?month=3&day=25&year=1972,Box Score,/boxscores/197203250VIR.html,The Floridians,/teams/FLO/1972.html,118,Virginia Squires,/teams/VIR/1972.html,124,,"at Hampton, VA"
1972,"Sun, Mar 26, 1972",/boxscores/index.cgi?month=3&day=26&year=1972,Box Score,/boxscores/197203260DNR.html,New York Nets,/teams/NYA/1972.html,91,Denver Rockets,/teams/DNR/1972.html,108,,
1972,"Sun, Mar 26, 1972",/boxscores/index.cgi?month=3&day=26&year=1972,Box Score,/boxscores/197203260INA.html,Dallas Chaparrals,/teams/DLC/1972.html,88,Indiana Pacers,/teams/INA/1972.html,98,,
1972,"Sun, Mar 26, 1972",/boxscores/index.cgi?month=3&day=26&year=1972,Box Score,/boxscores/197203260KEN.html,The Floridians,/teams/FLO/1972.html,104,Kentucky Colonels,/teams/KEN/1972.html,105,,
1972,"Sun, Mar 26, 1972",/boxscores/index.cgi?month=3&day=26&year=1972,Box Score,/boxscores/197203260PTC.html,Virginia Squires,/teams/VIR/1972.html,130,Pittsburgh Condors,/teams/PTC/1972.html,131,,
1972,"Tue, Mar 28, 1972",/boxscores/index.cgi?month=3&day=28&year=1972,Box Score,/boxscores/197203280DLC.html,Utah Stars,/teams/UTS/1972.html,95,Dallas Chaparrals,/teams/DLC/1972.html,98,,
1972,"Tue, Mar 28, 1972",/boxscores/index.cgi?month=3&day=28&year=1972,Box Score,/boxscores/197203280FLO.html,Memphis Pros,/teams/MMP/1972.html,107,The Floridians,/teams/FLO/1972.html,118,,
1972,"Tue, Mar 28, 1972",/boxscores/index.cgi?month=3&day=28&year=1972,Box Score,/boxscores/197203280KEN.html,Pittsburgh Condors,/teams/PTC/1972.html,134,Kentucky Colonels,/teams/KEN/1972.html,136,,"at Tucson, AZ"
1972,"Tue, Mar 28, 1972",/boxscores/index.cgi?month=3&day=28&year=1972,Box Score,/boxscores/197203280NYA.html,Indiana Pacers,/teams/INA/1972.html,86,New York Nets,/teams/NYA/1972.html,92,,"at Uniondale, NY"
1972,"Tue, Mar 28, 1972",/boxscores/index.cgi?month=3&day=28&year=1972,Box Score,/boxscores/197203280VIR.html,Carolina Cougars,/teams/CAR/1972.html,127,Virginia Squires,/teams/VIR/1972.html,121,,"at Norfolk, VA"
1972,"Wed, Mar 29, 1972",/boxscores/index.cgi?month=3&day=29&year=1972,Box Score,/boxscores/197203290DNR.html,Utah Stars,/teams/UTS/1972.html,112,Denver Rockets,/teams/DNR/1972.html,109,,
1972,"Wed, Mar 29, 1972",/boxscores/index.cgi?month=3&day=29&year=1972,Box Score,/boxscores/197203290FLO.html,Kentucky Colonels,/teams/KEN/1972.html,117,The Floridians,/teams/FLO/1972.html,109,,
1972,"Wed, Mar 29, 1972",/boxscores/index.cgi?month=3&day=29&year=1972,Box Score,/boxscores/197203290INA.html,Pittsburgh Condors,/teams/PTC/1972.html,113,Indiana Pacers,/teams/INA/1972.html,128,,
1972,"Wed, Mar 29, 1972",/boxscores/index.cgi?month=3&day=29&year=1972,Box Score,/boxscores/197203290MMP.html,Virginia Squires,/teams/VIR/1972.html,123,Memphis Pros,/teams/MMP/1972.html,99,,
