2015,IST,1,W,away,Limoges CSP,at Limoges CSP,http://www.euroleague.net/main/results/showgame?gamecode=6&seasoncode=E2015,6,77,89,
2015,IST,2,W,home,EA7 Emporio Armani Milan,vs EA7 Emporio Armani Milan,http://www.euroleague.net/main/results/showgame?gamecode=16&seasoncode=E2015,16,89,73,
2015,IST,3,L,home,Cedevita Zagreb,vs Cedevita Zagreb,http://www.euroleague.net/main/results/showgame?gamecode=30&seasoncode=E2015,30,75,81,
2015,IST,4,L,away,Laboral Kutxa Vitoria Gasteiz,at Laboral Kutxa Vitoria Gasteiz,http://www.euroleague.net/main/results/showgame?gamecode=41&seasoncode=E2015,41,92,90,
2015,IST,5,L,home,Olympiacos Piraeus,vs Olympiacos Piraeus,http://www.euroleague.net/main/results/showgame?gamecode=53&seasoncode=E2015,53,87,91,
2015,IST,6,W,home,Limoges CSP,vs Limoges CSP,http://www.euroleague.net/main/results/showgame?gamecode=66&seasoncode=E2015,66,92,74,
2015,IST,7,L,away,EA7 Emporio Armani Milan,at EA7 Emporio Armani Milan,http://www.euroleague.net/main/results/showgame?gamecode=76&seasoncode=E2015,76,88,84,
2015,IST,8,W,away,Cedevita Zagreb,at Cedevita Zagreb,http://www.euroleague.net/main/results/showgame?gamecode=90&seasoncode=E2015,90,75,81,
2015,IST,9,W,home,Laboral Kutxa Vitoria Gasteiz,vs Laboral Kutxa Vitoria Gasteiz,http://www.euroleague.net/main/results/showgame?gamecode=101&seasoncode=E2015,101,95,86,
2015,IST,10,W,away,Olympiacos Piraeus,at Olympiacos Piraeus,http://www.euroleague.net/main/results/showgame?gamecode=113&seasoncode=E2015,113,68,81,
2015,IST,11,W,home,Crvena Zvezda Telekom Belgrade,vs Crvena Zvezda Telekom Belgrade,http://www.euroleague.net/main/results/showgame?gamecode=123&seasoncode=E2015,123,85,84,
2015,IST,12,L,away,Lokomotiv Kuban Krasnodar,at Lokomotiv Kuban Krasnodar,http://www.euroleague.net/main/results/showgame?gamecode=131&seasoncode=E2015,131,78,77,
2015,IST,13,W,home,Darussafaka Dogus Istanbul,vs Darussafaka Dogus Istanbul,http://www.euroleague.net/main/results/showgame?gamecode=138&seasoncode=E2015,138,84,71,
2015,IST,14,L,away,Cedevita Zagreb,at Cedevita Zagreb,http://www.euroleague.net/main/results/showgame?gamecode=148&seasoncode=E2015,148,84,80,
2015,IST,15,W,away,Unicaja Malaga,at Unicaja Malaga,http://www.euroleague.net/main/results/showgame?gamecode=153&seasoncode=E2015,153,75,85,
2015,IST,16,L,home,Fenerbahce Istanbul,vs Fenerbahce Istanbul,http://www.euroleague.net/main/results/showgame?gamecode=164&seasoncode=E2015,164,73,77,
2015,IST,17,L,away,Panathinaikos Athens,at Panathinaikos Athens,http://www.euroleague.net/main/results/showgame?gamecode=170&seasoncode=E2015,170,83,78,
2015,IST,18,L,away,Crvena Zvezda Telekom Belgrade,at Crvena Zvezda Telekom Belgrade,http://www.euroleague.net/main/results/showgame?gamecode=179&seasoncode=E2015,179,91,82,
2015,IST,19,L,home,Lokomotiv Kuban Krasnodar,vs Lokomotiv Kuban Krasnodar,http://www.euroleague.net/main/results/showgame?gamecode=187&seasoncode=E2015,187,61,76,
2015,IST,20,W,away,Darussafaka Dogus Istanbul,at Darussafaka Dogus Istanbul,http://www.euroleague.net/main/results/showgame?gamecode=194&seasoncode=E2015,194,68,72,
2015,IST,21,W,home,Cedevita Zagreb,vs Cedevita Zagreb,http://www.euroleague.net/main/results/showgame?gamecode=204&seasoncode=E2015,204,80,76,
2015,IST,22,W,home,Unicaja Malaga,vs Unicaja Malaga,http://www.euroleague.net/main/results/showgame?gamecode=209&seasoncode=E2015,209,87,67,
2015,IST,23,L,away,Fenerbahce Istanbul,at Fenerbahce Istanbul,http://www.euroleague.net/main/results/showgame?gamecode=220&seasoncode=E2015,220,90,86,
2015,IST,24,W,home,Panathinaikos Athens,vs Panathinaikos Athens,http://www.euroleague.net/main/results/showgame?gamecode=226&seasoncode=E2015,226,91,86,
2015,BAM,1,L,away,Unicaja Malaga,at Unicaja Malaga,http://www.euroleague.net/main/results/showgame?gamecode=10&seasoncode=E2015,10,76,71,
2015,BAM,2,W,home,Darussafaka Dogus Istanbul,vs Darussafaka Dogus Istanbul,http://www.euroleague.net/main/results/showgame?gamecode=24&seasoncode=E2015,24,86,76,
2015,BAM,3,L,away,CSKA Moscow,at CSKA Moscow,http://www.euroleague.net/main/results/showgame?gamecode=35&seasoncode=E2015,35,83,77,
2015,BAM,4,W,home,Maccabi FOX Tel Aviv,vs Maccabi FOX Tel Aviv,http://www.euroleague.net/main/results/showgame?gamecode=47&seasoncode=E2015,47,77,66,
2015,BAM,5,W,away,Dinamo Banco di Sardegna Sassari,at Dinamo Banco di Sardegna Sassari,http://www.euroleague.net/main/results/showgame?gamecode=60&seasoncode=E2015,60,73,90,
2015,BAM,6,W,home,Unicaja Malaga,vs Unicaja Malaga,http://www.euroleague.net/main/results/showgame?gamecode=70&seasoncode=E2015,70,73,53,
2015,BAM,7,W,away,Darussafaka Dogus Istanbul,at Darussafaka Dogus Istanbul,http://www.euroleague.net/main/results/showgame?gamecode=84&seasoncode=E2015,84,54,65,
2015,BAM,8,L,home,CSKA Moscow,vs CSKA Moscow,http://www.euroleague.net/main/results/showgame?gamecode=95&seasoncode=E2015,95,88,100,
2015,BAM,9,L,away,Maccabi FOX Tel Aviv,at Maccabi FOX Tel Aviv,http://www.euroleague.net/main/results/showgame?gamecode=107&seasoncode=E2015,107,85,65,
2015,BAM,10,W,home,Dinamo Banco di Sardegna Sassari,vs Dinamo Banco di Sardegna Sassari,http://www.euroleague.net/main/results/showgame?gamecode=120&seasoncode=E2015,120,86,54,
2015,BAM,11,L,away,Real Madrid,at Real Madrid,http://www.euroleague.net/main/results/showgame?gamecode=125&seasoncode=E2015,125,82,79,
2015,BAM,12,W,home,Zalgiris Kaunas,vs Zalgiris Kaunas,http://www.euroleague.net/main/results/showgame?gamecode=136&seasoncode=E2015,136,96,63,
2015,BAM,13,W,away,Olympiacos Piraeus,at Olympiacos Piraeus,http://www.euroleague.net/main/results/showgame?gamecode=142&seasoncode=E2015,142,72,77,
2015,BAM,14,L,away,Khimki Moscow Region,at Khimki Moscow Region,http://www.euroleague.net/main/results/showgame?gamecode=151&seasoncode=E2015,151,78,61,
2015,BAM,15,L,away,CSKA Moscow,at CSKA Moscow,http://www.euroleague.net/main/results/showgame?gamecode=159&seasoncode=E2015,159,91,70,
2015,BAM,16,W,home,FC Barcelona Lassa,vs FC Barcelona Lassa,http://www.euroleague.net/main/results/showgame?gamecode=166&seasoncode=E2015,166,74,70,
2015,BAM,17,L,away,Laboral Kutxa Vitoria Gasteiz,at Laboral Kutxa Vitoria Gasteiz,http://www.euroleague.net/main/results/showgame?gamecode=176&seasoncode=E2015,176,90,64,
2015,BAM,18,L,home,Real Madrid,vs Real Madrid,http://www.euroleague.net/main/results/showgame?gamecode=181&seasoncode=E2015,181,86,90,
2015,BAM,19,L,away,Zalgiris Kaunas,at Zalgiris Kaunas,http://www.euroleague.net/main/results/showgame?gamecode=192&seasoncode=E2015,192,75,73,
2015,BAM,20,W,home,Olympiacos Piraeus,vs Olympiacos Piraeus,http://www.euroleague.net/main/results/showgame?gamecode=198&seasoncode=E2015,198,72,71,
2015,BAM,21,W,home,Khimki Moscow Region,vs Khimki Moscow Region,http://www.euroleague.net/main/results/showgame?gamecode=207&seasoncode=E2015,207,84,79,
2015,BAM,22,W,home,CSKA Moscow,vs CSKA Moscow,http://www.euroleague.net/main/results/showgame?gamecode=215&seasoncode=E2015,215,91,83,
2015,BAM,23,L,away,FC Barcelona Lassa,at FC Barcelona Lassa,http://www.euroleague.net/main/results/showgame?gamecode=222&seasoncode=E2015,222,75,57,
2015,BAM,24,W,home,Laboral Kutxa Vitoria Gasteiz,vs Laboral Kutxa Vitoria Gasteiz,http://www.euroleague.net/main/results/showgame?gamecode=232&seasoncode=E2015,232,89,69,
2015,CED,1,L,away,Olympiacos Piraeus,at Olympiacos Piraeus,http://www.euroleague.net/main/results/showgame?gamecode=5&seasoncode=E2015,5,76,61,
2015,CED,2,L,home,Limoges CSP,vs Limoges CSP,http://www.euroleague.net/main/results/showgame?gamecode=17&seasoncode=E2015,17,80,84,
2015,CED,3,W,away,Anadolu Efes Istanbul,at Anadolu Efes Istanbul,http://www.euroleague.net/main/results/showgame?gamecode=30&seasoncode=E2015,30,75,81,
2015,CED,4,W,away,EA7 Emporio Armani Milan,at EA7 Emporio Armani Milan,http://www.euroleague.net/main/results/showgame?gamecode=40&seasoncode=E2015,40,68,77,
2015,CED,5,W,home,Laboral Kutxa Vitoria Gasteiz,vs Laboral Kutxa Vitoria Gasteiz,http://www.euroleague.net/main/results/showgame?gamecode=54&seasoncode=E2015,54,76,67,
2015,CED,6,L,home,Olympiacos Piraeus,vs Olympiacos Piraeus,http://www.euroleague.net/main/results/showgame?gamecode=65&seasoncode=E2015,65,70,83,
2015,CED,7,W,away,Limoges CSP,at Limoges CSP,http://www.euroleague.net/main/results/showgame?gamecode=77&seasoncode=E2015,77,69,78,
2015,CED,8,L,home,Anadolu Efes Istanbul,vs Anadolu Efes Istanbul,http://www.euroleague.net/main/results/showgame?gamecode=90&seasoncode=E2015,90,75,81,
2015,CED,9,L,home,EA7 Emporio Armani Milan,vs EA7 Emporio Armani Milan,http://www.euroleague.net/main/results/showgame?gamecode=100&seasoncode=E2015,100,82,85,
2015,CED,10,L,away,Laboral Kutxa Vitoria Gasteiz,at Laboral Kutxa Vitoria Gasteiz,http://www.euroleague.net/main/results/showgame?gamecode=114&seasoncode=E2015,114,92,70,
2015,CED,11,L,home,Lokomotiv Kuban Krasnodar,vs Lokomotiv Kuban Krasnodar,http://www.euroleague.net/main/results/showgame?gamecode=122&seasoncode=E2015,122,75,89,
2015,CED,12,W,away,Darussafaka Dogus Istanbul,at Darussafaka Dogus Istanbul,http://www.euroleague.net/main/results/showgame?gamecode=132&seasoncode=E2015,132,72,79,
2015,CED,13,L,away,Unicaja Malaga,at Unicaja Malaga,http://www.euroleague.net/main/results/showgame?gamecode=137&seasoncode=E2015,137,90,67,
2015,CED,14,W,home,Anadolu Efes Istanbul,vs Anadolu Efes Istanbul,http://www.euroleague.net/main/results/showgame?gamecode=148&seasoncode=E2015,148,84,80,
2015,CED,15,L,away,Fenerbahce Istanbul,at Fenerbahce Istanbul,http://www.euroleague.net/main/results/showgame?gamecode=154&seasoncode=E2015,154,86,73,
2015,CED,16,L,home,Panathinaikos Athens,vs Panathinaikos Athens,http://www.euroleague.net/main/results/showgame?gamecode=163&seasoncode=E2015,163,60,78,
2015,CED,17,L,away,Crvena Zvezda Telekom Belgrade,at Crvena Zvezda Telekom Belgrade,http://www.euroleague.net/main/results/showgame?gamecode=171&seasoncode=E2015,171,94,74,
2015,CED,18,L,away,Lokomotiv Kuban Krasnodar,at Lokomotiv Kuban Krasnodar,http://www.euroleague.net/main/results/showgame?gamecode=178&seasoncode=E2015,178,87,63,
2015,CED,19,L,home,Darussafaka Dogus Istanbul,vs Darussafaka Dogus Istanbul,http://www.euroleague.net/main/results/showgame?gamecode=188&seasoncode=E2015,188,77,83,
2015,CED,20,L,home,Unicaja Malaga,vs Unicaja Malaga,http://www.euroleague.net/main/results/showgame?gamecode=193&seasoncode=E2015,193,78,91,
2015,CED,21,L,away,Anadolu Efes Istanbul,at Anadolu Efes Istanbul,http://www.euroleague.net/main/results/showgame?gamecode=204&seasoncode=E2015,204,80,76,
2015,CED,22,W,home,Fenerbahce Istanbul,vs Fenerbahce Istanbul,http://www.euroleague.net/main/results/showgame?gamecode=210&seasoncode=E2015,210,89,59,
2015,CED,23,L,away,Panathinaikos Athens,at Panathinaikos Athens,http://www.euroleague.net/main/results/showgame?gamecode=219&seasoncode=E2015,219,76,60,
2015,CED,24,W,home,Crvena Zvezda Telekom Belgrade,vs Crvena Zvezda Telekom Belgrade,http://www.euroleague.net/main/results/showgame?gamecode=227&seasoncode=E2015,227,83,62,
2015,RED,1,W,home,Strasbourg,vs Strasbourg,http://www.euroleague.net/main/results/showgame?gamecode=2&seasoncode=E2015,2,81,59,
2015,RED,2,L,away,Real Madrid,at Real Madrid,http://www.euroleague.net/main/results/showgame?gamecode=15&seasoncode=E2015,15,98,71,
2015,RED,3,L,away,Khimki Moscow Region,at Khimki Moscow Region,http://www.euroleague.net/main/results/showgame?gamecode=25&seasoncode=E2015,25,91,53,
2015,RED,4,L,home,Fenerbahce Istanbul,vs Fenerbahce Istanbul,http://www.euroleague.net/main/results/showgame?gamecode=39&seasoncode=E2015,39,60,74,
2015,RED,5,W,away,FC Bayern Munich,at FC Bayern Munich,http://www.euroleague.net/main/results/showgame?gamecode=50&seasoncode=E2015,50,79,90,
2015,RED,6,L,away,Strasbourg,at Strasbourg,http://www.euroleague.net/main/results/showgame?gamecode=62&seasoncode=E2015,62,78,75,
2015,RED,7,W,home,Real Madrid,vs Real Madrid,http://www.euroleague.net/main/results/showgame?gamecode=75&seasoncode=E2015,75,94,88,
2015,RED,8,W,home,Khimki Moscow Region,vs Khimki Moscow Region,http://www.euroleague.net/main/results/showgame?gamecode=85&seasoncode=E2015,85,96,91,
2015,RED,9,L,away,Fenerbahce Istanbul,at Fenerbahce Istanbul,http://www.euroleague.net/main/results/showgame?gamecode=99&seasoncode=E2015,99,79,61,
2015,RED,10,W,home,FC Bayern Munich,vs FC Bayern Munich,http://www.euroleague.net/main/results/showgame?gamecode=110&seasoncode=E2015,110,85,76,
2015,RED,11,L,away,Anadolu Efes Istanbul,at Anadolu Efes Istanbul,http://www.euroleague.net/main/results/showgame?gamecode=123&seasoncode=E2015,123,85,84,
2015,RED,12,L,home,Fenerbahce Istanbul,vs Fenerbahce Istanbul,http://www.euroleague.net/main/results/showgame?gamecode=130&seasoncode=E2015,130,65,88,
2015,RED,13,W,away,Panathinaikos Athens,at Panathinaikos Athens,http://www.euroleague.net/main/results/showgame?gamecode=140&seasoncode=E2015,140,63,74,
2015,RED,14,W,home,Unicaja Malaga,vs Unicaja Malaga,http://www.euroleague.net/main/results/showgame?gamecode=145&seasoncode=E2015,145,87,73,
2015,RED,15,W,home,Lokomotiv Kuban Krasnodar,vs Lokomotiv Kuban Krasnodar,http://www.euroleague.net/main/results/showgame?gamecode=156&seasoncode=E2015,156,80,66,
2015,RED,16,L,away,Darussafaka Dogus Istanbul,at Darussafaka Dogus Istanbul,http://www.euroleague.net/main/results/showgame?gamecode=162&seasoncode=E2015,162,69,66,
2015,RED,17,W,home,Cedevita Zagreb,vs Cedevita Zagreb,http://www.euroleague.net/main/results/showgame?gamecode=171&seasoncode=E2015,171,94,74,
2015,RED,18,W,home,Anadolu Efes Istanbul,vs Anadolu Efes Istanbul,http://www.euroleague.net/main/results/showgame?gamecode=179&seasoncode=E2015,179,91,82,
2015,RED,19,L,away,Fenerbahce Istanbul,at Fenerbahce Istanbul,http://www.euroleague.net/main/results/showgame?gamecode=186&seasoncode=E2015,186,72,65,
2015,RED,20,W,home,Panathinaikos Athens,vs Panathinaikos Athens,http://www.euroleague.net/main/results/showgame?gamecode=196&seasoncode=E2015,196,69,67,
2015,RED,21,W,away,Unicaja Malaga,at Unicaja Malaga,http://www.euroleague.net/main/results/showgame?gamecode=201&seasoncode=E2015,201,72,78,
2015,RED,22,L,away,Lokomotiv Kuban Krasnodar,at Lokomotiv Kuban Krasnodar,http://www.euroleague.net/main/results/showgame?gamecode=212&seasoncode=E2015,212,86,62,
2015,RED,23,L,home,Darussafaka Dogus Istanbul,vs Darussafaka Dogus Istanbul,http://www.euroleague.net/main/results/showgame?gamecode=218&seasoncode=E2015,218,61,80,
2015,RED,24,L,away,Cedevita Zagreb,at Cedevita Zagreb,http://www.euroleague.net/main/results/showgame?gamecode=227&seasoncode=E2015,227,83,62,
2015,RED,25,L,away,CSKA Moscow,at CSKA Moscow,http://www.euroleague.net/main/results/showgame?gamecode=235&seasoncode=E2015,235,84,74,
2015,RED,26,L,away,CSKA Moscow,at CSKA Moscow,http://www.euroleague.net/main/results/showgame?gamecode=239&seasoncode=E2015,239,77,76,
2015,RED,27,L,home,CSKA Moscow,vs CSKA Moscow,http://www.euroleague.net/main/results/showgame?gamecode=243&seasoncode=E2015,243,71,78,
2015,CSK,1,W,home,Maccabi FOX Tel Aviv,vs Maccabi FOX Tel Aviv,http://www.euroleague.net/main/results/showgame?gamecode=12&seasoncode=E2015,12,100,69,
2015,CSK,2,W,away,Dinamo Banco di Sardegna Sassari,at Dinamo Banco di Sardegna Sassari,http://www.euroleague.net/main/results/showgame?gamecode=23&seasoncode=E2015,23,78,107,
2015,CSK,3,W,home,Brose Baskets Bamberg,vs Brose Baskets Bamberg,http://www.euroleague.net/main/results/showgame?gamecode=35&seasoncode=E2015,35,83,77,
2015,CSK,4,W,away,Darussafaka Dogus Istanbul,at Darussafaka Dogus Istanbul,http://www.euroleague.net/main/results/showgame?gamecode=48&seasoncode=E2015,48,75,80,
2015,CSK,5,L,home,Unicaja Malaga,vs Unicaja Malaga,http://www.euroleague.net/main/results/showgame?gamecode=58&seasoncode=E2015,58,78,86,
2015,CSK,6,W,away,Maccabi FOX Tel Aviv,at Maccabi FOX Tel Aviv,http://www.euroleague.net/main/results/showgame?gamecode=72&seasoncode=E2015,72,82,88,
2015,CSK,7,W,home,Dinamo Banco di Sardegna Sassari,vs Dinamo Banco di Sardegna Sassari,http://www.euroleague.net/main/results/showgame?gamecode=83&seasoncode=E2015,83,93,87,
2015,CSK,8,W,away,Brose Baskets Bamberg,at Brose Baskets Bamberg,http://www.euroleague.net/main/results/showgame?gamecode=95&seasoncode=E2015,95,88,100,
2015,CSK,9,W,home,Darussafaka Dogus Istanbul,vs Darussafaka Dogus Istanbul,http://www.euroleague.net/main/results/showgame?gamecode=108&seasoncode=E2015,108,94,66,
2015,CSK,10,W,away,Unicaja Malaga,at Unicaja Malaga,http://www.euroleague.net/main/results/showgame?gamecode=118&seasoncode=E2015,118,76,88,
2015,CSK,11,L,away,Khimki Moscow Region,at Khimki Moscow Region,http://www.euroleague.net/main/results/showgame?gamecode=128&seasoncode=E2015,128,91,89,
2015,CSK,12,W,home,Real Madrid,vs Real Madrid,http://www.euroleague.net/main/results/showgame?gamecode=133&seasoncode=E2015,133,95,81,
2015,CSK,13,W,home,FC Barcelona Lassa,vs FC Barcelona Lassa,http://www.euroleague.net/main/results/showgame?gamecode=144&seasoncode=E2015,144,93,82,
2015,CSK,14,L,away,Laboral Kutxa Vitoria Gasteiz,at Laboral Kutxa Vitoria Gasteiz,http://www.euroleague.net/main/results/showgame?gamecode=150&seasoncode=E2015,150,81,71,
2015,CSK,15,W,home,Brose Baskets Bamberg,vs Brose Baskets Bamberg,http://www.euroleague.net/main/results/showgame?gamecode=159&seasoncode=E2015,159,91,70,
2015,CSK,16,W,away,Zalgiris Kaunas,at Zalgiris Kaunas,http://www.euroleague.net/main/results/showgame?gamecode=167&seasoncode=E2015,167,59,94,
2015,CSK,17,W,home,Olympiacos Piraeus,vs Olympiacos Piraeus,http://www.euroleague.net/main/results/showgame?gamecode=174&seasoncode=E2015,174,92,85,
2015,CSK,18,W,home,Khimki Moscow Region,vs Khimki Moscow Region,http://www.euroleague.net/main/results/showgame?gamecode=184&seasoncode=E2015,184,108,98,
2015,CSK,19,W,away,Real Madrid,at Real Madrid,http://www.euroleague.net/main/results/showgame?gamecode=189&seasoncode=E2015,189,87,96,
2015,CSK,20,L,away,FC Barcelona Lassa,at FC Barcelona Lassa,http://www.euroleague.net/main/results/showgame?gamecode=200&seasoncode=E2015,200,100,98,
2015,CSK,21,W,home,Laboral Kutxa Vitoria Gasteiz,vs Laboral Kutxa Vitoria Gasteiz,http://www.euroleague.net/main/results/showgame?gamecode=206&seasoncode=E2015,206,90,78,
2015,CSK,22,L,away,Brose Baskets Bamberg,at Brose Baskets Bamberg,http://www.euroleague.net/main/results/showgame?gamecode=215&seasoncode=E2015,215,91,83,
2015,CSK,23,W,home,Zalgiris Kaunas,vs Zalgiris Kaunas,http://www.euroleague.net/main/results/showgame?gamecode=223&seasoncode=E2015,223,100,86,
2015,CSK,24,W,away,Olympiacos Piraeus,at Olympiacos Piraeus,http://www.euroleague.net/main/results/showgame?gamecode=230&seasoncode=E2015,230,96,99,
2015,CSK,25,W,home,Crvena Zvezda Telekom Belgrade,vs Crvena Zvezda Telekom Belgrade,http://www.euroleague.net/main/results/showgame?gamecode=235&seasoncode=E2015,235,84,74,
2015,CSK,26,W,home,Crvena Zvezda Telekom Belgrade,vs Crvena Zvezda Telekom Belgrade,http://www.euroleague.net/main/results/showgame?gamecode=239&seasoncode=E2015,239,77,76,
2015,CSK,27,W,away,Crvena Zvezda Telekom Belgrade,at Crvena Zvezda Telekom Belgrade,http://www.euroleague.net/main/results/showgame?gamecode=243&seasoncode=E2015,243,71,78,
2015,DAR,1,W,home,Dinamo Banco di Sardegna Sassari,vs Dinamo Banco di Sardegna Sassari,http://www.euroleague.net/main/results/showgame?gamecode=11&seasoncode=E2015,11,83,74,
2015,DAR,2,L,away,Brose Baskets Bamberg,at Brose Baskets Bamberg,http://www.euroleague.net/main/results/showgame?gamecode=24&seasoncode=E2015,24,86,76,
2015,DAR,3,L,away,Unicaja Malaga,at Unicaja Malaga,http://www.euroleague.net/main/results/showgame?gamecode=34&seasoncode=E2015,34,81,69,
2015,DAR,4,L,home,CSKA Moscow,vs CSKA Moscow,http://www.euroleague.net/main/results/showgame?gamecode=48&seasoncode=E2015,48,75,80,
2015,DAR,5,W,away,Maccabi FOX Tel Aviv,at Maccabi FOX Tel Aviv,http://www.euroleague.net/main/results/showgame?gamecode=59&seasoncode=E2015,59,73,84,
2015,DAR,6,W,away,Dinamo Banco di Sardegna Sassari,at Dinamo Banco di Sardegna Sassari,http://www.euroleague.net/main/results/showgame?gamecode=71&seasoncode=E2015,71,60,68,
2015,DAR,7,L,home,Brose Baskets Bamberg,vs Brose Baskets Bamberg,http://www.euroleague.net/main/results/showgame?gamecode=84&seasoncode=E2015,84,54,65,
2015,DAR,8,W,home,Unicaja Malaga,vs Unicaja Malaga,http://www.euroleague.net/main/results/showgame?gamecode=94&seasoncode=E2015,94,63,57,
2015,DAR,9,L,away,CSKA Moscow,at CSKA Moscow,http://www.euroleague.net/main/results/showgame?gamecode=108&seasoncode=E2015,108,94,66,
2015,DAR,10,L,home,Maccabi FOX Tel Aviv,vs Maccabi FOX Tel Aviv,http://www.euroleague.net/main/results/showgame?gamecode=119&seasoncode=E2015,119,66,70,
2015,DAR,11,L,away,Unicaja Malaga,at Unicaja Malaga,http://www.euroleague.net/main/results/showgame?gamecode=121&seasoncode=E2015,121,70,62,
2015,DAR,12,L,home,Cedevita Zagreb,vs Cedevita Zagreb,http://www.euroleague.net/main/results/showgame?gamecode=132&seasoncode=E2015,132,72,79,
2015,DAR,13,L,away,Anadolu Efes Istanbul,at Anadolu Efes Istanbul,http://www.euroleague.net/main/results/showgame?gamecode=138&seasoncode=E2015,138,84,71,
2015,DAR,14,L,home,Fenerbahce Istanbul,vs Fenerbahce Istanbul,http://www.euroleague.net/main/results/showgame?gamecode=147&seasoncode=E2015,147,100,106,
2015,DAR,15,L,away,Panathinaikos Athens,at Panathinaikos Athens,http://www.euroleague.net/main/results/showgame?gamecode=155&seasoncode=E2015,155,82,79,
2015,DAR,16,W,home,Crvena Zvezda Telekom Belgrade,vs Crvena Zvezda Telekom Belgrade,http://www.euroleague.net/main/results/showgame?gamecode=162&seasoncode=E2015,162,69,66,
2015,DAR,17,L,away,Lokomotiv Kuban Krasnodar,at Lokomotiv Kuban Krasnodar,http://www.euroleague.net/main/results/showgame?gamecode=172&seasoncode=E2015,172,82,58,
2015,DAR,18,W,home,Unicaja Malaga,vs Unicaja Malaga,http://www.euroleague.net/main/results/showgame?gamecode=177&seasoncode=E2015,177,78,55,
2015,DAR,19,W,away,Cedevita Zagreb,at Cedevita Zagreb,http://www.euroleague.net/main/results/showgame?gamecode=188&seasoncode=E2015,188,77,83,
2015,DAR,20,L,home,Anadolu Efes Istanbul,vs Anadolu Efes Istanbul,http://www.euroleague.net/main/results/showgame?gamecode=194&seasoncode=E2015,194,68,72,
2015,DAR,21,L,away,Fenerbahce Istanbul,at Fenerbahce Istanbul,http://www.euroleague.net/main/results/showgame?gamecode=203&seasoncode=E2015,203,77,69,
2015,DAR,22,L,home,Panathinaikos Athens,vs Panathinaikos Athens,http://www.euroleague.net/main/results/showgame?gamecode=211&seasoncode=E2015,211,84,86,
2015,DAR,23,W,away,Crvena Zvezda Telekom Belgrade,at Crvena Zvezda Telekom Belgrade,http://www.euroleague.net/main/results/showgame?gamecode=218&seasoncode=E2015,218,61,80,
2015,DAR,24,W,home,Lokomotiv Kuban Krasnodar,vs Lokomotiv Kuban Krasnodar,http://www.euroleague.net/main/results/showgame?gamecode=228&seasoncode=E2015,228,87,86,
2015,SAS,1,L,away,Darussafaka Dogus Istanbul,at Darussafaka Dogus Istanbul,http://www.euroleague.net/main/results/showgame?gamecode=11&seasoncode=E2015,11,83,74,
2015,SAS,2,L,home,CSKA Moscow,vs CSKA Moscow,http://www.euroleague.net/main/results/showgame?gamecode=23&seasoncode=E2015,23,78,107,
2015,SAS,3,L,away,Maccabi FOX Tel Aviv,at Maccabi FOX Tel Aviv,http://www.euroleague.net/main/results/showgame?gamecode=36&seasoncode=E2015,36,79,63,
2015,SAS,4,L,away,Unicaja Malaga,at Unicaja Malaga,http://www.euroleague.net/main/results/showgame?gamecode=46&seasoncode=E2015,46,80,62,
2015,SAS,5,L,home,Brose Baskets Bamberg,vs Brose Baskets Bamberg,http://www.euroleague.net/main/results/showgame?gamecode=60&seasoncode=E2015,60,73,90,
2015,SAS,6,L,home,Darussafaka Dogus Istanbul,vs Darussafaka Dogus Istanbul,http://www.euroleague.net/main/results/showgame?gamecode=71&seasoncode=E2015,71,60,68,
2015,SAS,7,L,away,CSKA Moscow,at CSKA Moscow,http://www.euroleague.net/main/results/showgame?gamecode=83&seasoncode=E2015,83,93,87,
2015,SAS,8,L,home,Maccabi FOX Tel Aviv,vs Maccabi FOX Tel Aviv,http://www.euroleague.net/main/results/showgame?gamecode=96&seasoncode=E2015,96,74,76,
2015,SAS,9,L,home,Unicaja Malaga,vs Unicaja Malaga,http://www.euroleague.net/main/results/showgame?gamecode=106&seasoncode=E2015,106,65,77,
2015,SAS,10,L,away,Brose Baskets Bamberg,at Brose Baskets Bamberg,http://www.euroleague.net/main/results/showgame?gamecode=120&seasoncode=E2015,120,86,54,
2015,MIL,1,W,home,Laboral Kutxa Vitoria Gasteiz,vs Laboral Kutxa Vitoria Gasteiz,http://www.euroleague.net/main/results/showgame?gamecode=4&seasoncode=E2015,4,78,76,
2015,MIL,2,L,away,Anadolu Efes Istanbul,at Anadolu Efes Istanbul,http://www.euroleague.net/main/results/showgame?gamecode=16&seasoncode=E2015,16,89,73,
2015,MIL,3,L,home,Olympiacos Piraeus,vs Olympiacos Piraeus,http://www.euroleague.net/main/results/showgame?gamecode=28&seasoncode=E2015,28,66,71,
2015,MIL,4,L,home,Cedevita Zagreb,vs Cedevita Zagreb,http://www.euroleague.net/main/results/showgame?gamecode=40&seasoncode=E2015,40,68,77,
2015,MIL,5,L,away,Limoges CSP,at Limoges CSP,http://www.euroleague.net/main/results/showgame?gamecode=52&seasoncode=E2015,52,74,65,
2015,MIL,6,L,away,Laboral Kutxa Vitoria Gasteiz,at Laboral Kutxa Vitoria Gasteiz,http://www.euroleague.net/main/results/showgame?gamecode=64&seasoncode=E2015,64,94,82,
2015,MIL,7,W,home,Anadolu Efes Istanbul,vs Anadolu Efes Istanbul,http://www.euroleague.net/main/results/showgame?gamecode=76&seasoncode=E2015,76,88,84,
2015,MIL,8,L,away,Olympiacos Piraeus,at Olympiacos Piraeus,http://www.euroleague.net/main/results/showgame?gamecode=88&seasoncode=E2015,88,73,63,
2015,MIL,9,W,away,Cedevita Zagreb,at Cedevita Zagreb,http://www.euroleague.net/main/results/showgame?gamecode=100&seasoncode=E2015,100,82,85,
2015,MIL,10,L,home,Limoges CSP,vs Limoges CSP,http://www.euroleague.net/main/results/showgame?gamecode=112&seasoncode=E2015,112,69,77,
2015,BAR,1,L,away,Pinar Karsiyaka Izmir,at Pinar Karsiyaka Izmir,http://www.euroleague.net/main/results/showgame?gamecode=9&seasoncode=E2015,9,71,62,
2015,BAR,2,W,home,Stelmet Zielona Gora,vs Stelmet Zielona Gora,http://www.euroleague.net/main/results/showgame?gamecode=19&seasoncode=E2015,19,78,72,
2015,BAR,3,W,home,Panathinaikos Athens,vs Panathinaikos Athens,http://www.euroleague.net/main/results/showgame?gamecode=33&seasoncode=E2015,33,77,52,
2015,BAR,4,W,away,Zalgiris Kaunas,at Zalgiris Kaunas,http://www.euroleague.net/main/results/showgame?gamecode=44&seasoncode=E2015,44,78,85,
2015,BAR,5,W,home,Lokomotiv Kuban Krasnodar,vs Lokomotiv Kuban Krasnodar,http://www.euroleague.net/main/results/showgame?gamecode=56&seasoncode=E2015,56,72,68,
2015,BAR,6,W,home,Pinar Karsiyaka Izmir,vs Pinar Karsiyaka Izmir,http://www.euroleague.net/main/results/showgame?gamecode=69&seasoncode=E2015,69,107,79,
2015,BAR,7,W,away,Stelmet Zielona Gora,at Stelmet Zielona Gora,http://www.euroleague.net/main/results/showgame?gamecode=79&seasoncode=E2015,79,64,93,
2015,BAR,8,L,away,Panathinaikos Athens,at Panathinaikos Athens,http://www.euroleague.net/main/results/showgame?gamecode=93&seasoncode=E2015,93,93,86,
2015,BAR,9,L,home,Zalgiris Kaunas,vs Zalgiris Kaunas,http://www.euroleague.net/main/results/showgame?gamecode=104&seasoncode=E2015,104,88,92,
2015,BAR,10,L,away,Lokomotiv Kuban Krasnodar,at Lokomotiv Kuban Krasnodar,http://www.euroleague.net/main/results/showgame?gamecode=116&seasoncode=E2015,116,78,74,
2015,BAR,11,L,away,Olympiacos Piraeus,at Olympiacos Piraeus,http://www.euroleague.net/main/results/showgame?gamecode=127&seasoncode=E2015,127,74,62,
2015,BAR,12,W,home,Khimki Moscow Region,vs Khimki Moscow Region,http://www.euroleague.net/main/results/showgame?gamecode=134&seasoncode=E2015,134,87,70,
2015,BAR,13,L,away,CSKA Moscow,at CSKA Moscow,http://www.euroleague.net/main/results/showgame?gamecode=144&seasoncode=E2015,144,93,82,
2015,BAR,14,W,away,Real Madrid,at Real Madrid,http://www.euroleague.net/main/results/showgame?gamecode=149&seasoncode=E2015,149,86,87,
2015,BAR,15,L,home,Laboral Kutxa Vitoria Gasteiz,vs Laboral Kutxa Vitoria Gasteiz,http://www.euroleague.net/main/results/showgame?gamecode=160&seasoncode=E2015,160,78,81,
2015,BAR,16,L,away,Brose Baskets Bamberg,at Brose Baskets Bamberg,http://www.euroleague.net/main/results/showgame?gamecode=166&seasoncode=E2015,166,74,70,
2015,BAR,17,W,home,Zalgiris Kaunas,vs Zalgiris Kaunas,http://www.euroleague.net/main/results/showgame?gamecode=175&seasoncode=E2015,175,92,86,
2015,BAR,18,W,home,Olympiacos Piraeus,vs Olympiacos Piraeus,http://www.euroleague.net/main/results/showgame?gamecode=183&seasoncode=E2015,183,82,66,
2015,BAR,19,L,away,Khimki Moscow Region,at Khimki Moscow Region,http://www.euroleague.net/main/results/showgame?gamecode=190&seasoncode=E2015,190,75,61,
2015,BAR,20,W,home,CSKA Moscow,vs CSKA Moscow,http://www.euroleague.net/main/results/showgame?gamecode=200&seasoncode=E2015,200,100,98,
2015,BAR,21,W,home,Real Madrid,vs Real Madrid,http://www.euroleague.net/main/results/showgame?gamecode=205&seasoncode=E2015,205,72,65,
2015,BAR,22,L,away,Laboral Kutxa Vitoria Gasteiz,at Laboral Kutxa Vitoria Gasteiz,http://www.euroleague.net/main/results/showgame?gamecode=216&seasoncode=E2015,216,75,71,
2015,BAR,23,W,home,Brose Baskets Bamberg,vs Brose Baskets Bamberg,http://www.euroleague.net/main/results/showgame?gamecode=222&seasoncode=E2015,222,75,57,
2015,BAR,24,W,away,Zalgiris Kaunas,at Zalgiris Kaunas,http://www.euroleague.net/main/results/showgame?gamecode=231&seasoncode=E2015,231,59,66,
2015,BAR,25,L,away,Lokomotiv Kuban Krasnodar,at Lokomotiv Kuban Krasnodar,http://www.euroleague.net/main/results/showgame?gamecode=236&seasoncode=E2015,236,66,61,
2015,BAR,26,W,away,Lokomotiv Kuban Krasnodar,at Lokomotiv Kuban Krasnodar,http://www.euroleague.net/main/results/showgame?gamecode=240&seasoncode=E2015,240,66,92,
2015,BAR,27,W,home,Lokomotiv Kuban Krasnodar,vs Lokomotiv Kuban Krasnodar,http://www.euroleague.net/main/results/showgame?gamecode=244&seasoncode=E2015,244,82,70,
2015,BAR,28,"",home,Lokomotiv Kuban Krasnodar,vs Lokomotiv Kuban Krasnodar,http://www.euroleague.net/main/results/showgame?gamecode=245&seasoncode=E2015,245,,,April 21
2015,BAR,29,"",away,Lokomotiv Kuban Krasnodar,at Lokomotiv Kuban Krasnodar,http://www.euroleague.net/main/results/showgame?gamecode=246&seasoncode=E2015,246,,,April 26
2015,MUN,1,L,away,Fenerbahce Istanbul,at Fenerbahce Istanbul,http://www.euroleague.net/main/results/showgame?gamecode=3&seasoncode=E2015,3,74,67,
2015,MUN,2,W,home,Khimki Moscow Region,vs Khimki Moscow Region,http://www.euroleague.net/main/results/showgame?gamecode=13&seasoncode=E2015,13,69,60,
2015,MUN,3,W,home,Strasbourg,vs Strasbourg,http://www.euroleague.net/main/results/showgame?gamecode=27&seasoncode=E2015,27,76,61,
2015,MUN,4,L,away,Real Madrid,at Real Madrid,http://www.euroleague.net/main/results/showgame?gamecode=38&seasoncode=E2015,38,101,99,
2015,MUN,5,L,home,Crvena Zvezda Telekom Belgrade,vs Crvena Zvezda Telekom Belgrade,http://www.euroleague.net/main/results/showgame?gamecode=50&seasoncode=E2015,50,79,90,
2015,MUN,6,L,home,Fenerbahce Istanbul,vs Fenerbahce Istanbul,http://www.euroleague.net/main/results/showgame?gamecode=63&seasoncode=E2015,63,67,84,
2015,MUN,7,W,away,Khimki Moscow Region,at Khimki Moscow Region,http://www.euroleague.net/main/results/showgame?gamecode=73&seasoncode=E2015,73,70,81,
2015,MUN,8,W,away,Strasbourg,at Strasbourg,http://www.euroleague.net/main/results/showgame?gamecode=87&seasoncode=E2015,87,69,82,
2015,MUN,9,L,home,Real Madrid,vs Real Madrid,http://www.euroleague.net/main/results/showgame?gamecode=98&seasoncode=E2015,98,67,86,
2015,MUN,10,L,away,Crvena Zvezda Telekom Belgrade,at Crvena Zvezda Telekom Belgrade,http://www.euroleague.net/main/results/showgame?gamecode=110&seasoncode=E2015,110,85,76,
2015,ULK,1,W,home,FC Bayern Munich,vs FC Bayern Munich,http://www.euroleague.net/main/results/showgame?gamecode=3&seasoncode=E2015,3,74,67,
2015,ULK,2,L,away,Strasbourg,at Strasbourg,http://www.euroleague.net/main/results/showgame?gamecode=14&seasoncode=E2015,14,91,70,
2015,ULK,3,W,home,Real Madrid,vs Real Madrid,http://www.euroleague.net/main/results/showgame?gamecode=26&seasoncode=E2015,26,77,66,
2015,ULK,4,W,away,Crvena Zvezda Telekom Belgrade,at Crvena Zvezda Telekom Belgrade,http://www.euroleague.net/main/results/showgame?gamecode=39&seasoncode=E2015,39,60,74,
2015,ULK,5,W,home,Khimki Moscow Region,vs Khimki Moscow Region,http://www.euroleague.net/main/results/showgame?gamecode=49&seasoncode=E2015,49,88,83,
2015,ULK,6,W,away,FC Bayern Munich,at FC Bayern Munich,http://www.euroleague.net/main/results/showgame?gamecode=63&seasoncode=E2015,63,67,84,
2015,ULK,7,W,home,Strasbourg,vs Strasbourg,http://www.euroleague.net/main/results/showgame?gamecode=74&seasoncode=E2015,74,81,64,
2015,ULK,8,L,away,Real Madrid,at Real Madrid,http://www.euroleague.net/main/results/showgame?gamecode=86&seasoncode=E2015,86,80,73,
2015,ULK,9,W,home,Crvena Zvezda Telekom Belgrade,vs Crvena Zvezda Telekom Belgrade,http://www.euroleague.net/main/results/showgame?gamecode=99&seasoncode=E2015,99,79,61,
2015,ULK,10,W,away,Khimki Moscow Region,at Khimki Moscow Region,http://www.euroleague.net/main/results/showgame?gamecode=109&seasoncode=E2015,109,68,70,
2015,ULK,11,W,home,Panathinaikos Athens,vs Panathinaikos Athens,http://www.euroleague.net/main/results/showgame?gamecode=124&seasoncode=E2015,124,82,75,
2015,ULK,12,W,away,Crvena Zvezda Telekom Belgrade,at Crvena Zvezda Telekom Belgrade,http://www.euroleague.net/main/results/showgame?gamecode=130&seasoncode=E2015,130,65,88,
2015,ULK,13,W,home,Lokomotiv Kuban Krasnodar,vs Lokomotiv Kuban Krasnodar,http://www.euroleague.net/main/results/showgame?gamecode=139&seasoncode=E2015,139,85,79,
2015,ULK,14,W,away,Darussafaka Dogus Istanbul,at Darussafaka Dogus Istanbul,http://www.euroleague.net/main/results/showgame?gamecode=147&seasoncode=E2015,147,100,106,
2015,ULK,15,W,home,Cedevita Zagreb,vs Cedevita Zagreb,http://www.euroleague.net/main/results/showgame?gamecode=154&seasoncode=E2015,154,86,73,
2015,ULK,16,W,away,Anadolu Efes Istanbul,at Anadolu Efes Istanbul,http://www.euroleague.net/main/results/showgame?gamecode=164&seasoncode=E2015,164,73,77,
2015,ULK,17,W,home,Unicaja Malaga,vs Unicaja Malaga,http://www.euroleague.net/main/results/showgame?gamecode=169&seasoncode=E2015,169,80,59,
2015,ULK,18,L,away,Panathinaikos Athens,at Panathinaikos Athens,http://www.euroleague.net/main/results/showgame?gamecode=180&seasoncode=E2015,180,76,71,
2015,ULK,19,W,home,Crvena Zvezda Telekom Belgrade,vs Crvena Zvezda Telekom Belgrade,http://www.euroleague.net/main/results/showgame?gamecode=186&seasoncode=E2015,186,72,65,
2015,ULK,20,W,away,Lokomotiv Kuban Krasnodar,at Lokomotiv Kuban Krasnodar,http://www.euroleague.net/main/results/showgame?gamecode=195&seasoncode=E2015,195,52,55,
2015,ULK,21,W,home,Darussafaka Dogus Istanbul,vs Darussafaka Dogus Istanbul,http://www.euroleague.net/main/results/showgame?gamecode=203&seasoncode=E2015,203,77,69,
2015,ULK,22,L,away,Cedevita Zagreb,at Cedevita Zagreb,http://www.euroleague.net/main/results/showgame?gamecode=210&seasoncode=E2015,210,89,59,
2015,ULK,23,W,home,Anadolu Efes Istanbul,vs Anadolu Efes Istanbul,http://www.euroleague.net/main/results/showgame?gamecode=220&seasoncode=E2015,220,90,86,
2015,ULK,24,L,away,Unicaja Malaga,at Unicaja Malaga,http://www.euroleague.net/main/results/showgame?gamecode=225&seasoncode=E2015,225,71,67,
2015,ULK,25,W,home,Real Madrid,vs Real Madrid,http://www.euroleague.net/main/results/showgame?gamecode=233&seasoncode=E2015,233,75,69,
2015,ULK,26,W,home,Real Madrid,vs Real Madrid,http://www.euroleague.net/main/results/showgame?gamecode=237&seasoncode=E2015,237,100,78,
2015,ULK,27,W,away,Real Madrid,at Real Madrid,http://www.euroleague.net/main/results/showgame?gamecode=241&seasoncode=E2015,241,63,75,
2015,KHI,1,W,home,Real Madrid,vs Real Madrid,http://www.euroleague.net/main/results/showgame?gamecode=1&seasoncode=E2015,1,84,70,
2015,KHI,2,L,away,FC Bayern Munich,at FC Bayern Munich,http://www.euroleague.net/main/results/showgame?gamecode=13&seasoncode=E2015,13,69,60,
2015,KHI,3,W,home,Crvena Zvezda Telekom Belgrade,vs Crvena Zvezda Telekom Belgrade,http://www.euroleague.net/main/results/showgame?gamecode=25&seasoncode=E2015,25,91,53,
2015,KHI,4,W,home,Strasbourg,vs Strasbourg,http://www.euroleague.net/main/results/showgame?gamecode=37&seasoncode=E2015,37,88,62,
2015,KHI,5,L,away,Fenerbahce Istanbul,at Fenerbahce Istanbul,http://www.euroleague.net/main/results/showgame?gamecode=49&seasoncode=E2015,49,88,83,
2015,KHI,6,W,away,Real Madrid,at Real Madrid,http://www.euroleague.net/main/results/showgame?gamecode=61&seasoncode=E2015,61,82,85,
2015,KHI,7,L,home,FC Bayern Munich,vs FC Bayern Munich,http://www.euroleague.net/main/results/showgame?gamecode=73&seasoncode=E2015,73,70,81,
2015,KHI,8,L,away,Crvena Zvezda Telekom Belgrade,at Crvena Zvezda Telekom Belgrade,http://www.euroleague.net/main/results/showgame?gamecode=85&seasoncode=E2015,85,96,91,
2015,KHI,9,W,away,Strasbourg,at Strasbourg,http://www.euroleague.net/main/results/showgame?gamecode=97&seasoncode=E2015,97,69,78,
2015,KHI,10,L,home,Fenerbahce Istanbul,vs Fenerbahce Istanbul,http://www.euroleague.net/main/results/showgame?gamecode=109&seasoncode=E2015,109,68,70,
2015,KHI,11,W,home,CSKA Moscow,vs CSKA Moscow,http://www.euroleague.net/main/results/showgame?gamecode=128&seasoncode=E2015,128,91,89,
2015,KHI,12,L,away,FC Barcelona Lassa,at FC Barcelona Lassa,http://www.euroleague.net/main/results/showgame?gamecode=134&seasoncode=E2015,134,87,70,
2015,KHI,13,W,home,Laboral Kutxa Vitoria Gasteiz,vs Laboral Kutxa Vitoria Gasteiz,http://www.euroleague.net/main/results/showgame?gamecode=143&seasoncode=E2015,143,76,68,
2015,KHI,14,W,home,Brose Baskets Bamberg,vs Brose Baskets Bamberg,http://www.euroleague.net/main/results/showgame?gamecode=151&seasoncode=E2015,151,78,61,
2015,KHI,15,W,home,Zalgiris Kaunas,vs Zalgiris Kaunas,http://www.euroleague.net/main/results/showgame?gamecode=158&seasoncode=E2015,158,111,80,
2015,KHI,16,L,away,Olympiacos Piraeus,at Olympiacos Piraeus,http://www.euroleague.net/main/results/showgame?gamecode=168&seasoncode=E2015,168,89,77,
2015,KHI,17,L,home,Real Madrid,vs Real Madrid,http://www.euroleague.net/main/results/showgame?gamecode=173&seasoncode=E2015,173,82,93,
2015,KHI,18,L,away,CSKA Moscow,at CSKA Moscow,http://www.euroleague.net/main/results/showgame?gamecode=184&seasoncode=E2015,184,108,98,
2015,KHI,19,W,home,FC Barcelona Lassa,vs FC Barcelona Lassa,http://www.euroleague.net/main/results/showgame?gamecode=190&seasoncode=E2015,190,75,61,
2015,KHI,20,L,away,Laboral Kutxa Vitoria Gasteiz,at Laboral Kutxa Vitoria Gasteiz,http://www.euroleague.net/main/results/showgame?gamecode=199&seasoncode=E2015,199,98,83,
2015,KHI,21,L,away,Brose Baskets Bamberg,at Brose Baskets Bamberg,http://www.euroleague.net/main/results/showgame?gamecode=207&seasoncode=E2015,207,84,79,
2015,KHI,22,W,away,Zalgiris Kaunas,at Zalgiris Kaunas,http://www.euroleague.net/main/results/showgame?gamecode=214&seasoncode=E2015,214,71,76,
2015,KHI,23,W,home,Olympiacos Piraeus,vs Olympiacos Piraeus,http://www.euroleague.net/main/results/showgame?gamecode=224&seasoncode=E2015,224,98,66,
2015,KHI,24,L,away,Real Madrid,at Real Madrid,http://www.euroleague.net/main/results/showgame?gamecode=229&seasoncode=E2015,229,83,70,
2015,BAS,1,L,away,EA7 Emporio Armani Milan,at EA7 Emporio Armani Milan,http://www.euroleague.net/main/results/showgame?gamecode=4&seasoncode=E2015,4,78,76,
2015,BAS,2,W,home,Olympiacos Piraeus,vs Olympiacos Piraeus,http://www.euroleague.net/main/results/showgame?gamecode=18&seasoncode=E2015,18,96,89,
2015,BAS,3,W,away,Limoges CSP,at Limoges CSP,http://www.euroleague.net/main/results/showgame?gamecode=29&seasoncode=E2015,29,71,107,
2015,BAS,4,W,home,Anadolu Efes Istanbul,vs Anadolu Efes Istanbul,http://www.euroleague.net/main/results/showgame?gamecode=41&seasoncode=E2015,41,92,90,
2015,BAS,5,L,away,Cedevita Zagreb,at Cedevita Zagreb,http://www.euroleague.net/main/results/showgame?gamecode=54&seasoncode=E2015,54,76,67,
2015,BAS,6,W,home,EA7 Emporio Armani Milan,vs EA7 Emporio Armani Milan,http://www.euroleague.net/main/results/showgame?gamecode=64&seasoncode=E2015,64,94,82,
2015,BAS,7,L,away,Olympiacos Piraeus,at Olympiacos Piraeus,http://www.euroleague.net/main/results/showgame?gamecode=78&seasoncode=E2015,78,59,52,
2015,BAS,8,W,home,Limoges CSP,vs Limoges CSP,http://www.euroleague.net/main/results/showgame?gamecode=89&seasoncode=E2015,89,92,56,
2015,BAS,9,L,away,Anadolu Efes Istanbul,at Anadolu Efes Istanbul,http://www.euroleague.net/main/results/showgame?gamecode=101&seasoncode=E2015,101,95,86,
2015,BAS,10,W,home,Cedevita Zagreb,vs Cedevita Zagreb,http://www.euroleague.net/main/results/showgame?gamecode=114&seasoncode=E2015,114,92,70,
2015,BAS,11,W,away,Zalgiris Kaunas,at Zalgiris Kaunas,http://www.euroleague.net/main/results/showgame?gamecode=126&seasoncode=E2015,126,68,89,
2015,BAS,12,L,home,Olympiacos Piraeus,vs Olympiacos Piraeus,http://www.euroleague.net/main/results/showgame?gamecode=135&seasoncode=E2015,135,76,82,
2015,BAS,13,L,away,Khimki Moscow Region,at Khimki Moscow Region,http://www.euroleague.net/main/results/showgame?gamecode=143&seasoncode=E2015,143,76,68,
2015,BAS,14,W,home,CSKA Moscow,vs CSKA Moscow,http://www.euroleague.net/main/results/showgame?gamecode=150&seasoncode=E2015,150,81,71,
2015,BAS,15,W,away,FC Barcelona Lassa,at FC Barcelona Lassa,http://www.euroleague.net/main/results/showgame?gamecode=160&seasoncode=E2015,160,78,81,
2015,BAS,16,W,away,Real Madrid,at Real Madrid,http://www.euroleague.net/main/results/showgame?gamecode=165&seasoncode=E2015,165,68,77,
2015,BAS,17,W,home,Brose Baskets Bamberg,vs Brose Baskets Bamberg,http://www.euroleague.net/main/results/showgame?gamecode=176&seasoncode=E2015,176,90,64,
2015,BAS,18,W,home,Zalgiris Kaunas,vs Zalgiris Kaunas,http://www.euroleague.net/main/results/showgame?gamecode=182&seasoncode=E2015,182,71,65,
2015,BAS,19,L,away,Olympiacos Piraeus,at Olympiacos Piraeus,http://www.euroleague.net/main/results/showgame?gamecode=191&seasoncode=E2015,191,82,68,
2015,BAS,20,W,home,Khimki Moscow Region,vs Khimki Moscow Region,http://www.euroleague.net/main/results/showgame?gamecode=199&seasoncode=E2015,199,98,83,
2015,BAS,21,L,away,CSKA Moscow,at CSKA Moscow,http://www.euroleague.net/main/results/showgame?gamecode=206&seasoncode=E2015,206,90,78,
2015,BAS,22,W,home,FC Barcelona Lassa,vs FC Barcelona Lassa,http://www.euroleague.net/main/results/showgame?gamecode=216&seasoncode=E2015,216,75,71,
2015,BAS,23,W,home,Real Madrid,vs Real Madrid,http://www.euroleague.net/main/results/showgame?gamecode=221&seasoncode=E2015,221,89,88,
2015,BAS,24,L,away,Brose Baskets Bamberg,at Brose Baskets Bamberg,http://www.euroleague.net/main/results/showgame?gamecode=232&seasoncode=E2015,232,89,69,
2015,BAS,25,W,home,Panathinaikos Athens,vs Panathinaikos Athens,http://www.euroleague.net/main/results/showgame?gamecode=234&seasoncode=E2015,234,84,68,
2015,BAS,26,W,home,Panathinaikos Athens,vs Panathinaikos Athens,http://www.euroleague.net/main/results/showgame?gamecode=238&seasoncode=E2015,238,82,78,
2015,BAS,27,W,away,Panathinaikos Athens,at Panathinaikos Athens,http://www.euroleague.net/main/results/showgame?gamecode=242&seasoncode=E2015,242,75,84,
2015,LMG,1,L,home,Anadolu Efes Istanbul,vs Anadolu Efes Istanbul,http://www.euroleague.net/main/results/showgame?gamecode=6&seasoncode=E2015,6,77,89,
2015,LMG,2,W,away,Cedevita Zagreb,at Cedevita Zagreb,http://www.euroleague.net/main/results/showgame?gamecode=17&seasoncode=E2015,17,80,84,
2015,LMG,3,L,home,Laboral Kutxa Vitoria Gasteiz,vs Laboral Kutxa Vitoria Gasteiz,http://www.euroleague.net/main/results/showgame?gamecode=29&seasoncode=E2015,29,71,107,
2015,LMG,4,L,away,Olympiacos Piraeus,at Olympiacos Piraeus,http://www.euroleague.net/main/results/showgame?gamecode=42&seasoncode=E2015,42,75,49,
2015,LMG,5,W,home,EA7 Emporio Armani Milan,vs EA7 Emporio Armani Milan,http://www.euroleague.net/main/results/showgame?gamecode=52&seasoncode=E2015,52,74,65,
2015,LMG,6,L,away,Anadolu Efes Istanbul,at Anadolu Efes Istanbul,http://www.euroleague.net/main/results/showgame?gamecode=66&seasoncode=E2015,66,92,74,
2015,LMG,7,L,home,Cedevita Zagreb,vs Cedevita Zagreb,http://www.euroleague.net/main/results/showgame?gamecode=77&seasoncode=E2015,77,69,78,
2015,LMG,8,L,away,Laboral Kutxa Vitoria Gasteiz,at Laboral Kutxa Vitoria Gasteiz,http://www.euroleague.net/main/results/showgame?gamecode=89&seasoncode=E2015,89,92,56,
2015,LMG,9,L,home,Olympiacos Piraeus,vs Olympiacos Piraeus,http://www.euroleague.net/main/results/showgame?gamecode=102&seasoncode=E2015,102,67,76,
2015,LMG,10,W,away,EA7 Emporio Armani Milan,at EA7 Emporio Armani Milan,http://www.euroleague.net/main/results/showgame?gamecode=112&seasoncode=E2015,112,69,77,
2015,TIV,1,W,home,Panathinaikos Athens,vs Panathinaikos Athens,http://www.euroleague.net/main/results/showgame?gamecode=8&seasoncode=E2015,8,81,70,
2015,TIV,2,W,away,Zalgiris Kaunas,at Zalgiris Kaunas,http://www.euroleague.net/main/results/showgame?gamecode=21&seasoncode=E2015,21,74,76,
2015,TIV,3,W,away,Stelmet Zielona Gora,at Stelmet Zielona Gora,http://www.euroleague.net/main/results/showgame?gamecode=31&seasoncode=E2015,31,75,83,
2015,TIV,4,W,home,Pinar Karsiyaka Izmir,vs Pinar Karsiyaka Izmir,http://www.euroleague.net/main/results/showgame?gamecode=45&seasoncode=E2015,45,72,53,
2015,TIV,5,L,away,FC Barcelona Lassa,at FC Barcelona Lassa,http://www.euroleague.net/main/results/showgame?gamecode=56&seasoncode=E2015,56,72,68,
2015,TIV,6,W,away,Panathinaikos Athens,at Panathinaikos Athens,http://www.euroleague.net/main/results/showgame?gamecode=68&seasoncode=E2015,68,71,77,
2015,TIV,7,W,home,Zalgiris Kaunas,vs Zalgiris Kaunas,http://www.euroleague.net/main/results/showgame?gamecode=81&seasoncode=E2015,81,80,50,
2015,TIV,8,L,home,Stelmet Zielona Gora,vs Stelmet Zielona Gora,http://www.euroleague.net/main/results/showgame?gamecode=91&seasoncode=E2015,91,51,66,
2015,TIV,9,W,away,Pinar Karsiyaka Izmir,at Pinar Karsiyaka Izmir,http://www.euroleague.net/main/results/showgame?gamecode=105&seasoncode=E2015,105,78,88,
2015,TIV,10,W,home,FC Barcelona Lassa,vs FC Barcelona Lassa,http://www.euroleague.net/main/results/showgame?gamecode=116&seasoncode=E2015,116,78,74,
2015,TIV,11,W,away,Cedevita Zagreb,at Cedevita Zagreb,http://www.euroleague.net/main/results/showgame?gamecode=122&seasoncode=E2015,122,75,89,
2015,TIV,12,W,home,Anadolu Efes Istanbul,vs Anadolu Efes Istanbul,http://www.euroleague.net/main/results/showgame?gamecode=131&seasoncode=E2015,131,78,77,
2015,TIV,13,L,away,Fenerbahce Istanbul,at Fenerbahce Istanbul,http://www.euroleague.net/main/results/showgame?gamecode=139&seasoncode=E2015,139,85,79,
2015,TIV,14,W,home,Panathinaikos Athens,vs Panathinaikos Athens,http://www.euroleague.net/main/results/showgame?gamecode=146&seasoncode=E2015,146,76,67,
2015,TIV,15,L,away,Crvena Zvezda Telekom Belgrade,at Crvena Zvezda Telekom Belgrade,http://www.euroleague.net/main/results/showgame?gamecode=156&seasoncode=E2015,156,80,66,
2015,TIV,16,W,away,Unicaja Malaga,at Unicaja Malaga,http://www.euroleague.net/main/results/showgame?gamecode=161&seasoncode=E2015,161,64,82,
2015,TIV,17,W,home,Darussafaka Dogus Istanbul,vs Darussafaka Dogus Istanbul,http://www.euroleague.net/main/results/showgame?gamecode=172&seasoncode=E2015,172,82,58,
2015,TIV,18,W,home,Cedevita Zagreb,vs Cedevita Zagreb,http://www.euroleague.net/main/results/showgame?gamecode=178&seasoncode=E2015,178,87,63,
2015,TIV,19,W,away,Anadolu Efes Istanbul,at Anadolu Efes Istanbul,http://www.euroleague.net/main/results/showgame?gamecode=187&seasoncode=E2015,187,61,76,
2015,TIV,20,L,home,Fenerbahce Istanbul,vs Fenerbahce Istanbul,http://www.euroleague.net/main/results/showgame?gamecode=195&seasoncode=E2015,195,52,55,
2015,TIV,21,L,away,Panathinaikos Athens,at Panathinaikos Athens,http://www.euroleague.net/main/results/showgame?gamecode=202&seasoncode=E2015,202,84,79,
2015,TIV,22,W,home,Crvena Zvezda Telekom Belgrade,vs Crvena Zvezda Telekom Belgrade,http://www.euroleague.net/main/results/showgame?gamecode=212&seasoncode=E2015,212,86,62,
2015,TIV,23,W,home,Unicaja Malaga,vs Unicaja Malaga,http://www.euroleague.net/main/results/showgame?gamecode=217&seasoncode=E2015,217,81,60,
2015,TIV,24,L,away,Darussafaka Dogus Istanbul,at Darussafaka Dogus Istanbul,http://www.euroleague.net/main/results/showgame?gamecode=228&seasoncode=E2015,228,87,86,
2015,TIV,25,W,home,FC Barcelona Lassa,vs FC Barcelona Lassa,http://www.euroleague.net/main/results/showgame?gamecode=236&seasoncode=E2015,236,66,61,
2015,TIV,26,L,home,FC Barcelona Lassa,vs FC Barcelona Lassa,http://www.euroleague.net/main/results/showgame?gamecode=240&seasoncode=E2015,240,66,92,
2015,TIV,27,L,away,FC Barcelona Lassa,at FC Barcelona Lassa,http://www.euroleague.net/main/results/showgame?gamecode=244&seasoncode=E2015,244,82,70,
2015,TIV,28,"",away,FC Barcelona Lassa,at FC Barcelona Lassa,http://www.euroleague.net/main/results/showgame?gamecode=245&seasoncode=E2015,245,,,April 21
2015,TIV,29,"",home,FC Barcelona Lassa,vs FC Barcelona Lassa,http://www.euroleague.net/main/results/showgame?gamecode=246&seasoncode=E2015,246,,,April 26
2015,TEL,1,L,away,CSKA Moscow,at CSKA Moscow,http://www.euroleague.net/main/results/showgame?gamecode=12&seasoncode=E2015,12,100,69,
2015,TEL,2,L,home,Unicaja Malaga,vs Unicaja Malaga,http://www.euroleague.net/main/results/showgame?gamecode=22&seasoncode=E2015,22,82,93,
2015,TEL,3,W,home,Dinamo Banco di Sardegna Sassari,vs Dinamo Banco di Sardegna Sassari,http://www.euroleague.net/main/results/showgame?gamecode=36&seasoncode=E2015,36,79,63,
2015,TEL,4,L,away,Brose Baskets Bamberg,at Brose Baskets Bamberg,http://www.euroleague.net/main/results/showgame?gamecode=47&seasoncode=E2015,47,77,66,
2015,TEL,5,L,home,Darussafaka Dogus Istanbul,vs Darussafaka Dogus Istanbul,http://www.euroleague.net/main/results/showgame?gamecode=59&seasoncode=E2015,59,73,84,
2015,TEL,6,L,home,CSKA Moscow,vs CSKA Moscow,http://www.euroleague.net/main/results/showgame?gamecode=72&seasoncode=E2015,72,82,88,
2015,TEL,7,L,away,Unicaja Malaga,at Unicaja Malaga,http://www.euroleague.net/main/results/showgame?gamecode=82&seasoncode=E2015,82,82,68,
2015,TEL,8,W,away,Dinamo Banco di Sardegna Sassari,at Dinamo Banco di Sardegna Sassari,http://www.euroleague.net/main/results/showgame?gamecode=96&seasoncode=E2015,96,74,76,
2015,TEL,9,W,home,Brose Baskets Bamberg,vs Brose Baskets Bamberg,http://www.euroleague.net/main/results/showgame?gamecode=107&seasoncode=E2015,107,85,65,
2015,TEL,10,W,away,Darussafaka Dogus Istanbul,at Darussafaka Dogus Istanbul,http://www.euroleague.net/main/results/showgame?gamecode=119&seasoncode=E2015,119,66,70,
2015,OLY,1,W,home,Cedevita Zagreb,vs Cedevita Zagreb,http://www.euroleague.net/main/results/showgame?gamecode=5&seasoncode=E2015,5,76,61,
2015,OLY,2,L,away,Laboral Kutxa Vitoria Gasteiz,at Laboral Kutxa Vitoria Gasteiz,http://www.euroleague.net/main/results/showgame?gamecode=18&seasoncode=E2015,18,96,89,
2015,OLY,3,W,away,EA7 Emporio Armani Milan,at EA7 Emporio Armani Milan,http://www.euroleague.net/main/results/showgame?gamecode=28&seasoncode=E2015,28,66,71,
2015,OLY,4,W,home,Limoges CSP,vs Limoges CSP,http://www.euroleague.net/main/results/showgame?gamecode=42&seasoncode=E2015,42,75,49,
2015,OLY,5,W,away,Anadolu Efes Istanbul,at Anadolu Efes Istanbul,http://www.euroleague.net/main/results/showgame?gamecode=53&seasoncode=E2015,53,87,91,
2015,OLY,6,W,away,Cedevita Zagreb,at Cedevita Zagreb,http://www.euroleague.net/main/results/showgame?gamecode=65&seasoncode=E2015,65,70,83,
2015,OLY,7,W,home,Laboral Kutxa Vitoria Gasteiz,vs Laboral Kutxa Vitoria Gasteiz,http://www.euroleague.net/main/results/showgame?gamecode=78&seasoncode=E2015,78,59,52,
2015,OLY,8,W,home,EA7 Emporio Armani Milan,vs EA7 Emporio Armani Milan,http://www.euroleague.net/main/results/showgame?gamecode=88&seasoncode=E2015,88,73,63,
2015,OLY,9,W,away,Limoges CSP,at Limoges CSP,http://www.euroleague.net/main/results/showgame?gamecode=102&seasoncode=E2015,102,67,76,
2015,OLY,10,L,home,Anadolu Efes Istanbul,vs Anadolu Efes Istanbul,http://www.euroleague.net/main/results/showgame?gamecode=113&seasoncode=E2015,113,68,81,
2015,OLY,11,W,home,FC Barcelona Lassa,vs FC Barcelona Lassa,http://www.euroleague.net/main/results/showgame?gamecode=127&seasoncode=E2015,127,74,62,
2015,OLY,12,W,away,Laboral Kutxa Vitoria Gasteiz,at Laboral Kutxa Vitoria Gasteiz,http://www.euroleague.net/main/results/showgame?gamecode=135&seasoncode=E2015,135,76,82,
2015,OLY,13,L,home,Brose Baskets Bamberg,vs Brose Baskets Bamberg,http://www.euroleague.net/main/results/showgame?gamecode=142&seasoncode=E2015,142,72,77,
2015,OLY,14,L,away,Zalgiris Kaunas,at Zalgiris Kaunas,http://www.euroleague.net/main/results/showgame?gamecode=152&seasoncode=E2015,152,75,55,
2015,OLY,15,L,away,Real Madrid,at Real Madrid,http://www.euroleague.net/main/results/showgame?gamecode=157&seasoncode=E2015,157,84,72,
2015,OLY,16,W,home,Khimki Moscow Region,vs Khimki Moscow Region,http://www.euroleague.net/main/results/showgame?gamecode=168&seasoncode=E2015,168,89,77,
2015,OLY,17,L,away,CSKA Moscow,at CSKA Moscow,http://www.euroleague.net/main/results/showgame?gamecode=174&seasoncode=E2015,174,92,85,
2015,OLY,18,L,away,FC Barcelona Lassa,at FC Barcelona Lassa,http://www.euroleague.net/main/results/showgame?gamecode=183&seasoncode=E2015,183,82,66,
2015,OLY,19,W,home,Laboral Kutxa Vitoria Gasteiz,vs Laboral Kutxa Vitoria Gasteiz,http://www.euroleague.net/main/results/showgame?gamecode=191&seasoncode=E2015,191,82,68,
2015,OLY,20,L,away,Brose Baskets Bamberg,at Brose Baskets Bamberg,http://www.euroleague.net/main/results/showgame?gamecode=198&seasoncode=E2015,198,72,71,
2015,OLY,21,W,home,Zalgiris Kaunas,vs Zalgiris Kaunas,http://www.euroleague.net/main/results/showgame?gamecode=208&seasoncode=E2015,208,74,59,
2015,OLY,22,W,home,Real Madrid,vs Real Madrid,http://www.euroleague.net/main/results/showgame?gamecode=213&seasoncode=E2015,213,99,84,
2015,OLY,23,L,away,Khimki Moscow Region,at Khimki Moscow Region,http://www.euroleague.net/main/results/showgame?gamecode=224&seasoncode=E2015,224,98,66,
2015,OLY,24,L,home,CSKA Moscow,vs CSKA Moscow,http://www.euroleague.net/main/results/showgame?gamecode=230&seasoncode=E2015,230,96,99,
2015,PAN,1,L,away,Lokomotiv Kuban Krasnodar,at Lokomotiv Kuban Krasnodar,http://www.euroleague.net/main/results/showgame?gamecode=8&seasoncode=E2015,8,81,70,
2015,PAN,2,W,home,Pinar Karsiyaka Izmir,vs Pinar Karsiyaka Izmir,http://www.euroleague.net/main/results/showgame?gamecode=20&seasoncode=E2015,20,85,73,
2015,PAN,3,L,away,FC Barcelona Lassa,at FC Barcelona Lassa,http://www.euroleague.net/main/results/showgame?gamecode=33&seasoncode=E2015,33,77,52,
2015,PAN,4,L,away,Stelmet Zielona Gora,at Stelmet Zielona Gora,http://www.euroleague.net/main/results/showgame?gamecode=43&seasoncode=E2015,43,71,68,
2015,PAN,5,W,home,Zalgiris Kaunas,vs Zalgiris Kaunas,http://www.euroleague.net/main/results/showgame?gamecode=57&seasoncode=E2015,57,91,56,
2015,PAN,6,L,home,Lokomotiv Kuban Krasnodar,vs Lokomotiv Kuban Krasnodar,http://www.euroleague.net/main/results/showgame?gamecode=68&seasoncode=E2015,68,71,77,
2015,PAN,7,W,away,Pinar Karsiyaka Izmir,at Pinar Karsiyaka Izmir,http://www.euroleague.net/main/results/showgame?gamecode=80&seasoncode=E2015,80,66,69,
2015,PAN,8,W,home,FC Barcelona Lassa,vs FC Barcelona Lassa,http://www.euroleague.net/main/results/showgame?gamecode=93&seasoncode=E2015,93,93,86,
2015,PAN,9,W,home,Stelmet Zielona Gora,vs Stelmet Zielona Gora,http://www.euroleague.net/main/results/showgame?gamecode=103&seasoncode=E2015,103,82,51,
2015,PAN,10,W,away,Zalgiris Kaunas,at Zalgiris Kaunas,http://www.euroleague.net/main/results/showgame?gamecode=117&seasoncode=E2015,117,72,75,
2015,PAN,11,L,away,Fenerbahce Istanbul,at Fenerbahce Istanbul,http://www.euroleague.net/main/results/showgame?gamecode=124&seasoncode=E2015,124,82,75,
2015,PAN,12,W,home,Unicaja Malaga,vs Unicaja Malaga,http://www.euroleague.net/main/results/showgame?gamecode=129&seasoncode=E2015,129,68,66,
2015,PAN,13,L,home,Crvena Zvezda Telekom Belgrade,vs Crvena Zvezda Telekom Belgrade,http://www.euroleague.net/main/results/showgame?gamecode=140&seasoncode=E2015,140,63,74,
2015,PAN,14,L,away,Lokomotiv Kuban Krasnodar,at Lokomotiv Kuban Krasnodar,http://www.euroleague.net/main/results/showgame?gamecode=146&seasoncode=E2015,146,76,67,
2015,PAN,15,W,home,Darussafaka Dogus Istanbul,vs Darussafaka Dogus Istanbul,http://www.euroleague.net/main/results/showgame?gamecode=155&seasoncode=E2015,155,82,79,
2015,PAN,16,W,away,Cedevita Zagreb,at Cedevita Zagreb,http://www.euroleague.net/main/results/showgame?gamecode=163&seasoncode=E2015,163,60,78,
2015,PAN,17,W,home,Anadolu Efes Istanbul,vs Anadolu Efes Istanbul,http://www.euroleague.net/main/results/showgame?gamecode=170&seasoncode=E2015,170,83,78,
2015,PAN,18,W,home,Fenerbahce Istanbul,vs Fenerbahce Istanbul,http://www.euroleague.net/main/results/showgame?gamecode=180&seasoncode=E2015,180,76,71,
2015,PAN,19,W,away,Unicaja Malaga,at Unicaja Malaga,http://www.euroleague.net/main/results/showgame?gamecode=185&seasoncode=E2015,185,58,76,
2015,PAN,20,L,away,Crvena Zvezda Telekom Belgrade,at Crvena Zvezda Telekom Belgrade,http://www.euroleague.net/main/results/showgame?gamecode=196&seasoncode=E2015,196,69,67,
2015,PAN,21,W,home,Lokomotiv Kuban Krasnodar,vs Lokomotiv Kuban Krasnodar,http://www.euroleague.net/main/results/showgame?gamecode=202&seasoncode=E2015,202,84,79,
2015,PAN,22,W,away,Darussafaka Dogus Istanbul,at Darussafaka Dogus Istanbul,http://www.euroleague.net/main/results/showgame?gamecode=211&seasoncode=E2015,211,84,86,
2015,PAN,23,W,home,Cedevita Zagreb,vs Cedevita Zagreb,http://www.euroleague.net/main/results/showgame?gamecode=219&seasoncode=E2015,219,76,60,
2015,PAN,24,L,away,Anadolu Efes Istanbul,at Anadolu Efes Istanbul,http://www.euroleague.net/main/results/showgame?gamecode=226&seasoncode=E2015,226,91,86,
2015,PAN,25,L,away,Laboral Kutxa Vitoria Gasteiz,at Laboral Kutxa Vitoria Gasteiz,http://www.euroleague.net/main/results/showgame?gamecode=234&seasoncode=E2015,234,84,68,
2015,PAN,26,L,away,Laboral Kutxa Vitoria Gasteiz,at Laboral Kutxa Vitoria Gasteiz,http://www.euroleague.net/main/results/showgame?gamecode=238&seasoncode=E2015,238,82,78,
2015,PAN,27,L,home,Laboral Kutxa Vitoria Gasteiz,vs Laboral Kutxa Vitoria Gasteiz,http://www.euroleague.net/main/results/showgame?gamecode=242&seasoncode=E2015,242,75,84,
2015,KSK,1,W,home,FC Barcelona Lassa,vs FC Barcelona Lassa,http://www.euroleague.net/main/results/showgame?gamecode=9&seasoncode=E2015,9,71,62,
2015,KSK,2,L,away,Panathinaikos Athens,at Panathinaikos Athens,http://www.euroleague.net/main/results/showgame?gamecode=20&seasoncode=E2015,20,85,73,
2015,KSK,3,L,home,Zalgiris Kaunas,vs Zalgiris Kaunas,http://www.euroleague.net/main/results/showgame?gamecode=32&seasoncode=E2015,32,66,68,
2015,KSK,4,L,away,Lokomotiv Kuban Krasnodar,at Lokomotiv Kuban Krasnodar,http://www.euroleague.net/main/results/showgame?gamecode=45&seasoncode=E2015,45,72,53,
2015,KSK,5,W,home,Stelmet Zielona Gora,vs Stelmet Zielona Gora,http://www.euroleague.net/main/results/showgame?gamecode=55&seasoncode=E2015,55,77,66,
2015,KSK,6,L,away,FC Barcelona Lassa,at FC Barcelona Lassa,http://www.euroleague.net/main/results/showgame?gamecode=69&seasoncode=E2015,69,107,79,
2015,KSK,7,L,home,Panathinaikos Athens,vs Panathinaikos Athens,http://www.euroleague.net/main/results/showgame?gamecode=80&seasoncode=E2015,80,66,69,
2015,KSK,8,L,away,Zalgiris Kaunas,at Zalgiris Kaunas,http://www.euroleague.net/main/results/showgame?gamecode=92&seasoncode=E2015,92,74,52,
2015,KSK,9,L,home,Lokomotiv Kuban Krasnodar,vs Lokomotiv Kuban Krasnodar,http://www.euroleague.net/main/results/showgame?gamecode=105&seasoncode=E2015,105,78,88,
2015,KSK,10,W,away,Stelmet Zielona Gora,at Stelmet Zielona Gora,http://www.euroleague.net/main/results/showgame?gamecode=115&seasoncode=E2015,115,81,83,
2015,MAD,1,L,away,Khimki Moscow Region,at Khimki Moscow Region,http://www.euroleague.net/main/results/showgame?gamecode=1&seasoncode=E2015,1,84,70,
2015,MAD,2,W,home,Crvena Zvezda Telekom Belgrade,vs Crvena Zvezda Telekom Belgrade,http://www.euroleague.net/main/results/showgame?gamecode=15&seasoncode=E2015,15,98,71,
2015,MAD,3,L,away,Fenerbahce Istanbul,at Fenerbahce Istanbul,http://www.euroleague.net/main/results/showgame?gamecode=26&seasoncode=E2015,26,77,66,
2015,MAD,4,W,home,FC Bayern Munich,vs FC Bayern Munich,http://www.euroleague.net/main/results/showgame?gamecode=38&seasoncode=E2015,38,101,99,
2015,MAD,5,L,away,Strasbourg,at Strasbourg,http://www.euroleague.net/main/results/showgame?gamecode=51&seasoncode=E2015,51,93,86,
2015,MAD,6,L,home,Khimki Moscow Region,vs Khimki Moscow Region,http://www.euroleague.net/main/results/showgame?gamecode=61&seasoncode=E2015,61,82,85,
2015,MAD,7,L,away,Crvena Zvezda Telekom Belgrade,at Crvena Zvezda Telekom Belgrade,http://www.euroleague.net/main/results/showgame?gamecode=75&seasoncode=E2015,75,94,88,
2015,MAD,8,W,home,Fenerbahce Istanbul,vs Fenerbahce Istanbul,http://www.euroleague.net/main/results/showgame?gamecode=86&seasoncode=E2015,86,80,73,
2015,MAD,9,W,away,FC Bayern Munich,at FC Bayern Munich,http://www.euroleague.net/main/results/showgame?gamecode=98&seasoncode=E2015,98,67,86,
2015,MAD,10,W,home,Strasbourg,vs Strasbourg,http://www.euroleague.net/main/results/showgame?gamecode=111&seasoncode=E2015,111,97,65,
2015,MAD,11,W,home,Brose Baskets Bamberg,vs Brose Baskets Bamberg,http://www.euroleague.net/main/results/showgame?gamecode=125&seasoncode=E2015,125,82,79,
2015,MAD,12,L,away,CSKA Moscow,at CSKA Moscow,http://www.euroleague.net/main/results/showgame?gamecode=133&seasoncode=E2015,133,95,81,
2015,MAD,13,W,home,Zalgiris Kaunas,vs Zalgiris Kaunas,http://www.euroleague.net/main/results/showgame?gamecode=141&seasoncode=E2015,141,92,86,
2015,MAD,14,L,home,FC Barcelona Lassa,vs FC Barcelona Lassa,http://www.euroleague.net/main/results/showgame?gamecode=149&seasoncode=E2015,149,86,87,
2015,MAD,15,W,home,Olympiacos Piraeus,vs Olympiacos Piraeus,http://www.euroleague.net/main/results/showgame?gamecode=157&seasoncode=E2015,157,84,72,
2015,MAD,16,L,home,Laboral Kutxa Vitoria Gasteiz,vs Laboral Kutxa Vitoria Gasteiz,http://www.euroleague.net/main/results/showgame?gamecode=165&seasoncode=E2015,165,68,77,
2015,MAD,17,W,away,Khimki Moscow Region,at Khimki Moscow Region,http://www.euroleague.net/main/results/showgame?gamecode=173&seasoncode=E2015,173,82,93,
2015,MAD,18,W,away,Brose Baskets Bamberg,at Brose Baskets Bamberg,http://www.euroleague.net/main/results/showgame?gamecode=181&seasoncode=E2015,181,86,90,
2015,MAD,19,L,home,CSKA Moscow,vs CSKA Moscow,http://www.euroleague.net/main/results/showgame?gamecode=189&seasoncode=E2015,189,87,96,
2015,MAD,20,W,away,Zalgiris Kaunas,at Zalgiris Kaunas,http://www.euroleague.net/main/results/showgame?gamecode=197&seasoncode=E2015,197,75,90,
2015,MAD,21,L,away,FC Barcelona Lassa,at FC Barcelona Lassa,http://www.euroleague.net/main/results/showgame?gamecode=205&seasoncode=E2015,205,72,65,
2015,MAD,22,L,away,Olympiacos Piraeus,at Olympiacos Piraeus,http://www.euroleague.net/main/results/showgame?gamecode=213&seasoncode=E2015,213,99,84,
2015,MAD,23,L,away,Laboral Kutxa Vitoria Gasteiz,at Laboral Kutxa Vitoria Gasteiz,http://www.euroleague.net/main/results/showgame?gamecode=221&seasoncode=E2015,221,89,88,
2015,MAD,24,W,home,Khimki Moscow Region,vs Khimki Moscow Region,http://www.euroleague.net/main/results/showgame?gamecode=229&seasoncode=E2015,229,83,70,
2015,MAD,25,L,away,Fenerbahce Istanbul,at Fenerbahce Istanbul,http://www.euroleague.net/main/results/showgame?gamecode=233&seasoncode=E2015,233,75,69,
2015,MAD,26,L,away,Fenerbahce Istanbul,at Fenerbahce Istanbul,http://www.euroleague.net/main/results/showgame?gamecode=237&seasoncode=E2015,237,100,78,
2015,MAD,27,L,home,Fenerbahce Istanbul,vs Fenerbahce Istanbul,http://www.euroleague.net/main/results/showgame?gamecode=241&seasoncode=E2015,241,63,75,
2015,GSS,1,L,home,Zalgiris Kaunas,vs Zalgiris Kaunas,http://www.euroleague.net/main/results/showgame?gamecode=7&seasoncode=E2015,7,62,66,
2015,GSS,2,L,away,FC Barcelona Lassa,at FC Barcelona Lassa,http://www.euroleague.net/main/results/showgame?gamecode=19&seasoncode=E2015,19,78,72,
2015,GSS,3,L,home,Lokomotiv Kuban Krasnodar,vs Lokomotiv Kuban Krasnodar,http://www.euroleague.net/main/results/showgame?gamecode=31&seasoncode=E2015,31,75,83,
2015,GSS,4,W,home,Panathinaikos Athens,vs Panathinaikos Athens,http://www.euroleague.net/main/results/showgame?gamecode=43&seasoncode=E2015,43,71,68,
2015,GSS,5,L,away,Pinar Karsiyaka Izmir,at Pinar Karsiyaka Izmir,http://www.euroleague.net/main/results/showgame?gamecode=55&seasoncode=E2015,55,77,66,
2015,GSS,6,L,away,Zalgiris Kaunas,at Zalgiris Kaunas,http://www.euroleague.net/main/results/showgame?gamecode=67&seasoncode=E2015,67,67,56,
2015,GSS,7,L,home,FC Barcelona Lassa,vs FC Barcelona Lassa,http://www.euroleague.net/main/results/showgame?gamecode=79&seasoncode=E2015,79,64,93,
2015,GSS,8,W,away,Lokomotiv Kuban Krasnodar,at Lokomotiv Kuban Krasnodar,http://www.euroleague.net/main/results/showgame?gamecode=91&seasoncode=E2015,91,51,66,
2015,GSS,9,L,away,Panathinaikos Athens,at Panathinaikos Athens,http://www.euroleague.net/main/results/showgame?gamecode=103&seasoncode=E2015,103,82,51,
2015,GSS,10,L,home,Pinar Karsiyaka Izmir,vs Pinar Karsiyaka Izmir,http://www.euroleague.net/main/results/showgame?gamecode=115&seasoncode=E2015,115,81,83,
2015,STR,1,L,away,Crvena Zvezda Telekom Belgrade,at Crvena Zvezda Telekom Belgrade,http://www.euroleague.net/main/results/showgame?gamecode=2&seasoncode=E2015,2,81,59,
2015,STR,2,W,home,Fenerbahce Istanbul,vs Fenerbahce Istanbul,http://www.euroleague.net/main/results/showgame?gamecode=14&seasoncode=E2015,14,91,70,
2015,STR,3,L,away,FC Bayern Munich,at FC Bayern Munich,http://www.euroleague.net/main/results/showgame?gamecode=27&seasoncode=E2015,27,76,61,
2015,STR,4,L,away,Khimki Moscow Region,at Khimki Moscow Region,http://www.euroleague.net/main/results/showgame?gamecode=37&seasoncode=E2015,37,88,62,
2015,STR,5,W,home,Real Madrid,vs Real Madrid,http://www.euroleague.net/main/results/showgame?gamecode=51&seasoncode=E2015,51,93,86,
2015,STR,6,W,home,Crvena Zvezda Telekom Belgrade,vs Crvena Zvezda Telekom Belgrade,http://www.euroleague.net/main/results/showgame?gamecode=62&seasoncode=E2015,62,78,75,
2015,STR,7,L,away,Fenerbahce Istanbul,at Fenerbahce Istanbul,http://www.euroleague.net/main/results/showgame?gamecode=74&seasoncode=E2015,74,81,64,
2015,STR,8,L,home,FC Bayern Munich,vs FC Bayern Munich,http://www.euroleague.net/main/results/showgame?gamecode=87&seasoncode=E2015,87,69,82,
2015,STR,9,L,home,Khimki Moscow Region,vs Khimki Moscow Region,http://www.euroleague.net/main/results/showgame?gamecode=97&seasoncode=E2015,97,69,78,
2015,STR,10,L,away,Real Madrid,at Real Madrid,http://www.euroleague.net/main/results/showgame?gamecode=111&seasoncode=E2015,111,97,65,
2015,MAL,1,W,home,Brose Baskets Bamberg,vs Brose Baskets Bamberg,http://www.euroleague.net/main/results/showgame?gamecode=10&seasoncode=E2015,10,76,71,
2015,MAL,2,W,away,Maccabi FOX Tel Aviv,at Maccabi FOX Tel Aviv,http://www.euroleague.net/main/results/showgame?gamecode=22&seasoncode=E2015,22,82,93,
2015,MAL,3,W,home,Darussafaka Dogus Istanbul,vs Darussafaka Dogus Istanbul,http://www.euroleague.net/main/results/showgame?gamecode=34&seasoncode=E2015,34,81,69,
2015,MAL,4,W,home,Dinamo Banco di Sardegna Sassari,vs Dinamo Banco di Sardegna Sassari,http://www.euroleague.net/main/results/showgame?gamecode=46&seasoncode=E2015,46,80,62,
2015,MAL,5,W,away,CSKA Moscow,at CSKA Moscow,http://www.euroleague.net/main/results/showgame?gamecode=58&seasoncode=E2015,58,78,86,
2015,MAL,6,L,away,Brose Baskets Bamberg,at Brose Baskets Bamberg,http://www.euroleague.net/main/results/showgame?gamecode=70&seasoncode=E2015,70,73,53,
2015,MAL,7,W,home,Maccabi FOX Tel Aviv,vs Maccabi FOX Tel Aviv,http://www.euroleague.net/main/results/showgame?gamecode=82&seasoncode=E2015,82,82,68,
2015,MAL,8,L,away,Darussafaka Dogus Istanbul,at Darussafaka Dogus Istanbul,http://www.euroleague.net/main/results/showgame?gamecode=94&seasoncode=E2015,94,63,57,
2015,MAL,9,W,away,Dinamo Banco di Sardegna Sassari,at Dinamo Banco di Sardegna Sassari,http://www.euroleague.net/main/results/showgame?gamecode=106&seasoncode=E2015,106,65,77,
2015,MAL,10,L,home,CSKA Moscow,vs CSKA Moscow,http://www.euroleague.net/main/results/showgame?gamecode=118&seasoncode=E2015,118,76,88,
2015,MAL,11,W,home,Darussafaka Dogus Istanbul,vs Darussafaka Dogus Istanbul,http://www.euroleague.net/main/results/showgame?gamecode=121&seasoncode=E2015,121,70,62,
2015,MAL,12,L,away,Panathinaikos Athens,at Panathinaikos Athens,http://www.euroleague.net/main/results/showgame?gamecode=129&seasoncode=E2015,129,68,66,
2015,MAL,13,W,home,Cedevita Zagreb,vs Cedevita Zagreb,http://www.euroleague.net/main/results/showgame?gamecode=137&seasoncode=E2015,137,90,67,
2015,MAL,14,L,away,Crvena Zvezda Telekom Belgrade,at Crvena Zvezda Telekom Belgrade,http://www.euroleague.net/main/results/showgame?gamecode=145&seasoncode=E2015,145,87,73,
2015,MAL,15,L,home,Anadolu Efes Istanbul,vs Anadolu Efes Istanbul,http://www.euroleague.net/main/results/showgame?gamecode=153&seasoncode=E2015,153,75,85,
2015,MAL,16,L,home,Lokomotiv Kuban Krasnodar,vs Lokomotiv Kuban Krasnodar,http://www.euroleague.net/main/results/showgame?gamecode=161&seasoncode=E2015,161,64,82,
2015,MAL,17,L,away,Fenerbahce Istanbul,at Fenerbahce Istanbul,http://www.euroleague.net/main/results/showgame?gamecode=169&seasoncode=E2015,169,80,59,
2015,MAL,18,L,away,Darussafaka Dogus Istanbul,at Darussafaka Dogus Istanbul,http://www.euroleague.net/main/results/showgame?gamecode=177&seasoncode=E2015,177,78,55,
2015,MAL,19,L,home,Panathinaikos Athens,vs Panathinaikos Athens,http://www.euroleague.net/main/results/showgame?gamecode=185&seasoncode=E2015,185,58,76,
2015,MAL,20,W,away,Cedevita Zagreb,at Cedevita Zagreb,http://www.euroleague.net/main/results/showgame?gamecode=193&seasoncode=E2015,193,78,91,
2015,MAL,21,L,home,Crvena Zvezda Telekom Belgrade,vs Crvena Zvezda Telekom Belgrade,http://www.euroleague.net/main/results/showgame?gamecode=201&seasoncode=E2015,201,72,78,
2015,MAL,22,L,away,Anadolu Efes Istanbul,at Anadolu Efes Istanbul,http://www.euroleague.net/main/results/showgame?gamecode=209&seasoncode=E2015,209,87,67,
2015,MAL,23,L,away,Lokomotiv Kuban Krasnodar,at Lokomotiv Kuban Krasnodar,http://www.euroleague.net/main/results/showgame?gamecode=217&seasoncode=E2015,217,81,60,
2015,MAL,24,W,home,Fenerbahce Istanbul,vs Fenerbahce Istanbul,http://www.euroleague.net/main/results/showgame?gamecode=225&seasoncode=E2015,225,71,67,
2015,ZAL,1,W,away,Stelmet Zielona Gora,at Stelmet Zielona Gora,http://www.euroleague.net/main/results/showgame?gamecode=7&seasoncode=E2015,7,62,66,
2015,ZAL,2,L,home,Lokomotiv Kuban Krasnodar,vs Lokomotiv Kuban Krasnodar,http://www.euroleague.net/main/results/showgame?gamecode=21&seasoncode=E2015,21,74,76,
2015,ZAL,3,W,away,Pinar Karsiyaka Izmir,at Pinar Karsiyaka Izmir,http://www.euroleague.net/main/results/showgame?gamecode=32&seasoncode=E2015,32,66,68,
2015,ZAL,4,L,home,FC Barcelona Lassa,vs FC Barcelona Lassa,http://www.euroleague.net/main/results/showgame?gamecode=44&seasoncode=E2015,44,78,85,
2015,ZAL,5,L,away,Panathinaikos Athens,at Panathinaikos Athens,http://www.euroleague.net/main/results/showgame?gamecode=57&seasoncode=E2015,57,91,56,
2015,ZAL,6,W,home,Stelmet Zielona Gora,vs Stelmet Zielona Gora,http://www.euroleague.net/main/results/showgame?gamecode=67&seasoncode=E2015,67,67,56,
2015,ZAL,7,L,away,Lokomotiv Kuban Krasnodar,at Lokomotiv Kuban Krasnodar,http://www.euroleague.net/main/results/showgame?gamecode=81&seasoncode=E2015,81,80,50,
2015,ZAL,8,W,home,Pinar Karsiyaka Izmir,vs Pinar Karsiyaka Izmir,http://www.euroleague.net/main/results/showgame?gamecode=92&seasoncode=E2015,92,74,52,
2015,ZAL,9,W,away,FC Barcelona Lassa,at FC Barcelona Lassa,http://www.euroleague.net/main/results/showgame?gamecode=104&seasoncode=E2015,104,88,92,
2015,ZAL,10,L,home,Panathinaikos Athens,vs Panathinaikos Athens,http://www.euroleague.net/main/results/showgame?gamecode=117&seasoncode=E2015,117,72,75,
2015,ZAL,11,L,home,Laboral Kutxa Vitoria Gasteiz,vs Laboral Kutxa Vitoria Gasteiz,http://www.euroleague.net/main/results/showgame?gamecode=126&seasoncode=E2015,126,68,89,
2015,ZAL,12,L,away,Brose Baskets Bamberg,at Brose Baskets Bamberg,http://www.euroleague.net/main/results/showgame?gamecode=136&seasoncode=E2015,136,96,63,
2015,ZAL,13,L,away,Real Madrid,at Real Madrid,http://www.euroleague.net/main/results/showgame?gamecode=141&seasoncode=E2015,141,92,86,
2015,ZAL,14,W,home,Olympiacos Piraeus,vs Olympiacos Piraeus,http://www.euroleague.net/main/results/showgame?gamecode=152&seasoncode=E2015,152,75,55,
2015,ZAL,15,L,away,Khimki Moscow Region,at Khimki Moscow Region,http://www.euroleague.net/main/results/showgame?gamecode=158&seasoncode=E2015,158,111,80,
2015,ZAL,16,L,home,CSKA Moscow,vs CSKA Moscow,http://www.euroleague.net/main/results/showgame?gamecode=167&seasoncode=E2015,167,59,94,
2015,ZAL,17,L,away,FC Barcelona Lassa,at FC Barcelona Lassa,http://www.euroleague.net/main/results/showgame?gamecode=175&seasoncode=E2015,175,92,86,
2015,ZAL,18,L,away,Laboral Kutxa Vitoria Gasteiz,at Laboral Kutxa Vitoria Gasteiz,http://www.euroleague.net/main/results/showgame?gamecode=182&seasoncode=E2015,182,71,65,
2015,ZAL,19,W,home,Brose Baskets Bamberg,vs Brose Baskets Bamberg,http://www.euroleague.net/main/results/showgame?gamecode=192&seasoncode=E2015,192,75,73,
2015,ZAL,20,L,home,Real Madrid,vs Real Madrid,http://www.euroleague.net/main/results/showgame?gamecode=197&seasoncode=E2015,197,75,90,
2015,ZAL,21,L,away,Olympiacos Piraeus,at Olympiacos Piraeus,http://www.euroleague.net/main/results/showgame?gamecode=208&seasoncode=E2015,208,74,59,
2015,ZAL,22,L,home,Khimki Moscow Region,vs Khimki Moscow Region,http://www.euroleague.net/main/results/showgame?gamecode=214&seasoncode=E2015,214,71,76,
2015,ZAL,23,L,away,CSKA Moscow,at CSKA Moscow,http://www.euroleague.net/main/results/showgame?gamecode=223&seasoncode=E2015,223,100,86,
2015,ZAL,24,L,home,FC Barcelona Lassa,vs FC Barcelona Lassa,http://www.euroleague.net/main/results/showgame?gamecode=231&seasoncode=E2015,231,59,66,
